PriorityRank,TicketID,Numbers
1,TK-00001,"01 11 13 19 22 27"
2,TK-00002,"01 07 12 18 25 27"
3,TK-00003,"01 06 10 15 24 27"
4,TK-00004,"01 04 09 14 25 27"
5,TK-00005,"01 05 08 13 14 27"
6,TK-00006,"01 08 13 15 24 26"
7,TK-00007,"01 09 13 15 24 26"
8,TK-00008,"01 11 17 19 25 26"
9,TK-00009,"01 03 11 15 17 26"
10,TK-00010,"01 19 21 23 24 26"
11,TK-00011,"01 04 07 10 12 27"
12,TK-00012,"01 03 13 14 18 26"
13,TK-00013,"01 05 07 20 22 27"
14,TK-00014,"01 17 19 20 25 26"
15,TK-00015,"01 06 10 16 21 27"
16,TK-00016,"01 15 19 22 23 26"
17,TK-00017,"01 02 04 08 12 27"
18,TK-00018,"01 11 14 17 18 26"
19,TK-00019,"02 11 13 15 22 27"
20,TK-00020,"02 11 13 15 23 27"
21,TK-00021,"02 08 13 18 24 27"
22,TK-00022,"02 03 13 19 25 27"
23,TK-00023,"02 08 15 18 24 27"
24,TK-00024,"01 09 12 18 23 26"
25,TK-00025,"01 19 20 21 23 26"
26,TK-00026,"01 06 11 20 21 26"
27,TK-00027,"01 06 09 21 24 26"
28,TK-00028,"01 08 18 20 25 26"
29,TK-00029,"01 04 10 16 21 27"
30,TK-00030,"01 06 11 14 22 26"
31,TK-00031,"01 08 12 14 18 26"
32,TK-00032,"01 07 12 17 22 27"
33,TK-00033,"02 06 11 19 26 27"
34,TK-00034,"02 06 11 15 21 27"
35,TK-00035,"02 07 13 17 24 27"
36,TK-00036,"01 03 07 15 23 26"
37,TK-00037,"02 07 19 25 26 27"
38,TK-00038,"01 08 09 15 17 26"
39,TK-00039,"02 04 12 19 25 27"
40,TK-00040,"02 09 13 17 19 27"
41,TK-00041,"02 07 09 15 25 27"
42,TK-00042,"02 11 22 24 26 27"
43,TK-00043,"02 04 07 15 19 27"
44,TK-00044,"01 05 15 21 24 26"
45,TK-00045,"02 04 11 14 25 27"
46,TK-00046,"01 13 18 21 23 26"
47,TK-00047,"01 06 13 16 24 26"
48,TK-00048,"02 13 14 19 26 27"
49,TK-00049,"01 04 05 08 22 27"
50,TK-00050,"02 12 13 15 20 27"
51,TK-00051,"02 06 14 24 25 27"
52,TK-00052,"01 11 16 19 22 26"
53,TK-00053,"02 15 21 22 24 27"
54,TK-00054,"01 05 08 15 18 26"
55,TK-00055,"02 04 13 15 20 27"
56,TK-00056,"01 07 12 17 23 26"
57,TK-00057,"01 04 07 21 22 26"
58,TK-00058,"01 04 08 20 22 26"
59,TK-00059,"01 12 17 20 21 26"
60,TK-00060,"01 03 06 16 17 27"
61,TK-00061,"02 15 17 22 23 27"
62,TK-00062,"02 06 18 21 22 27"
63,TK-00063,"01 07 10 13 17 26"
64,TK-00064,"01 05 11 17 22 26"
65,TK-00065,"01 05 07 09 24 26"
66,TK-00066,"02 04 06 14 19 27"
67,TK-00067,"02 03 12 18 26 27"
68,TK-00068,"02 04 08 11 14 27"
69,TK-00069,"01 03 16 22 24 26"
70,TK-00070,"02 08 15 17 20 27"
71,TK-00071,"01 06 10 18 21 26"
72,TK-00072,"02 08 15 20 23 27"
73,TK-00073,"02 03 21 23 25 27"
74,TK-00074,"02 13 14 17 20 27"
75,TK-00075,"02 09 11 12 14 27"
76,TK-00076,"02 04 14 17 18 27"
77,TK-00077,"01 06 07 11 13 26"
78,TK-00078,"02 03 04 08 25 27"
79,TK-00079,"02 03 08 09 11 27"
80,TK-00080,"02 03 07 20 24 27"
81,TK-00081,"02 03 08 11 20 27"
82,TK-00082,"01 06 10 17 24 26"
83,TK-00083,"02 12 14 17 24 27"
84,TK-00084,"01 03 10 12 19 26"
85,TK-00085,"02 07 09 11 23 27"
86,TK-00086,"02 03 17 19 21 27"
87,TK-00087,"01 05 09 20 25 26"
88,TK-00088,"02 19 21 22 23 27"
89,TK-00089,"01 07 13 17 25 26"
90,TK-00090,"01 05 10 18 25 26"
91,TK-00091,"02 05 11 15 23 27"
92,TK-00092,"02 04 11 16 18 27"
93,TK-00093,"02 08 10 15 24 27"
94,TK-00094,"01 13 19 20 22 26"
95,TK-00095,"02 08 11 16 24 27"
96,TK-00096,"02 06 16 19 25 27"
97,TK-00097,"02 03 16 18 24 27"
98,TK-00098,"01 04 10 14 22 26"
99,TK-00099,"01 06 12 16 23 26"
100,TK-00100,"02 06 12 17 23 27"
101,TK-00101,"01 10 12 14 21 26"
102,TK-00102,"01 10 12 14 22 26"
103,TK-00103,"02 10 15 21 24 27"
104,TK-00104,"02 07 08 12 14 27"
105,TK-00105,"01 14 16 21 22 26"
106,TK-00106,"01 12 16 22 23 26"
107,TK-00107,"02 06 20 22 23 27"
108,TK-00108,"01 08 13 15 16 26"
109,TK-00109,"01 06 10 17 21 26"
110,TK-00110,"01 06 12 14 16 26"
111,TK-00111,"02 03 04 07 14 27"
112,TK-00112,"01 05 08 09 14 26"
113,TK-00113,"02 14 17 22 23 27"
114,TK-00114,"01 05 12 21 22 26"
115,TK-00115,"01 06 09 16 22 26"
116,TK-00116,"02 12 20 22 23 27"
117,TK-00117,"01 16 17 20 21 26"
118,TK-00118,"01 11 13 14 17 26"
119,TK-00119,"01 03 16 20 22 26"
120,TK-00120,"01 05 18 20 25 27"
121,TK-00121,"01 03 04 10 18 27"
122,TK-00122,"01 06 08 16 20 26"
123,TK-00123,"02 09 14 16 25 27"
124,TK-00124,"02 04 12 16 18 27"
125,TK-00125,"02 03 11 16 22 27"
126,TK-00126,"02 10 19 22 23 27"
127,TK-00127,"02 09 10 12 18 27"
128,TK-00128,"02 03 12 16 18 27"
129,TK-00129,"02 10 12 20 25 27"
130,TK-00130,"02 06 07 10 18 27"
131,TK-00131,"02 05 08 15 22 27"
132,TK-00132,"02 09 10 11 22 27"
133,TK-00133,"02 08 14 16 24 27"
134,TK-00134,"01 04 19 24 25 27"
135,TK-00135,"02 09 10 12 13 27"
136,TK-00136,"02 10 15 16 24 27"
137,TK-00137,"02 10 11 16 25 27"
138,TK-00138,"01 05 10 14 20 26"
139,TK-00139,"02 04 14 16 22 27"
140,TK-00140,"01 05 14 16 23 26"
141,TK-00141,"02 03 04 05 23 27"
142,TK-00142,"01 03 04 19 25 27"
143,TK-00143,"02 05 06 12 23 27"
144,TK-00144,"02 07 08 14 16 27"
145,TK-00145,"01 04 05 06 11 27"
146,TK-00146,"01 07 13 18 24 25"
147,TK-00147,"01 06 11 13 15 25"
148,TK-00148,"01 06 13 19 24 25"
149,TK-00149,"01 07 11 19 23 25"
150,TK-00150,"01 06 07 11 13 25"
151,TK-00151,"01 07 13 20 24 25"
152,TK-00152,"01 11 12 13 22 25"
153,TK-00153,"01 13 15 17 20 25"
154,TK-00154,"03 09 13 18 19 27"
155,TK-00155,"01 06 14 15 18 25"
156,TK-00156,"03 11 13 19 26 27"
157,TK-00157,"03 15 19 20 25 27"
158,TK-00158,"01 07 18 19 20 25"
159,TK-00159,"01 11 12 19 20 25"
160,TK-00160,"01 08 09 15 24 25"
161,TK-00161,"01 04 06 15 24 25"
162,TK-00162,"01 05 11 13 24 25"
163,TK-00163,"03 09 13 21 25 27"
164,TK-00164,"01 03 08 14 18 25"
165,TK-00165,"03 08 09 13 15 27"
166,TK-00166,"01 03 09 14 19 25"
167,TK-00167,"01 12 14 21 24 25"
168,TK-00168,"01 06 07 09 19 25"
169,TK-00169,"01 06 12 17 19 25"
170,TK-00170,"01 09 13 14 23 25"
171,TK-00171,"03 04 17 18 24 27"
172,TK-00172,"03 15 17 20 25 27"
173,TK-00173,"03 06 07 15 18 27"
174,TK-00174,"03 04 11 22 24 27"
175,TK-00175,"03 21 23 24 25 27"
176,TK-00176,"01 08 11 20 21 25"
177,TK-00177,"02 12 16 21 22 27"
178,TK-00178,"01 04 06 07 15 25"
179,TK-00179,"03 12 13 19 21 27"
180,TK-00180,"01 08 09 12 19 25"
181,TK-00181,"01 06 20 22 24 25"
182,TK-00182,"03 04 07 18 19 27"
183,TK-00183,"03 08 12 18 24 27"
184,TK-00184,"01 06 09 12 18 25"
185,TK-00185,"01 07 09 21 24 25"
186,TK-00186,"03 11 15 17 20 27"
187,TK-00187,"03 04 14 18 25 27"
188,TK-00188,"03 13 22 23 25 27"
189,TK-00189,"01 09 15 22 23 25"
190,TK-00190,"03 11 17 21 24 27"
191,TK-00191,"03 08 09 18 24 27"
192,TK-00192,"01 06 12 14 19 25"
193,TK-00193,"01 05 15 21 24 25"
194,TK-00194,"02 15 18 19 20 26"
195,TK-00195,"03 12 19 25 26 27"
196,TK-00196,"01 02 13 18 20 25"
197,TK-00197,"02 04 08 10 26 27"
198,TK-00198,"02 13 18 21 25 26"
199,TK-00199,"01 04 15 16 18 25"
200,TK-00200,"01 05 13 18 21 25"
201,TK-00201,"03 08 14 18 22 27"
202,TK-00202,"03 09 15 20 26 27"
203,TK-00203,"03 09 15 22 26 27"
204,TK-00204,"01 08 17 20 22 25"
205,TK-00205,"03 06 11 14 17 27"
206,TK-00206,"03 06 07 12 18 27"
207,TK-00207,"03 09 11 14 20 27"
208,TK-00208,"03 12 13 20 21 27"
209,TK-00209,"01 06 07 14 22 25"
210,TK-00210,"03 09 12 19 20 27"
211,TK-00211,"01 04 08 14 22 25"
212,TK-00212,"03 08 11 17 26 27"
213,TK-00213,"03 08 15 23 26 27"
214,TK-00214,"03 06 07 23 25 27"
215,TK-00215,"01 03 04 06 09 25"
216,TK-00216,"01 03 12 21 22 25"
217,TK-00217,"03 09 13 20 22 27"
218,TK-00218,"03 06 08 14 24 27"
219,TK-00219,"03 08 17 23 25 27"
220,TK-00220,"02 08 14 19 25 26"
221,TK-00221,"01 05 07 23 24 25"
222,TK-00222,"01 10 11 20 22 25"
223,TK-00223,"02 04 09 18 19 26"
224,TK-00224,"03 04 05 13 15 27"
225,TK-00225,"02 13 15 17 21 26"
226,TK-00226,"01 04 07 16 24 25"
227,TK-00227,"03 06 13 16 18 27"
228,TK-00228,"03 04 05 15 18 27"
229,TK-00229,"01 02 17 19 24 26"
230,TK-00230,"02 08 14 19 24 26"
231,TK-00231,"01 02 13 21 22 25"
232,TK-00232,"03 04 16 18 24 27"
233,TK-00233,"02 07 13 23 25 26"
234,TK-00234,"03 07 13 16 18 27"
235,TK-00235,"02 04 11 14 15 26"
236,TK-00236,"03 09 10 13 18 27"
237,TK-00237,"01 07 10 11 21 25"
238,TK-00238,"01 08 10 12 15 25"
239,TK-00239,"01 03 05 15 21 25"
240,TK-00240,"02 09 12 15 25 26"
241,TK-00241,"01 02 06 20 23 26"
242,TK-00242,"02 04 08 13 18 26"
243,TK-00243,"01 08 09 15 16 25"
244,TK-00244,"01 11 16 17 23 25"
245,TK-00245,"01 02 06 12 24 25"
246,TK-00246,"02 09 18 23 24 26"
247,TK-00247,"02 07 14 23 26 27"
248,TK-00248,"02 15 16 18 19 26"
249,TK-00249,"03 06 09 20 22 27"
250,TK-00250,"03 04 12 22 23 27"
251,TK-00251,"02 08 12 20 24 26"
252,TK-00252,"01 06 12 16 20 25"
253,TK-00253,"02 07 13 17 21 26"
254,TK-00254,"02 08 14 21 25 26"
255,TK-00255,"02 04 06 09 15 26"
256,TK-00256,"03 04 10 21 25 27"
257,TK-00257,"03 05 07 08 11 27"
258,TK-00258,"01 06 07 12 16 25"
259,TK-00259,"01 07 14 16 23 25"
260,TK-00260,"03 05 09 13 20 27"
261,TK-00261,"03 10 12 19 26 27"
262,TK-00262,"02 12 17 19 20 26"
263,TK-00263,"01 04 07 10 23 25"
264,TK-00264,"02 07 11 12 20 26"
265,TK-00265,"01 02 08 13 17 25"
266,TK-00266,"03 07 09 10 19 27"
267,TK-00267,"03 08 09 16 18 27"
268,TK-00268,"02 06 17 20 24 26"
269,TK-00269,"02 06 12 23 25 26"
270,TK-00270,"02 03 07 18 21 26"
271,TK-00271,"01 05 06 14 22 25"
272,TK-00272,"03 10 11 14 26 27"
273,TK-00273,"01 04 06 08 10 25"
274,TK-00274,"01 06 10 17 20 25"
275,TK-00275,"02 03 04 23 24 26"
276,TK-00276,"01 04 08 12 16 25"
277,TK-00277,"02 04 09 13 21 26"
278,TK-00278,"03 06 10 18 23 27"
279,TK-00279,"03 06 16 18 26 27"
280,TK-00280,"03 05 06 12 18 27"
281,TK-00281,"02 07 08 13 17 26"
282,TK-00282,"03 06 16 19 26 27"
283,TK-00283,"01 05 10 19 22 25"
284,TK-00284,"02 05 06 15 18 26"
285,TK-00285,"02 07 13 16 18 26"
286,TK-00286,"01 02 15 16 21 25"
287,TK-00287,"01 02 04 05 13 25"
288,TK-00288,"02 05 11 22 25 26"
289,TK-00289,"02 11 16 21 24 26"
290,TK-00290,"02 09 11 16 19 26"
291,TK-00291,"03 10 11 15 16 27"
292,TK-00292,"02 10 11 19 21 26"
293,TK-00293,"02 07 08 12 14 26"
294,TK-00294,"03 05 08 20 22 27"
295,TK-00295,"03 04 06 16 21 27"
296,TK-00296,"02 03 04 08 23 26"
297,TK-00297,"02 04 06 17 23 26"
298,TK-00298,"02 17 20 21 23 26"
299,TK-00299,"03 12 14 16 22 27"
300,TK-00300,"02 06 14 17 20 26"
301,TK-00301,"03 08 09 10 17 27"
302,TK-00302,"02 03 06 07 17 26"
303,TK-00303,"02 04 09 12 20 26"
304,TK-00304,"02 04 10 15 20 26"
305,TK-00305,"03 05 11 16 21 27"
306,TK-00306,"02 06 10 12 25 26"
307,TK-00307,"02 05 19 20 22 26"
308,TK-00308,"02 10 14 17 25 26"
309,TK-00309,"01 06 10 16 22 25"
310,TK-00310,"02 05 07 11 20 26"
311,TK-00311,"02 06 08 11 16 26"
312,TK-00312,"03 04 05 10 18 27"
313,TK-00313,"02 16 17 23 25 26"
314,TK-00314,"01 05 07 08 10 25"
315,TK-00315,"02 05 12 14 15 26"
316,TK-00316,"02 06 08 10 11 26"
317,TK-00317,"01 04 10 16 17 25"
318,TK-00318,"02 04 07 10 24 26"
319,TK-00319,"02 05 14 15 17 26"
320,TK-00320,"03 05 10 15 20 27"
321,TK-00321,"02 06 09 10 20 26"
322,TK-00322,"02 06 07 14 16 26"
323,TK-00323,"01 09 13 15 18 24"
324,TK-00324,"01 07 13 15 19 24"
325,TK-00325,"01 08 11 13 18 24"
326,TK-00326,"01 13 15 18 20 24"
327,TK-00327,"03 11 13 15 18 26"
328,TK-00328,"04 09 13 19 25 27"
329,TK-00329,"01 07 12 18 19 24"
330,TK-00330,"01 03 04 11 19 24"
331,TK-00331,"01 03 07 15 19 24"
332,TK-00332,"03 04 15 18 19 26"
333,TK-00333,"04 11 12 15 19 27"
334,TK-00334,"04 11 18 20 25 27"
335,TK-00335,"01 07 08 11 18 24"
336,TK-00336,"03 11 17 18 25 26"
337,TK-00337,"03 11 18 19 20 26"
338,TK-00338,"01 03 12 13 18 24"
339,TK-00339,"04 19 20 24 25 27"
340,TK-00340,"03 06 11 18 24 26"
341,TK-00341,"02 11 13 20 24 25"
342,TK-00342,"02 06 11 15 19 25"
343,TK-00343,"04 09 17 24 25 27"
344,TK-00344,"04 06 09 15 19 27"
345,TK-00345,"03 11 15 17 20 26"
346,TK-00346,"03 08 12 18 24 26"
347,TK-00347,"01 07 12 18 22 24"
348,TK-00348,"04 06 15 17 19 27"
349,TK-00349,"03 04 07 13 19 26"
350,TK-00350,"01 04 18 21 22 24"
351,TK-00351,"01 11 12 17 21 24"
352,TK-00352,"01 04 14 19 22 24"
353,TK-00353,"03 12 13 15 23 26"
354,TK-00354,"01 03 06 19 23 24"
355,TK-00355,"01 08 12 18 21 24"
356,TK-00356,"01 05 14 22 23 27"
357,TK-00357,"04 15 18 20 21 27"
358,TK-00358,"04 08 12 15 19 27"
359,TK-00359,"01 04 07 11 17 24"
360,TK-00360,"01 15 21 22 23 24"
361,TK-00361,"03 11 19 21 22 26"
362,TK-00362,"01 14 15 17 20 24"
363,TK-00363,"04 13 18 21 22 27"
364,TK-00364,"01 03 04 09 15 24"
365,TK-00365,"04 06 11 18 23 27"
366,TK-00366,"04 08 12 19 25 27"
367,TK-00367,"01 06 09 13 21 24"
368,TK-00368,"04 11 13 22 26 27"
369,TK-00369,"03 12 13 19 21 26"
370,TK-00370,"04 12 15 19 22 27"
371,TK-00371,"03 14 15 18 22 26"
372,TK-00372,"04 06 13 23 24 27"
373,TK-00373,"01 12 14 19 22 24"
374,TK-00374,"03 13 17 19 20 26"
375,TK-00375,"04 07 17 19 25 27"
376,TK-00376,"01 05 07 08 17 27"
377,TK-00377,"04 06 11 17 24 27"
378,TK-00378,"03 07 19 22 24 26"
379,TK-00379,"01 03 07 11 21 24"
380,TK-00380,"02 06 11 14 19 25"
381,TK-00381,"02 08 13 19 20 25"
382,TK-00382,"02 08 13 19 23 25"
383,TK-00383,"02 04 17 19 24 25"
384,TK-00384,"02 03 04 13 15 25"
385,TK-00385,"02 04 11 14 15 25"
386,TK-00386,"01 05 13 15 23 24"
387,TK-00387,"02 04 11 13 23 25"
388,TK-00388,"02 15 18 22 23 25"
389,TK-00389,"04 05 11 13 24 27"
390,TK-00390,"02 03 04 18 24 25"
391,TK-00391,"04 10 11 24 25 27"
392,TK-00392,"01 05 12 21 23 27"
393,TK-00393,"03 10 11 15 25 26"
394,TK-00394,"01 06 13 15 16 24"
395,TK-00395,"02 08 13 19 21 25"
396,TK-00396,"01 03 05 11 15 24"
397,TK-00397,"01 10 15 18 23 24"
398,TK-00398,"01 09 14 21 23 27"
399,TK-00399,"01 06 14 21 22 24"
400,TK-00400,"01 06 09 14 20 24"
401,TK-00401,"03 07 12 15 20 26"
402,TK-00402,"03 09 15 17 21 26"
403,TK-00403,"03 09 14 20 24 26"
404,TK-00404,"04 06 18 21 26 27"
405,TK-00405,"04 06 19 21 26 27"
406,TK-00406,"03 11 17 20 23 26"
407,TK-00407,"04 22 23 24 26 27"
408,TK-00408,"04 06 09 20 24 27"
409,TK-00409,"01 07 09 14 21 24"
410,TK-00410,"04 08 09 15 21 27"
411,TK-00411,"03 07 08 15 23 26"
412,TK-00412,"03 09 15 22 23 26"
413,TK-00413,"03 04 14 18 20 26"
414,TK-00414,"03 06 08 09 19 26"
415,TK-00415,"03 12 13 17 22 26"
416,TK-00416,"04 07 08 14 25 27"
417,TK-00417,"03 06 15 17 22 26"
418,TK-00418,"01 05 07 19 22 27"
419,TK-00419,"04 17 19 20 26 27"
420,TK-00420,"03 04 07 09 24 26"
421,TK-00421,"03 04 06 18 20 26"
422,TK-00422,"03 07 20 21 25 26"
423,TK-00423,"01 03 14 20 23 24"
424,TK-00424,"03 04 12 17 18 26"
425,TK-00425,"04 06 11 17 20 27"
426,TK-00426,"03 08 09 19 21 26"
427,TK-00427,"03 04 15 20 22 26"
428,TK-00428,"03 07 11 12 22 26"
429,TK-00429,"02 07 15 22 23 25"
430,TK-00430,"02 04 07 13 17 25"
431,TK-00431,"02 07 11 17 23 25"
432,TK-00432,"02 09 12 14 19 25"
433,TK-00433,"03 10 13 15 20 26"
434,TK-00434,"02 04 08 14 19 25"
435,TK-00435,"04 10 15 21 25 27"
436,TK-00436,"01 03 16 18 23 24"
437,TK-00437,"03 05 18 20 25 26"
438,TK-00438,"02 03 06 12 18 25"
439,TK-00439,"04 09 13 15 16 27"
440,TK-00440,"03 14 16 18 25 26"
441,TK-00441,"03 13 16 21 24 26"
442,TK-00442,"01 05 08 11 20 24"
443,TK-00443,"03 05 23 24 25 26"
444,TK-00444,"02 03 12 18 20 25"
445,TK-00445,"04 10 12 13 25 27"
446,TK-00446,"01 05 08 15 23 24"
447,TK-00447,"01 09 14 16 19 24"
448,TK-00448,"01 07 11 16 21 24"
449,TK-00449,"01 10 19 22 23 27"
450,TK-00450,"03 05 12 24 25 26"
451,TK-00451,"04 13 16 20 25 27"
452,TK-00452,"02 09 14 19 20 25"
453,TK-00453,"04 05 12 15 18 27"
454,TK-00454,"01 04 05 07 19 24"
455,TK-00455,"02 04 06 15 23 25"
456,TK-00456,"01 02 06 17 18 24"
457,TK-00457,"02 04 09 12 24 25"
458,TK-00458,"02 03 11 14 21 25"
459,TK-00459,"01 10 14 15 20 24"
460,TK-00460,"02 04 06 22 24 25"
461,TK-00461,"01 05 14 15 20 24"
462,TK-00462,"04 07 10 13 25 27"
463,TK-00463,"02 04 07 08 19 25"
464,TK-00464,"03 07 11 16 25 26"
465,TK-00465,"01 03 11 14 16 24"
466,TK-00466,"01 03 06 10 15 24"
467,TK-00467,"01 05 10 13 18 24"
468,TK-00468,"02 04 16 19 24 25"
469,TK-00469,"02 03 05 11 13 25"
470,TK-00470,"02 04 10 13 19 25"
471,TK-00471,"04 09 12 17 23 27"
472,TK-00472,"03 09 14 20 21 26"
473,TK-00473,"03 08 09 22 23 26"
474,TK-00474,"03 07 09 14 21 26"
475,TK-00475,"03 12 20 21 23 26"
476,TK-00476,"03 06 14 17 22 26"
477,TK-00477,"03 17 20 22 23 26"
478,TK-00478,"03 04 06 08 20 26"
479,TK-00479,"03 08 16 23 24 26"
480,TK-00480,"01 03 06 12 16 24"
481,TK-00481,"03 05 08 14 18 26"
482,TK-00482,"04 12 16 18 21 27"
483,TK-00483,"03 08 11 16 22 26"
484,TK-00484,"04 08 13 16 21 27"
485,TK-00485,"04 10 15 21 22 27"
486,TK-00486,"04 11 14 16 21 27"
487,TK-00487,"03 05 09 15 20 26"
488,TK-00488,"01 03 12 14 16 24"
489,TK-00489,"03 05 17 20 25 26"
490,TK-00490,"01 02 08 09 14 24"
491,TK-00491,"02 06 07 20 21 25"
492,TK-00492,"01 10 12 20 23 24"
493,TK-00493,"03 08 16 19 23 26"
494,TK-00494,"01 02 12 21 22 24"
495,TK-00495,"01 07 08 10 20 24"
496,TK-00496,"01 02 06 08 09 24"
497,TK-00497,"01 07 17 22 23 27"
498,TK-00498,"01 03 04 05 07 24"
499,TK-00499,"01 05 06 13 23 27"
500,TK-00500,"03 09 10 18 23 26"
501,TK-00501,"04 05 13 14 22 27"
502,TK-00502,"02 03 14 20 22 25"
503,TK-00503,"02 03 14 22 23 25"
504,TK-00504,"02 09 12 17 22 25"
505,TK-00505,"04 06 10 22 24 27"
506,TK-00506,"01 02 06 14 21 24"
507,TK-00507,"04 08 10 22 25 27"
508,TK-00508,"01 07 10 14 21 24"
509,TK-00509,"04 08 10 15 20 27"
510,TK-00510,"03 05 06 11 14 26"
511,TK-00511,"03 04 07 10 25 26"
512,TK-00512,"03 05 07 14 19 26"
513,TK-00513,"01 02 06 12 21 24"
514,TK-00514,"04 07 08 16 25 27"
515,TK-00515,"03 08 10 15 17 26"
516,TK-00516,"02 06 07 12 23 25"
517,TK-00517,"01 07 10 17 22 24"
518,TK-00518,"01 04 06 10 20 24"
519,TK-00519,"03 04 05 06 18 26"
520,TK-00520,"01 03 06 16 21 24"
521,TK-00521,"02 07 10 15 21 25"
522,TK-00522,"01 02 05 11 17 24"
523,TK-00523,"02 08 10 13 23 25"
524,TK-00524,"01 09 10 11 16 24"
525,TK-00525,"02 04 05 09 15 25"
526,TK-00526,"02 03 08 13 16 25"
527,TK-00527,"02 08 09 10 24 25"
528,TK-00528,"02 10 12 17 19 25"
529,TK-00529,"02 06 07 10 24 25"
530,TK-00530,"02 05 10 13 15 25"
531,TK-00531,"04 05 08 14 20 27"
532,TK-00532,"03 04 08 09 16 26"
533,TK-00533,"04 05 21 23 26 27"
534,TK-00534,"04 09 16 17 22 27"
535,TK-00535,"03 06 09 16 23 26"
536,TK-00536,"04 05 06 09 12 27"
537,TK-00537,"04 06 08 16 21 27"
538,TK-00538,"02 08 14 16 20 25"
539,TK-00539,"04 10 16 18 22 27"
540,TK-00540,"01 06 10 16 22 24"
541,TK-00541,"03 05 14 16 18 26"
542,TK-00542,"02 04 05 12 21 25"
543,TK-00543,"02 16 17 20 22 25"
544,TK-00544,"02 04 05 09 14 25"
545,TK-00545,"02 04 07 10 21 25"
546,TK-00546,"02 04 05 14 17 25"
547,TK-00547,"01 12 21 22 23 27"
548,TK-00548,"02 07 08 16 20 25"
549,TK-00549,"01 05 06 16 21 24"
550,TK-00550,"02 05 09 20 21 25"
551,TK-00551,"02 08 16 17 20 25"
552,TK-00552,"04 05 09 16 19 27"
553,TK-00553,"02 10 14 16 19 25"
554,TK-00554,"02 05 10 15 21 25"
555,TK-00555,"02 05 08 10 15 25"
556,TK-00556,"04 06 10 16 21 27"
557,TK-00557,"03 11 18 19 21 25"
558,TK-00558,"03 07 13 18 24 25"
559,TK-00559,"03 09 13 15 19 25"
560,TK-00560,"03 11 12 13 15 25"
561,TK-00561,"03 07 13 23 24 25"
562,TK-00562,"03 09 15 17 19 25"
563,TK-00563,"04 08 11 19 24 26"
564,TK-00564,"04 14 15 18 24 26"
565,TK-00565,"03 08 13 18 22 25"
566,TK-00566,"03 17 19 21 24 25"
567,TK-00567,"01 06 11 15 19 23"
568,TK-00568,"01 07 11 13 17 27"
569,TK-00569,"01 11 12 13 18 23"
570,TK-00570,"03 09 15 22 24 25"
571,TK-00571,"03 09 11 15 22 25"
572,TK-00572,"01 06 11 13 15 23"
573,TK-00573,"03 11 14 17 18 25"
574,TK-00574,"05 11 15 19 24 27"
575,TK-00575,"02 08 11 13 19 24"
576,TK-00576,"02 04 11 13 15 24"
577,TK-00577,"01 04 09 15 19 23"
578,TK-00578,"03 06 11 17 21 25"
579,TK-00579,"01 07 11 15 20 23"
580,TK-00580,"03 09 13 17 22 25"
581,TK-00581,"01 07 11 18 21 23"
582,TK-00582,"03 09 13 20 23 25"
583,TK-00583,"04 06 15 17 19 26"
584,TK-00584,"03 08 14 17 19 25"
585,TK-00585,"04 09 15 18 20 26"
586,TK-00586,"03 15 17 21 22 25"
587,TK-00587,"03 04 11 12 23 25"
588,TK-00588,"03 11 17 22 23 25"
589,TK-00589,"03 06 13 14 23 25"
590,TK-00590,"01 03 09 15 18 23"
591,TK-00591,"01 05 08 13 20 27"
592,TK-00592,"01 11 12 13 14 23"
593,TK-00593,"04 12 13 15 23 26"
594,TK-00594,"03 04 08 12 18 25"
595,TK-00595,"01 07 15 18 22 23"
596,TK-00596,"04 07 12 15 25 26"
597,TK-00597,"03 08 15 17 22 25"
598,TK-00598,"04 07 11 23 24 26"
599,TK-00599,"01 07 11 15 22 23"
600,TK-00600,"01 08 12 14 21 27"
601,TK-00601,"03 09 10 15 19 25"
602,TK-00602,"05 11 15 22 25 27"
603,TK-00603,"03 09 10 13 19 25"
604,TK-00604,"02 04 13 15 17 24"
605,TK-00605,"03 05 07 15 18 25"
606,TK-00606,"05 11 18 22 25 27"
607,TK-00607,"03 08 11 15 16 25"
608,TK-00608,"03 08 13 15 16 25"
609,TK-00609,"02 11 19 21 22 24"
610,TK-00610,"03 06 15 16 19 25"
611,TK-00611,"02 13 17 18 20 24"
612,TK-00612,"05 11 12 19 25 27"
613,TK-00613,"03 05 13 15 20 25"
614,TK-00614,"04 12 19 20 22 26"
615,TK-00615,"04 07 12 18 22 26"
616,TK-00616,"01 07 08 13 17 23"
617,TK-00617,"01 07 08 11 17 23"
618,TK-00618,"03 09 12 14 20 25"
619,TK-00619,"01 06 12 15 17 23"
620,TK-00620,"04 14 17 18 20 26"
621,TK-00621,"01 06 08 09 15 23"
622,TK-00622,"04 12 14 17 18 26"
623,TK-00623,"04 06 11 20 21 26"
624,TK-00624,"03 06 07 12 17 25"
625,TK-00625,"01 06 11 17 20 23"
626,TK-00626,"01 07 09 12 15 23"
627,TK-00627,"01 08 09 18 22 23"
628,TK-00628,"03 04 09 14 21 25"
629,TK-00629,"04 06 08 14 19 26"
630,TK-00630,"01 04 07 11 21 23"
631,TK-00631,"04 07 17 19 21 26"
632,TK-00632,"01 13 14 21 22 23"
633,TK-00633,"04 06 09 19 20 26"
634,TK-00634,"01 06 16 17 20 27"
635,TK-00635,"03 04 12 20 22 25"
636,TK-00636,"01 04 19 20 22 23"
637,TK-00637,"04 06 09 14 25 26"
638,TK-00638,"05 08 13 19 23 27"
639,TK-00639,"01 05 11 17 19 23"
640,TK-00640,"02 06 12 18 20 24"
641,TK-00641,"02 08 09 14 18 24"
642,TK-00642,"02 08 12 19 22 24"
643,TK-00643,"02 08 09 12 18 24"
644,TK-00644,"05 11 12 15 21 27"
645,TK-00645,"02 08 12 14 18 24"
646,TK-00646,"05 11 15 17 21 27"
647,TK-00647,"04 05 09 11 24 26"
648,TK-00648,"04 10 13 15 21 26"
649,TK-00649,"04 08 10 13 15 26"
650,TK-00650,"01 02 18 19 22 23"
651,TK-00651,"05 12 14 19 25 27"
652,TK-00652,"03 04 10 19 22 25"
653,TK-00653,"02 03 07 15 20 24"
654,TK-00654,"01 03 05 15 18 23"
655,TK-00655,"05 08 09 15 18 27"
656,TK-00656,"03 05 15 17 20 25"
657,TK-00657,"04 05 07 11 24 26"
658,TK-00658,"05 06 09 13 19 27"
659,TK-00659,"01 08 17 19 22 27"
660,TK-00660,"03 04 07 10 11 25"
661,TK-00661,"03 07 10 12 13 25"
662,TK-00662,"03 07 08 10 18 25"
663,TK-00663,"03 16 17 19 21 25"
664,TK-00664,"05 12 15 24 26 27"
665,TK-00665,"05 07 11 24 26 27"
666,TK-00666,"03 07 10 17 24 25"
667,TK-00667,"02 04 09 14 19 24"
668,TK-00668,"01 08 14 18 23 27"
669,TK-00669,"01 02 07 13 15 23"
670,TK-00670,"01 05 13 18 21 23"
671,TK-00671,"01 08 09 12 19 27"
672,TK-00672,"02 07 13 16 18 24"
673,TK-00673,"02 05 11 13 14 24"
674,TK-00674,"02 11 12 16 18 24"
675,TK-00675,"04 08 14 20 22 26"
676,TK-00676,"01 13 19 20 21 27"
677,TK-00677,"01 03 06 07 17 23"
678,TK-00678,"01 04 06 07 20 23"
679,TK-00679,"01 04 06 09 12 23"
680,TK-00680,"05 13 20 21 23 27"
681,TK-00681,"04 10 14 18 23 26"
682,TK-00682,"05 09 15 21 23 27"
683,TK-00683,"05 11 12 17 21 27"
684,TK-00684,"02 06 12 17 23 24"
685,TK-00685,"05 09 15 20 26 27"
686,TK-00686,"04 10 14 21 24 26"
687,TK-00687,"04 10 11 14 20 26"
688,TK-00688,"02 03 07 09 21 24"
689,TK-00689,"03 04 08 10 22 25"
690,TK-00690,"04 05 09 11 23 26"
691,TK-00691,"02 03 07 09 22 24"
692,TK-00692,"03 04 08 10 23 25"
693,TK-00693,"01 07 10 12 18 23"
694,TK-00694,"01 05 08 15 20 23"
695,TK-00695,"01 08 12 16 18 23"
696,TK-00696,"05 14 17 19 21 27"
697,TK-00697,"04 07 10 13 22 26"
698,TK-00698,"04 12 16 17 18 26"
699,TK-00699,"02 09 12 14 20 24"
700,TK-00700,"05 06 08 11 20 27"
701,TK-00701,"04 06 10 14 24 26"
702,TK-00702,"04 06 09 16 24 26"
703,TK-00703,"05 17 18 22 26 27"
704,TK-00704,"01 05 09 15 20 23"
705,TK-00705,"04 05 07 19 20 26"
706,TK-00706,"04 05 07 18 20 26"
707,TK-00707,"02 03 07 22 23 24"
708,TK-00708,"04 06 10 11 12 26"
709,TK-00709,"05 08 23 24 26 27"
710,TK-00710,"01 02 08 12 19 23"
711,TK-00711,"02 04 08 09 21 24"
712,TK-00712,"03 04 06 08 12 25"
713,TK-00713,"04 08 16 20 25 26"
714,TK-00714,"02 04 06 09 14 24"
715,TK-00715,"05 07 11 23 26 27"
716,TK-00716,"05 08 09 14 18 27"
717,TK-00717,"01 10 14 18 21 23"
718,TK-00718,"03 09 12 16 20 25"
719,TK-00719,"05 08 12 19 26 27"
720,TK-00720,"04 10 14 15 20 26"
721,TK-00721,"04 05 06 11 14 26"
722,TK-00722,"03 06 08 16 17 25"
723,TK-00723,"01 05 08 09 11 23"
724,TK-00724,"05 06 08 14 24 27"
725,TK-00725,"02 10 17 18 20 24"
726,TK-00726,"03 05 14 16 18 25"
727,TK-00727,"02 04 05 14 18 24"
728,TK-00728,"02 03 13 16 21 24"
729,TK-00729,"02 03 05 13 23 24"
730,TK-00730,"02 09 10 11 22 24"
731,TK-00731,"02 03 06 16 19 24"
732,TK-00732,"03 05 10 11 23 25"
733,TK-00733,"02 07 10 11 22 24"
734,TK-00734,"02 04 16 18 22 24"
735,TK-00735,"02 03 10 11 12 24"
736,TK-00736,"05 13 16 17 18 27"
737,TK-00737,"03 05 11 16 22 25"
738,TK-00738,"02 05 08 09 15 24"
739,TK-00739,"02 09 10 18 23 24"
740,TK-00740,"03 05 12 16 19 25"
741,TK-00741,"01 03 12 14 16 23"
742,TK-00742,"01 02 06 08 20 23"
743,TK-00743,"01 02 06 08 21 23"
744,TK-00744,"01 06 12 16 20 23"
745,TK-00745,"01 05 06 07 21 23"
746,TK-00746,"01 08 16 20 22 23"
747,TK-00747,"04 05 07 12 23 26"
748,TK-00748,"04 06 10 20 23 26"
749,TK-00749,"01 08 14 16 22 23"
750,TK-00750,"02 08 12 16 21 24"
751,TK-00751,"04 10 11 16 20 26"
752,TK-00752,"01 05 11 16 22 23"
753,TK-00753,"05 07 16 18 20 27"
754,TK-00754,"05 06 10 12 24 27"
755,TK-00755,"05 06 10 12 25 27"
756,TK-00756,"05 11 14 16 22 27"
757,TK-00757,"02 09 14 16 22 24"
758,TK-00758,"04 05 08 16 24 26"
759,TK-00759,"05 09 14 16 24 27"
760,TK-00760,"04 05 10 15 21 26"
761,TK-00761,"03 04 07 10 16 25"
762,TK-00762,"01 05 07 16 18 23"
763,TK-00763,"02 10 12 17 23 24"
764,TK-00764,"02 03 05 12 14 24"
765,TK-00765,"01 02 12 14 20 23"
766,TK-00766,"05 10 20 23 25 27"
767,TK-00767,"05 10 17 23 25 27"
768,TK-00768,"02 08 10 13 16 24"
769,TK-00769,"04 10 14 16 20 26"
770,TK-00770,"01 05 06 10 14 23"
771,TK-00771,"05 14 16 17 22 27"
772,TK-00772,"04 05 16 17 23 26"
773,TK-00773,"05 09 10 12 26 27"
774,TK-00774,"04 09 18 19 24 25"
775,TK-00775,"06 13 18 19 24 27"
776,TK-00776,"06 11 15 18 24 27"
777,TK-00777,"03 07 15 19 21 24"
778,TK-00778,"03 09 11 15 20 24"
779,TK-00779,"03 04 09 13 19 24"
780,TK-00780,"04 08 15 18 20 25"
781,TK-00781,"03 04 07 13 19 24"
782,TK-00782,"03 08 14 15 18 24"
783,TK-00783,"03 07 09 13 19 24"
784,TK-00784,"04 09 15 19 21 25"
785,TK-00785,"03 08 13 19 22 24"
786,TK-00786,"03 04 15 19 22 24"
787,TK-00787,"04 12 19 23 24 25"
788,TK-00788,"03 08 15 19 21 24"
789,TK-00789,"04 06 08 11 13 25"
790,TK-00790,"04 08 18 19 23 25"
791,TK-00791,"04 11 15 16 19 25"
792,TK-00792,"04 05 11 13 19 25"
793,TK-00793,"01 07 09 13 18 22"
794,TK-00794,"01 06 12 13 18 22"
795,TK-00795,"03 08 14 15 20 24"
796,TK-00796,"06 11 17 18 23 27"
797,TK-00797,"03 07 14 17 19 24"
798,TK-00798,"06 11 17 18 21 27"
799,TK-00799,"03 08 14 18 20 24"
800,TK-00800,"06 13 17 18 21 27"
801,TK-00801,"01 07 14 18 19 22"
802,TK-00802,"06 12 19 23 24 27"
803,TK-00803,"03 06 08 14 19 24"
804,TK-00804,"04 07 09 15 20 25"
805,TK-00805,"06 14 19 21 24 27"
806,TK-00806,"01 14 15 19 20 22"
807,TK-00807,"06 14 18 20 24 27"
808,TK-00808,"06 08 15 23 24 27"
809,TK-00809,"06 11 14 22 25 27"
810,TK-00810,"06 07 15 23 25 27"
811,TK-00811,"03 04 06 17 19 24"
812,TK-00812,"01 03 06 11 13 22"
813,TK-00813,"03 06 09 19 22 24"
814,TK-00814,"04 12 14 15 20 25"
815,TK-00815,"06 13 17 19 22 27"
816,TK-00816,"06 08 13 14 18 27"
817,TK-00817,"03 09 12 13 14 24"
818,TK-00818,"03 12 15 17 23 24"
819,TK-00819,"01 08 13 18 20 22"
820,TK-00820,"06 09 12 19 24 27"
821,TK-00821,"06 09 13 14 24 27"
822,TK-00822,"03 07 09 17 19 24"
823,TK-00823,"03 09 14 15 17 24"
824,TK-00824,"03 15 20 21 23 24"
825,TK-00825,"03 06 12 15 20 24"
826,TK-00826,"06 08 13 17 18 27"
827,TK-00827,"04 06 14 15 23 25"
828,TK-00828,"01 09 11 13 20 22"
829,TK-00829,"06 07 09 19 25 27"
830,TK-00830,"01 09 15 17 19 22"
831,TK-00831,"04 07 11 14 17 25"
832,TK-00832,"03 14 15 17 23 24"
833,TK-00833,"06 11 18 22 26 27"
834,TK-00834,"03 07 11 16 19 24"
835,TK-00835,"04 06 10 15 19 25"
836,TK-00836,"04 09 15 16 19 25"
837,TK-00837,"03 10 14 15 18 24"
838,TK-00838,"03 05 11 18 22 24"
839,TK-00839,"04 05 14 15 19 25"
840,TK-00840,"05 11 13 22 25 26"
841,TK-00841,"03 10 11 18 23 24"
842,TK-00842,"03 05 11 15 22 24"
843,TK-00843,"05 11 18 23 24 26"
844,TK-00844,"03 15 16 17 18 24"
845,TK-00845,"03 05 06 13 18 24"
846,TK-00846,"03 10 12 13 18 24"
847,TK-00847,"04 05 07 15 19 25"
848,TK-00848,"04 05 11 19 20 25"
849,TK-00849,"04 08 12 17 20 25"
850,TK-00850,"06 12 14 18 23 27"
851,TK-00851,"03 09 14 20 21 24"
852,TK-00852,"06 12 17 23 24 27"
853,TK-00853,"06 11 17 21 23 27"
854,TK-00854,"06 09 11 17 22 27"
855,TK-00855,"01 06 11 17 20 22"
856,TK-00856,"04 09 14 20 23 25"
857,TK-00857,"01 07 08 15 17 22"
858,TK-00858,"01 09 11 17 21 22"
859,TK-00859,"01 03 07 08 11 22"
860,TK-00860,"06 08 14 19 20 27"
861,TK-00861,"06 07 19 20 21 27"
862,TK-00862,"01 08 13 19 20 27"
863,TK-00863,"06 12 17 18 20 27"
864,TK-00864,"06 09 17 22 24 27"
865,TK-00865,"01 04 07 09 18 22"
866,TK-00866,"03 09 14 17 23 24"
867,TK-00867,"04 09 12 14 23 25"
868,TK-00868,"04 06 07 17 21 25"
869,TK-00869,"02 12 14 22 26 27"
870,TK-00870,"06 07 14 20 24 27"
871,TK-00871,"01 04 08 13 20 22"
872,TK-00872,"01 12 18 19 20 27"
873,TK-00873,"01 03 09 13 21 22"
874,TK-00874,"01 04 09 11 20 22"
875,TK-00875,"01 04 08 09 11 22"
876,TK-00876,"01 05 13 17 19 22"
877,TK-00877,"06 10 18 22 24 27"
878,TK-00878,"05 09 13 18 21 26"
879,TK-00879,"03 05 09 14 18 24"
880,TK-00880,"05 06 11 15 21 26"
881,TK-00881,"02 07 13 14 19 23"
882,TK-00882,"04 09 15 16 21 25"
883,TK-00883,"02 08 13 19 20 23"
884,TK-00884,"04 10 15 21 22 25"
885,TK-00885,"05 09 11 15 21 26"
886,TK-00886,"02 07 13 17 19 23"
887,TK-00887,"02 08 15 19 20 23"
888,TK-00888,"05 11 18 22 23 26"
889,TK-00889,"06 11 16 22 25 27"
890,TK-00890,"03 04 06 15 16 24"
891,TK-00891,"05 11 14 23 24 26"
892,TK-00892,"05 06 12 13 24 26"
893,TK-00893,"04 09 13 16 23 25"
894,TK-00894,"05 11 14 20 24 26"
895,TK-00895,"03 07 09 10 18 24"
896,TK-00896,"05 08 17 24 25 26"
897,TK-00897,"05 12 19 23 24 26"
898,TK-00898,"04 10 15 20 21 25"
899,TK-00899,"03 04 08 10 13 24"
900,TK-00900,"05 07 13 15 17 26"
901,TK-00901,"06 08 10 15 18 27"
902,TK-00902,"04 07 10 12 24 25"
903,TK-00903,"02 08 12 13 18 23"
904,TK-00904,"06 10 11 12 15 27"
905,TK-00905,"02 09 15 18 20 23"
906,TK-00906,"03 07 08 10 19 24"
907,TK-00907,"01 05 13 18 21 22"
908,TK-00908,"02 06 15 19 21 23"
909,TK-00909,"05 08 13 14 24 26"
910,TK-00910,"05 08 11 12 13 26"
911,TK-00911,"05 15 17 19 20 26"
912,TK-00912,"03 12 16 17 18 24"
913,TK-00913,"03 16 17 19 23 24"
914,TK-00914,"05 19 20 21 24 26"
915,TK-00915,"02 07 12 13 18 23"
916,TK-00916,"05 07 15 19 23 26"
917,TK-00917,"04 09 10 13 23 25"
918,TK-00918,"05 08 13 18 23 26"
919,TK-00919,"03 05 07 09 15 24"
920,TK-00920,"02 07 13 17 18 23"
921,TK-00921,"05 06 08 13 19 26"
922,TK-00922,"06 10 12 15 18 27"
923,TK-00923,"01 10 11 15 21 22"
924,TK-00924,"01 06 11 15 16 22"
925,TK-00925,"01 02 13 15 20 22"
926,TK-00926,"02 03 06 11 19 23"
927,TK-00927,"01 11 15 20 21 27"
928,TK-00928,"01 02 06 11 13 22"
929,TK-00929,"01 10 14 15 19 22"
930,TK-00930,"05 09 13 21 24 26"
931,TK-00931,"03 10 16 18 19 24"
932,TK-00932,"06 08 12 17 21 27"
933,TK-00933,"01 04 06 12 17 22"
934,TK-00934,"01 15 16 18 19 27"
935,TK-00935,"01 04 07 08 14 22"
936,TK-00936,"02 06 14 18 20 23"
937,TK-00937,"04 08 16 20 22 25"
938,TK-00938,"06 10 14 19 22 27"
939,TK-00939,"02 04 08 13 17 23"
940,TK-00940,"01 02 07 11 17 22"
941,TK-00941,"02 03 08 12 18 23"
942,TK-00942,"01 05 12 15 17 22"
943,TK-00943,"02 03 06 12 18 23"
944,TK-00944,"04 05 08 14 20 25"
945,TK-00945,"05 06 09 15 21 26"
946,TK-00946,"01 06 12 13 16 22"
947,TK-00947,"02 07 13 14 17 23"
948,TK-00948,"01 05 07 11 17 22"
949,TK-00949,"02 06 08 12 18 23"
950,TK-00950,"04 08 10 14 20 25"
951,TK-00951,"01 06 12 16 18 22"
952,TK-00952,"01 08 12 13 16 22"
953,TK-00953,"02 09 13 14 17 23"
954,TK-00954,"03 09 16 20 21 24"
955,TK-00955,"04 10 17 21 22 25"
956,TK-00956,"02 07 12 18 21 23"
957,TK-00957,"06 10 12 18 26 27"
958,TK-00958,"02 06 07 19 20 23"
959,TK-00959,"01 12 14 15 16 22"
960,TK-00960,"04 08 16 20 21 25"
961,TK-00961,"04 16 21 22 23 25"
962,TK-00962,"06 10 13 23 26 27"
963,TK-00963,"05 07 11 14 22 26"
964,TK-00964,"03 04 09 16 23 24"
965,TK-00965,"05 08 17 22 25 26"
966,TK-00966,"05 06 12 17 25 26"
967,TK-00967,"06 14 16 21 25 27"
968,TK-00968,"04 05 06 20 22 25"
969,TK-00969,"05 14 17 22 24 26"
970,TK-00970,"02 11 14 20 26 27"
971,TK-00971,"05 08 14 20 25 26"
972,TK-00972,"05 09 13 17 20 26"
973,TK-00973,"03 06 09 14 16 24"
974,TK-00974,"05 06 08 20 24 26"
975,TK-00975,"03 06 10 14 21 24"
976,TK-00976,"02 08 15 20 21 23"
977,TK-00977,"02 03 04 08 13 23"
978,TK-00978,"04 05 06 12 14 25"
979,TK-00979,"01 02 07 17 21 27"
980,TK-00980,"03 05 06 12 22 24"
981,TK-00981,"05 07 13 14 21 26"
982,TK-00982,"05 08 19 21 22 26"
983,TK-00983,"05 07 12 15 22 26"
984,TK-00984,"04 06 16 21 23 25"
985,TK-00985,"04 07 08 10 23 25"
986,TK-00986,"03 04 05 12 14 24"
987,TK-00987,"01 05 15 17 21 22"
988,TK-00988,"01 02 11 12 20 22"
989,TK-00989,"01 02 06 08 18 22"
990,TK-00990,"04 06 16 20 22 25"
991,TK-00991,"02 13 14 20 22 23"
992,TK-00992,"01 06 07 16 18 22"
993,TK-00993,"04 05 07 22 23 25"
994,TK-00994,"02 03 09 11 21 23"
995,TK-00995,"02 06 11 21 22 23"
996,TK-00996,"04 14 16 17 20 25"
997,TK-00997,"04 14 16 21 22 25"
998,TK-00998,"05 12 14 23 25 26"
999,TK-00999,"02 07 12 19 21 23"
1000,TK-01000,"05 07 09 12 15 26"
1001,TK-01001,"02 04 09 14 18 23"
1002,TK-01002,"03 05 09 14 20 24"
1003,TK-01003,"03 04 05 12 21 24"
1004,TK-01004,"02 06 10 15 18 23"
1005,TK-01005,"02 06 13 16 18 23"
1006,TK-01006,"02 05 07 13 18 23"
1007,TK-01007,"05 10 15 21 24 26"
1008,TK-01008,"05 09 10 19 25 26"
1009,TK-01009,"02 07 10 13 18 23"
1010,TK-01010,"02 16 18 19 22 23"
1011,TK-01011,"05 10 18 23 25 26"
1012,TK-01012,"02 04 10 11 13 23"
1013,TK-01013,"03 09 10 16 19 24"
1014,TK-01014,"05 12 16 24 25 26"
1015,TK-01015,"05 09 17 21 23 26"
1016,TK-01016,"01 05 09 14 17 22"
1017,TK-01017,"01 03 07 12 16 22"
1018,TK-01018,"06 07 12 16 22 27"
1019,TK-01019,"06 10 17 20 22 27"
1020,TK-01020,"02 03 08 17 22 23"
1021,TK-01021,"05 07 14 20 22 26"
1022,TK-01022,"05 06 17 22 23 26"
1023,TK-01023,"01 05 07 14 17 22"
1024,TK-01024,"06 08 10 20 22 27"
1025,TK-01025,"06 09 10 22 26 27"
1026,TK-01026,"01 10 12 17 20 22"
1027,TK-01027,"01 16 19 21 24 27"
1028,TK-01028,"06 10 12 21 23 27"
1029,TK-01029,"01 06 16 17 20 22"
1030,TK-01030,"05 08 17 21 23 26"
1031,TK-01031,"06 09 10 14 26 27"
1032,TK-01032,"06 08 14 16 23 27"
1033,TK-01033,"01 09 10 13 24 27"
1034,TK-01034,"05 07 09 17 22 26"
1035,TK-01035,"05 07 11 16 20 26"
1036,TK-01036,"02 08 10 14 19 23"
1037,TK-01037,"04 10 12 16 21 25"
1038,TK-01038,"04 05 10 14 20 25"
1039,TK-01039,"05 09 16 19 21 26"
1040,TK-01040,"01 02 05 11 17 22"
1041,TK-01041,"05 11 16 22 23 26"
1042,TK-01042,"02 03 04 10 13 23"
1043,TK-01043,"01 05 10 11 20 22"
1044,TK-01044,"04 05 09 10 23 25"
1045,TK-01045,"05 12 16 22 25 26"
1046,TK-01046,"02 05 12 18 21 23"
1047,TK-01047,"03 04 05 07 16 24"
1048,TK-01048,"05 06 07 16 24 26"
1049,TK-01049,"05 09 11 14 16 26"
1050,TK-01050,"05 06 09 10 19 26"
1051,TK-01051,"02 04 09 13 16 23"
1052,TK-01052,"04 05 07 08 16 25"
1053,TK-01053,"05 07 16 20 25 26"
1054,TK-01054,"05 09 14 16 18 26"
1055,TK-01055,"02 08 15 16 20 23"
1056,TK-01056,"05 08 11 14 16 26"
1057,TK-01057,"01 06 08 11 14 27"
1058,TK-01058,"01 02 04 16 19 22"
1059,TK-01059,"05 07 11 12 16 26"
1060,TK-01060,"01 03 10 17 21 27"
1061,TK-01061,"06 07 10 16 22 27"
1062,TK-01062,"06 10 12 16 22 27"
1063,TK-01063,"05 12 16 17 20 26"
1064,TK-01064,"02 03 05 08 22 23"
1065,TK-01065,"04 13 15 19 22 24"
1066,TK-01066,"06 11 13 22 24 26"
1067,TK-01067,"07 15 18 19 20 27"
1068,TK-01068,"04 07 08 18 19 24"
1069,TK-01069,"03 11 15 18 20 23"
1070,TK-01070,"06 11 15 19 22 26"
1071,TK-01071,"01 11 12 13 18 21"
1072,TK-01072,"06 07 11 18 25 26"
1073,TK-01073,"03 07 15 18 19 23"
1074,TK-01074,"07 08 15 19 24 27"
1075,TK-01075,"07 09 13 15 25 27"
1076,TK-01076,"05 13 15 18 21 25"
1077,TK-01077,"05 08 18 19 24 25"
1078,TK-01078,"05 11 12 19 24 25"
1079,TK-01079,"06 07 09 13 18 26"
1080,TK-01080,"03 06 08 13 19 23"
1081,TK-01081,"04 09 11 20 22 24"
1082,TK-01082,"04 08 09 12 18 24"
1083,TK-01083,"07 11 12 15 21 27"
1084,TK-01084,"07 08 09 11 18 27"
1085,TK-01085,"06 08 12 15 19 26"
1086,TK-01086,"07 11 12 13 14 27"
1087,TK-01087,"07 13 14 18 23 27"
1088,TK-01088,"03 07 11 12 19 23"
1089,TK-01089,"03 13 15 17 22 23"
1090,TK-01090,"01 04 08 09 21 27"
1091,TK-01091,"07 09 11 12 19 27"
1092,TK-01092,"04 08 18 20 22 24"
1093,TK-01093,"03 11 12 13 22 23"
1094,TK-01094,"07 09 13 17 18 27"
1095,TK-01095,"04 06 14 17 18 24"
1096,TK-01096,"03 04 08 15 18 23"
1097,TK-01097,"07 11 13 17 23 27"
1098,TK-01098,"06 08 19 22 25 26"
1099,TK-01099,"04 07 11 14 20 24"
1100,TK-01100,"05 11 19 20 21 25"
1101,TK-01101,"04 05 06 15 18 24"
1102,TK-01102,"05 09 19 23 24 25"
1103,TK-01103,"04 13 16 19 23 24"
1104,TK-01104,"05 08 18 19 20 25"
1105,TK-01105,"05 06 11 19 21 25"
1106,TK-01106,"05 08 09 15 19 25"
1107,TK-01107,"05 08 11 18 21 25"
1108,TK-01108,"05 08 13 19 23 25"
1109,TK-01109,"04 05 08 11 13 24"
1110,TK-01110,"05 08 09 11 24 25"
1111,TK-01111,"01 04 06 11 17 21"
1112,TK-01112,"04 07 09 14 20 24"
1113,TK-01113,"01 06 08 17 19 21"
1114,TK-01114,"07 12 14 23 25 27"
1115,TK-01115,"03 07 08 11 17 23"
1116,TK-01116,"01 04 07 08 13 21"
1117,TK-01117,"06 17 18 20 23 26"
1118,TK-01118,"07 09 21 22 25 27"
1119,TK-01119,"06 17 18 21 22 26"
1120,TK-01120,"03 06 07 12 15 23"
1121,TK-01121,"07 17 22 23 24 27"
1122,TK-01122,"07 17 19 20 23 27"
1123,TK-01123,"07 11 12 14 20 27"
1124,TK-01124,"07 08 12 14 19 27"
1125,TK-01125,"06 07 14 23 24 26"
1126,TK-01126,"06 07 09 14 18 26"
1127,TK-01127,"06 07 11 17 21 26"
1128,TK-01128,"04 06 09 22 23 24"
1129,TK-01129,"04 06 14 17 21 24"
1130,TK-01130,"03 07 09 19 21 23"
1131,TK-01131,"01 02 10 13 15 25"
1132,TK-01132,"07 09 12 18 23 27"
1133,TK-01133,"02 11 12 17 19 22"
1134,TK-01134,"03 07 10 13 18 23"
1135,TK-01135,"01 04 10 13 18 21"
1136,TK-01136,"04 11 14 16 22 24"
1137,TK-01137,"07 10 14 19 25 27"
1138,TK-01138,"05 06 15 20 21 25"
1139,TK-01139,"06 09 15 16 24 26"
1140,TK-01140,"04 08 14 16 18 24"
1141,TK-01141,"05 07 08 17 19 25"
1142,TK-01142,"04 09 16 18 23 24"
1143,TK-01143,"02 04 06 11 15 22"
1144,TK-01144,"05 07 13 22 23 25"
1145,TK-01145,"04 10 15 20 21 24"
1146,TK-01146,"05 07 08 18 20 25"
1147,TK-01147,"07 10 13 18 22 27"
1148,TK-01148,"04 05 08 19 21 24"
1149,TK-01149,"05 09 10 13 19 25"
1150,TK-01150,"05 08 15 16 18 25"
1151,TK-01151,"03 04 06 14 22 23"
1152,TK-01152,"01 04 09 14 17 21"
1153,TK-01153,"01 07 12 17 20 21"
1154,TK-01154,"06 09 12 21 22 26"
1155,TK-01155,"06 09 12 17 20 26"
1156,TK-01156,"01 02 04 08 13 21"
1157,TK-01157,"03 04 06 10 15 23"
1158,TK-01158,"05 06 08 12 17 25"
1159,TK-01159,"07 08 10 14 19 27"
1160,TK-01160,"06 09 11 16 22 26"
1161,TK-01161,"02 07 09 18 20 22"
1162,TK-01162,"03 08 10 19 21 23"
1163,TK-01163,"01 05 06 09 15 21"
1164,TK-01164,"06 10 11 14 20 26"
1165,TK-01165,"03 05 07 18 20 23"
1166,TK-01166,"06 08 11 16 21 26"
1167,TK-01167,"01 02 04 07 13 21"
1168,TK-01168,"03 08 10 15 20 23"
1169,TK-01169,"02 03 12 17 18 22"
1170,TK-01170,"03 04 05 15 21 23"
1171,TK-01171,"06 12 13 16 23 26"
1172,TK-01172,"01 02 03 09 13 21"
1173,TK-01173,"06 16 17 22 25 26"
1174,TK-01174,"02 07 12 18 20 22"
1175,TK-01175,"05 07 08 21 23 25"
1176,TK-01176,"03 04 14 16 18 23"
1177,TK-01177,"03 09 10 18 22 23"
1178,TK-01178,"05 07 08 09 20 25"
1179,TK-01179,"03 06 10 11 22 23"
1180,TK-01180,"04 08 09 14 16 24"
1181,TK-01181,"06 09 10 14 15 26"
1182,TK-01182,"03 05 09 17 18 23"
1183,TK-01183,"07 11 16 22 23 27"
1184,TK-01184,"02 04 08 14 18 22"
1185,TK-01185,"04 09 12 16 23 24"
1186,TK-01186,"04 12 16 17 20 24"
1187,TK-01187,"06 14 15 16 21 26"
1188,TK-01188,"05 06 08 12 22 25"
1189,TK-01189,"07 11 12 16 22 27"
1190,TK-01190,"07 10 13 14 20 27"
1191,TK-01191,"04 05 09 17 22 24"
1192,TK-01192,"01 07 10 17 18 21"
1193,TK-01193,"05 06 07 08 21 25"
1194,TK-01194,"04 05 07 11 16 24"
1195,TK-01195,"05 08 10 15 21 25"
1196,TK-01196,"02 05 06 18 19 22"
1197,TK-01197,"01 02 05 13 19 21"
1198,TK-01198,"05 10 12 15 22 25"
1199,TK-01199,"05 10 15 20 21 25"
1200,TK-01200,"05 10 22 23 24 25"
1201,TK-01201,"07 10 12 17 23 27"
1202,TK-01202,"01 03 04 10 17 21"
1203,TK-01203,"03 09 10 14 17 23"
1204,TK-01204,"01 05 12 17 20 21"
1205,TK-01205,"07 08 16 20 26 27"
1206,TK-01206,"01 02 07 08 09 21"
1207,TK-01207,"01 03 04 09 10 21"
1208,TK-01208,"01 02 04 08 17 21"
1209,TK-01209,"03 06 08 16 22 23"
1210,TK-01210,"02 03 06 07 20 22"
1211,TK-01211,"01 05 06 07 08 21"
1212,TK-01212,"01 08 10 17 20 21"
1213,TK-01213,"03 04 10 12 20 23"
1214,TK-01214,"03 04 05 09 14 23"
1215,TK-01215,"03 05 08 12 14 23"
1216,TK-01216,"02 03 09 12 17 22"
1217,TK-01217,"02 05 07 12 18 22"
1218,TK-01218,"05 10 12 21 23 25"
1219,TK-01219,"01 05 06 10 11 21"
1220,TK-01220,"02 10 15 20 21 22"
1221,TK-01221,"05 07 10 20 22 25"
1222,TK-01222,"02 05 06 08 13 22"
1223,TK-01223,"02 04 05 07 13 22"
1224,TK-01224,"02 03 10 15 20 22"
1225,TK-01225,"01 05 08 10 19 21"
1226,TK-01226,"01 02 08 11 16 21"
1227,TK-01227,"02 05 07 11 14 22"
1228,TK-01228,"01 02 10 13 14 21"
1229,TK-01229,"05 06 08 12 16 25"
1230,TK-01230,"02 03 05 09 14 22"
1231,TK-01231,"06 10 12 16 21 26"
1232,TK-01232,"02 04 05 06 12 22"
1233,TK-01233,"06 09 11 13 24 25"
1234,TK-01234,"07 11 13 22 24 26"
1235,TK-01235,"08 13 15 20 25 27"
1236,TK-01236,"06 07 11 12 13 25"
1237,TK-01237,"06 09 15 22 24 25"
1238,TK-01238,"03 13 18 19 21 22"
1239,TK-01239,"07 08 11 19 25 26"
1240,TK-01240,"07 09 11 18 25 26"
1241,TK-01241,"08 11 18 20 25 27"
1242,TK-01242,"07 08 13 15 25 26"
1243,TK-01243,"07 08 11 19 24 26"
1244,TK-01244,"07 13 19 20 25 26"
1245,TK-01245,"06 08 15 19 23 25"
1246,TK-01246,"07 11 13 14 25 26"
1247,TK-01247,"05 12 13 15 19 24"
1248,TK-01248,"01 08 09 11 15 20"
1249,TK-01249,"04 11 12 14 18 23"
1250,TK-01250,"06 07 11 14 20 25"
1251,TK-01251,"07 09 15 22 25 26"
1252,TK-01252,"06 08 18 20 22 25"
1253,TK-01253,"08 12 13 14 24 27"
1254,TK-01254,"06 09 11 12 21 25"
1255,TK-01255,"07 13 14 18 20 26"
1256,TK-01256,"06 07 08 19 21 25"
1257,TK-01257,"08 12 13 20 24 27"
1258,TK-01258,"07 08 13 19 22 26"
1259,TK-01259,"08 09 14 15 25 27"
1260,TK-01260,"01 09 11 13 14 20"
1261,TK-01261,"04 12 13 17 19 23"
1262,TK-01262,"08 14 18 19 26 27"
1263,TK-01263,"03 06 07 11 15 22"
1264,TK-01264,"06 09 14 19 22 25"
1265,TK-01265,"08 09 12 13 18 27"
1266,TK-01266,"03 08 09 11 15 22"
1267,TK-01267,"07 09 11 17 19 26"
1268,TK-01268,"04 06 12 13 18 23"
1269,TK-01269,"08 09 19 20 24 27"
1270,TK-01270,"05 07 18 19 21 24"
1271,TK-01271,"07 10 13 19 24 26"
1272,TK-01272,"05 09 15 19 22 24"
1273,TK-01273,"05 13 18 21 22 24"
1274,TK-01274,"02 07 13 18 19 21"
1275,TK-01275,"05 11 13 17 20 24"
1276,TK-01276,"05 08 13 19 23 24"
1277,TK-01277,"04 10 11 13 15 23"
1278,TK-01278,"05 07 13 19 21 24"
1279,TK-01279,"05 08 11 14 18 24"
1280,TK-01280,"02 06 13 18 19 21"
1281,TK-01281,"05 06 11 13 23 24"
1282,TK-01282,"06 13 16 18 21 25"
1283,TK-01283,"07 14 15 17 21 26"
1284,TK-01284,"03 07 09 12 18 22"
1285,TK-01285,"03 07 09 18 20 22"
1286,TK-01286,"01 04 10 16 23 27"
1287,TK-01287,"08 11 17 20 26 27"
1288,TK-01288,"04 07 08 18 22 23"
1289,TK-01289,"01 06 12 14 18 20"
1290,TK-01290,"01 06 08 14 19 20"
1291,TK-01291,"01 04 07 11 14 20"
1292,TK-01292,"03 06 08 11 14 22"
1293,TK-01293,"04 07 12 13 20 23"
1294,TK-01294,"08 19 21 22 23 27"
1295,TK-01295,"07 08 14 20 24 26"
1296,TK-01296,"06 07 14 17 20 25"
1297,TK-01297,"08 09 12 14 18 27"
1298,TK-01298,"04 08 11 17 21 23"
1299,TK-01299,"01 03 12 15 17 20"
1300,TK-01300,"07 18 20 22 23 26"
1301,TK-01301,"07 08 15 17 23 26"
1302,TK-01302,"01 02 09 12 19 27"
1303,TK-01303,"07 09 18 20 22 26"
1304,TK-01304,"03 06 09 15 21 22"
1305,TK-01305,"06 07 09 17 20 25"
1306,TK-01306,"03 08 17 18 21 22"
1307,TK-01307,"07 14 15 20 21 26"
1308,TK-01308,"07 08 13 22 23 26"
1309,TK-01309,"03 04 08 17 18 22"
1310,TK-01310,"07 09 13 21 22 26"
1311,TK-01311,"07 08 14 15 20 26"
1312,TK-01312,"03 04 14 15 17 22"
1313,TK-01313,"01 02 09 19 20 27"
1314,TK-01314,"08 09 12 21 24 27"
1315,TK-01315,"03 10 11 13 17 22"
1316,TK-01316,"06 13 14 16 20 25"
1317,TK-01317,"08 15 16 18 22 27"
1318,TK-01318,"04 08 10 13 19 23"
1319,TK-01319,"06 10 12 15 21 25"
1320,TK-01320,"07 11 13 16 22 26"
1321,TK-01321,"05 09 11 20 22 24"
1322,TK-01322,"02 08 12 15 18 21"
1323,TK-01323,"06 16 17 19 20 25"
1324,TK-01324,"07 10 14 15 24 26"
1325,TK-01325,"03 13 16 17 18 22"
1326,TK-01326,"02 08 13 18 20 21"
1327,TK-01327,"04 05 13 15 17 23"
1328,TK-01328,"04 10 13 18 20 23"
1329,TK-01329,"03 06 10 15 18 22"
1330,TK-01330,"07 10 19 22 25 26"
1331,TK-01331,"06 07 09 16 18 25"
1332,TK-01332,"02 04 07 13 19 21"
1333,TK-01333,"06 09 16 17 18 25"
1334,TK-01334,"05 12 18 21 22 24"
1335,TK-01335,"02 03 07 11 15 21"
1336,TK-01336,"04 05 11 13 20 23"
1337,TK-01337,"07 10 11 14 24 26"
1338,TK-01338,"01 15 16 17 19 20"
1339,TK-01339,"02 03 13 17 18 21"
1340,TK-01340,"01 11 12 16 26 27"
1341,TK-01341,"02 06 09 15 18 21"
1342,TK-01342,"05 06 14 19 22 24"
1343,TK-01343,"05 06 08 19 22 24"
1344,TK-01344,"06 07 10 15 17 25"
1345,TK-01345,"03 07 15 16 18 22"
1346,TK-01346,"05 09 11 16 19 24"
1347,TK-01347,"08 12 14 17 23 27"
1348,TK-01348,"03 04 06 12 20 22"
1349,TK-01349,"04 06 08 17 20 23"
1350,TK-01350,"03 07 12 14 20 22"
1351,TK-01351,"07 08 09 20 21 26"
1352,TK-01352,"04 06 07 17 22 23"
1353,TK-01353,"03 06 08 09 21 22"
1354,TK-01354,"02 06 08 11 17 21"
1355,TK-01355,"02 06 08 17 19 21"
1356,TK-01356,"04 08 10 19 21 23"
1357,TK-01357,"06 10 12 21 23 25"
1358,TK-01358,"02 09 12 13 17 21"
1359,TK-01359,"02 06 09 11 20 21"
1360,TK-01360,"03 11 16 17 21 22"
1361,TK-01361,"04 05 11 21 22 23"
1362,TK-01362,"01 02 12 14 15 20"
1363,TK-01363,"04 09 10 19 22 23"
1364,TK-01364,"06 08 09 10 21 25"
1365,TK-01365,"02 03 08 11 12 21"
1366,TK-01366,"07 09 16 19 21 26"
1367,TK-01367,"07 09 16 19 22 26"
1368,TK-01368,"04 05 06 19 21 23"
1369,TK-01369,"08 11 16 22 23 27"
1370,TK-01370,"02 03 07 14 19 21"
1371,TK-01371,"07 12 16 18 22 26"
1372,TK-01372,"02 03 04 13 14 21"
1373,TK-01373,"03 07 16 17 18 22"
1374,TK-01374,"02 03 06 12 13 21"
1375,TK-01375,"02 04 12 14 19 21"
1376,TK-01376,"01 05 07 12 18 20"
1377,TK-01377,"05 07 08 14 22 24"
1378,TK-01378,"03 08 10 13 21 22"
1379,TK-01379,"07 10 20 24 25 26"
1380,TK-01380,"05 10 13 17 22 24"
1381,TK-01381,"06 09 10 13 16 25"
1382,TK-01382,"05 09 10 14 19 24"
1383,TK-01383,"05 15 16 17 23 24"
1384,TK-01384,"03 10 11 15 16 22"
1385,TK-01385,"05 09 10 11 22 24"
1386,TK-01386,"01 02 05 11 15 20"
1387,TK-01387,"05 10 14 19 20 24"
1388,TK-01388,"07 08 14 16 22 26"
1389,TK-01389,"01 02 07 08 14 20"
1390,TK-01390,"07 09 10 14 23 26"
1391,TK-01391,"03 07 09 16 17 22"
1392,TK-01392,"08 10 14 21 23 27"
1393,TK-01393,"08 10 12 23 26 27"
1394,TK-01394,"01 02 16 17 24 27"
1395,TK-01395,"07 10 14 21 23 26"
1396,TK-01396,"03 05 06 14 21 22"
1397,TK-01397,"07 09 12 14 16 26"
1398,TK-01398,"08 09 12 16 23 27"
1399,TK-01399,"01 02 12 14 17 20"
1400,TK-01400,"02 04 06 07 12 21"
1401,TK-01401,"02 03 06 12 14 21"
1402,TK-01402,"01 07 10 12 17 20"
1403,TK-01403,"04 07 12 16 22 23"
1404,TK-01404,"01 05 07 16 18 20"
1405,TK-01405,"06 08 10 14 16 25"
1406,TK-01406,"02 06 11 16 20 21"
1407,TK-01407,"05 09 10 12 22 24"
1408,TK-01408,"01 05 09 16 18 20"
1409,TK-01409,"05 09 10 20 21 24"
1410,TK-01410,"01 02 03 10 11 20"
1411,TK-01411,"01 02 09 10 11 20"
1412,TK-01412,"03 06 10 11 16 22"
1413,TK-01413,"05 10 14 20 22 24"
1414,TK-01414,"02 04 05 13 20 21"
1415,TK-01415,"02 03 05 12 15 21"
1416,TK-01416,"05 07 10 17 23 24"
1417,TK-01417,"02 04 10 12 14 21"
1418,TK-01418,"04 05 08 16 22 23"
1419,TK-01419,"07 11 19 22 24 25"
1420,TK-01420,"06 11 13 15 22 24"
1421,TK-01421,"01 09 13 15 18 19"
1422,TK-01422,"07 12 13 15 19 25"
1423,TK-01423,"06 11 12 13 18 24"
1424,TK-01424,"04 11 13 15 18 22"
1425,TK-01425,"07 09 11 18 23 25"
1426,TK-01426,"09 11 13 20 25 27"
1427,TK-01427,"07 09 11 19 23 25"
1428,TK-01428,"09 11 13 21 25 27"
1429,TK-01429,"07 09 13 20 24 25"
1430,TK-01430,"03 09 11 13 19 21"
1431,TK-01431,"06 07 11 12 13 24"
1432,TK-01432,"07 08 13 15 22 25"
1433,TK-01433,"07 11 13 21 22 25"
1434,TK-01434,"09 11 12 13 15 27"
1435,TK-01435,"03 04 13 15 19 21"
1436,TK-01436,"09 15 17 18 19 27"
1437,TK-01437,"07 12 14 19 24 25"
1438,TK-01438,"08 11 14 23 26 27"
1439,TK-01439,"08 11 13 14 24 26"
1440,TK-01440,"06 17 18 19 22 24"
1441,TK-01441,"07 12 18 20 24 25"
1442,TK-01442,"08 11 18 19 22 26"
1443,TK-01443,"01 02 16 20 23 27"
1444,TK-01444,"09 15 18 20 22 27"
1445,TK-01445,"06 08 09 11 23 24"
1446,TK-01446,"06 07 09 19 22 24"
1447,TK-01447,"08 18 21 23 24 26"
1448,TK-01448,"08 14 18 19 21 26"
1449,TK-01449,"08 09 11 14 15 26"
1450,TK-01450,"06 09 14 19 20 24"
1451,TK-01451,"01 02 03 13 14 20"
1452,TK-01452,"09 11 19 21 23 27"
1453,TK-01453,"08 12 15 17 24 26"
1454,TK-01454,"07 08 18 21 22 25"
1455,TK-01455,"07 08 09 18 23 25"
1456,TK-01456,"09 12 15 17 19 27"
1457,TK-01457,"07 09 12 13 14 25"
1458,TK-01458,"03 08 09 15 19 21"
1459,TK-01459,"08 11 12 18 21 26"
1460,TK-01460,"03 04 12 15 18 21"
1461,TK-01461,"08 13 18 22 23 26"
1462,TK-01462,"07 15 17 20 21 25"
1463,TK-01463,"01 02 04 15 17 22"
1464,TK-01464,"07 08 20 21 24 25"
1465,TK-01465,"01 09 12 17 26 27"
1466,TK-01466,"07 18 21 22 23 25"
1467,TK-01467,"09 17 18 19 20 27"
1468,TK-01468,"04 11 12 17 18 22"
1469,TK-01469,"09 15 17 21 24 27"
1470,TK-01470,"04 07 08 13 15 22"
1471,TK-01471,"06 07 09 12 19 24"
1472,TK-01472,"09 14 18 23 25 27"
1473,TK-01473,"08 10 11 15 24 26"
1474,TK-01474,"09 10 13 15 19 27"
1475,TK-01475,"07 13 16 19 20 25"
1476,TK-01476,"09 10 18 24 25 27"
1477,TK-01477,"09 15 16 19 24 27"
1478,TK-01478,"06 07 10 13 19 24"
1479,TK-01479,"01 02 07 11 13 19"
1480,TK-01480,"06 09 15 16 19 24"
1481,TK-01481,"04 06 08 15 20 22"
1482,TK-01482,"02 03 04 13 15 23"
1483,TK-01483,"07 08 09 20 21 25"
1484,TK-01484,"04 06 15 17 21 22"
1485,TK-01485,"08 14 17 19 23 26"
1486,TK-01486,"04 07 11 20 21 22"
1487,TK-01487,"01 06 07 12 14 19"
1488,TK-01488,"04 07 14 18 21 22"
1489,TK-01489,"03 06 09 18 20 21"
1490,TK-01490,"03 07 09 11 20 21"
1491,TK-01491,"02 04 06 13 18 20"
1492,TK-01492,"08 10 12 19 24 26"
1493,TK-01493,"01 03 05 13 17 19"
1494,TK-01494,"03 05 07 15 19 21"
1495,TK-01495,"06 08 10 18 22 24"
1496,TK-01496,"07 13 16 17 23 25"
1497,TK-01497,"03 06 16 18 19 21"
1498,TK-01498,"07 10 17 20 24 25"
1499,TK-01499,"05 11 17 18 22 23"
1500,TK-01500,"08 11 12 16 18 26"
1501,TK-01501,"09 10 13 19 23 27"
1502,TK-01502,"02 04 06 15 19 20"
1503,TK-01503,"03 10 11 17 18 21"
1504,TK-01504,"04 05 08 11 13 22"
1505,TK-01505,"06 07 09 10 19 24"
1506,TK-01506,"06 08 15 16 21 24"
1507,TK-01507,"06 13 16 22 23 24"
1508,TK-01508,"05 06 09 15 19 23"
1509,TK-01509,"02 03 04 13 15 20"
1510,TK-01510,"01 05 08 09 18 19"
1511,TK-01511,"08 12 14 23 25 27"
1512,TK-01512,"02 09 14 18 19 20"
1513,TK-01513,"08 10 18 19 20 26"
1514,TK-01514,"05 07 11 13 17 23"
1515,TK-01515,"09 10 18 19 23 27"
1516,TK-01516,"01 02 04 12 13 19"
1517,TK-01517,"01 08 12 13 16 19"
1518,TK-01518,"05 10 13 18 19 23"
1519,TK-01519,"03 07 08 17 20 21"
1520,TK-01520,"09 14 17 22 23 27"
1521,TK-01521,"01 03 05 12 17 19"
1522,TK-01522,"03 05 07 14 19 21"
1523,TK-01523,"06 08 10 17 22 24"
1524,TK-01524,"02 04 06 14 18 20"
1525,TK-01525,"08 10 12 20 24 26"
1526,TK-01526,"09 12 13 16 26 27"
1527,TK-01527,"02 03 07 09 19 20"
1528,TK-01528,"09 10 17 23 25 27"
1529,TK-01529,"09 16 19 20 26 27"
1530,TK-01530,"03 05 07 11 14 21"
1531,TK-01531,"02 04 08 09 18 20"
1532,TK-01532,"02 07 09 17 18 20"
1533,TK-01533,"03 09 10 14 18 21"
1534,TK-01534,"08 09 10 17 19 26"
1535,TK-01535,"02 03 06 12 19 20"
1536,TK-01536,"03 11 14 16 20 21"
1537,TK-01537,"09 10 12 21 24 27"
1538,TK-01538,"02 03 08 17 19 20"
1539,TK-01539,"06 09 16 22 23 24"
1540,TK-01540,"02 03 14 15 17 20"
1541,TK-01541,"03 06 15 16 17 21"
1542,TK-01542,"08 10 11 17 21 26"
1543,TK-01543,"09 13 16 21 23 27"
1544,TK-01544,"05 06 12 15 17 23"
1545,TK-01545,"08 16 20 21 25 26"
1546,TK-01546,"03 16 17 19 20 21"
1547,TK-01547,"06 16 21 22 23 24"
1548,TK-01548,"05 07 09 12 19 23"
1549,TK-01549,"05 07 12 15 22 23"
1550,TK-01550,"05 07 11 14 17 23"
1551,TK-01551,"01 03 05 09 12 19"
1552,TK-01552,"05 07 18 21 22 23"
1553,TK-01553,"04 10 12 13 14 22"
1554,TK-01554,"04 06 07 10 19 22"
1555,TK-01555,"04 05 09 11 17 22"
1556,TK-01556,"08 16 17 18 21 26"
1557,TK-01557,"01 03 10 11 16 19"
1558,TK-01558,"04 05 10 13 18 22"
1559,TK-01559,"01 05 10 13 14 19"
1560,TK-01560,"06 10 11 16 17 24"
1561,TK-01561,"04 06 08 16 20 22"
1562,TK-01562,"05 07 09 17 21 23"
1563,TK-01563,"08 14 16 20 21 26"
1564,TK-01564,"03 09 14 16 17 21"
1565,TK-01565,"09 12 14 16 17 27"
1566,TK-01566,"01 04 15 16 22 27"
1567,TK-01567,"09 14 16 17 20 27"
1568,TK-01568,"08 16 20 21 22 26"
1569,TK-01569,"03 04 09 12 16 21"
1570,TK-01570,"03 04 07 10 17 21"
1571,TK-01571,"03 04 08 12 16 21"
1572,TK-01572,"05 06 07 08 21 23"
1573,TK-01573,"04 05 08 14 17 22"
1574,TK-01574,"03 10 14 17 20 21"
1575,TK-01575,"02 03 05 14 18 20"
1576,TK-01576,"02 04 10 14 19 20"
1577,TK-01577,"05 10 14 15 17 23"
1578,TK-01578,"05 06 07 10 18 23"
1579,TK-01579,"06 10 12 16 22 24"
1580,TK-01580,"03 05 10 17 19 21"
1581,TK-01581,"05 10 14 18 21 23"
1582,TK-01582,"05 08 10 12 15 23"
1583,TK-01583,"05 10 13 16 19 23"
1584,TK-01584,"05 07 09 16 21 23"
1585,TK-01585,"02 03 04 10 12 20"
1586,TK-01586,"07 11 18 19 21 24"
1587,TK-01587,"07 08 11 13 18 24"
1588,TK-01588,"08 11 13 15 21 25"
1589,TK-01589,"09 11 13 18 21 26"
1590,TK-01590,"09 11 18 21 25 26"
1591,TK-01591,"07 11 17 19 23 24"
1592,TK-01592,"01 02 08 13 15 24"
1593,TK-01593,"08 13 15 17 21 25"
1594,TK-01594,"04 08 15 18 19 21"
1595,TK-01595,"04 11 17 18 19 21"
1596,TK-01596,"07 11 12 18 23 24"
1597,TK-01597,"08 09 12 18 24 25"
1598,TK-01598,"07 11 14 15 20 24"
1599,TK-01599,"06 11 12 18 21 23"
1600,TK-01600,"08 09 11 21 23 25"
1601,TK-01601,"06 15 17 18 21 23"
1602,TK-01602,"07 09 15 17 20 24"
1603,TK-01603,"08 12 15 20 22 25"
1604,TK-01604,"08 11 12 21 23 25"
1605,TK-01605,"09 11 12 20 24 26"
1606,TK-01606,"09 17 18 21 24 26"
1607,TK-01607,"09 17 18 19 20 26"
1608,TK-01608,"06 08 11 12 15 23"
1609,TK-01609,"01 06 07 11 17 18"
1610,TK-01610,"07 14 15 21 23 24"
1611,TK-01611,"09 13 20 21 25 26"
1612,TK-01612,"06 07 13 18 20 23"
1613,TK-01613,"07 09 14 15 22 24"
1614,TK-01614,"01 04 05 13 15 18"
1615,TK-01615,"09 10 15 19 24 26"
1616,TK-01616,"04 11 13 15 16 21"
1617,TK-01617,"08 10 11 13 21 25"
1618,TK-01618,"10 15 19 23 25 27"
1619,TK-01619,"10 11 19 20 24 27"
1620,TK-01620,"02 06 08 11 13 19"
1621,TK-01621,"10 13 19 25 26 27"
1622,TK-01622,"05 09 13 15 19 22"
1623,TK-01623,"06 11 13 16 18 23"
1624,TK-01624,"08 10 14 15 24 25"
1625,TK-01625,"10 19 20 24 25 27"
1626,TK-01626,"03 13 16 18 19 20"
1627,TK-01627,"03 06 08 17 19 20"
1628,TK-01628,"07 09 14 17 20 24"
1629,TK-01629,"03 04 14 17 19 20"
1630,TK-01630,"09 12 14 23 24 26"
1631,TK-01631,"09 17 18 20 21 26"
1632,TK-01632,"09 12 18 22 23 26"
1633,TK-01633,"01 02 14 17 24 27"
1634,TK-01634,"04 07 11 14 20 21"
1635,TK-01635,"09 11 17 21 23 26"
1636,TK-01636,"06 08 09 17 19 23"
1637,TK-01637,"01 16 21 22 26 27"
1638,TK-01638,"06 08 12 13 20 23"
1639,TK-01639,"04 09 13 17 20 21"
1640,TK-01640,"04 06 14 17 19 21"
1641,TK-01641,"10 12 13 17 25 27"
1642,TK-01642,"07 10 17 19 20 24"
1643,TK-01643,"08 16 21 23 24 25"
1644,TK-01644,"10 19 22 23 24 27"
1645,TK-01645,"10 11 21 25 26 27"
1646,TK-01646,"02 06 07 13 17 19"
1647,TK-01647,"09 10 11 19 20 26"
1648,TK-01648,"09 11 14 16 24 26"
1649,TK-01649,"08 10 19 22 23 25"
1650,TK-01650,"10 13 14 15 26 27"
1651,TK-01651,"03 11 14 15 16 20"
1652,TK-01652,"01 02 06 14 18 27"
1653,TK-01653,"01 08 09 13 16 18"
1654,TK-01654,"04 05 06 11 15 21"
1655,TK-01655,"07 08 15 16 22 24"
1656,TK-01656,"10 15 17 21 24 27"
1657,TK-01657,"04 15 16 17 19 21"
1658,TK-01658,"04 10 11 17 19 21"
1659,TK-01659,"07 12 16 18 20 24"
1660,TK-01660,"09 15 16 20 25 26"
1661,TK-01661,"09 16 19 21 24 26"
1662,TK-01662,"08 10 11 14 22 25"
1663,TK-01663,"07 15 16 21 22 24"
1664,TK-01664,"05 11 12 14 15 22"
1665,TK-01665,"07 15 16 21 23 24"
1666,TK-01666,"01 02 07 08 11 18"
1667,TK-01667,"08 11 14 16 21 25"
1668,TK-01668,"06 13 16 18 21 23"
1669,TK-01669,"02 03 04 11 12 19"
1670,TK-01670,"07 09 13 14 16 24"
1671,TK-01671,"08 12 13 16 17 25"
1672,TK-01672,"10 13 15 16 24 27"
1673,TK-01673,"05 11 13 16 19 22"
1674,TK-01674,"06 07 09 12 20 23"
1675,TK-01675,"09 12 17 20 22 26"
1676,TK-01676,"04 06 07 08 14 21"
1677,TK-01677,"02 03 06 07 12 19"
1678,TK-01678,"10 14 20 22 24 27"
1679,TK-01679,"03 05 06 11 14 20"
1680,TK-01680,"06 10 15 21 22 23"
1681,TK-01681,"03 09 10 13 17 20"
1682,TK-01682,"06 10 17 18 22 23"
1683,TK-01683,"09 16 21 22 24 26"
1684,TK-01684,"05 08 11 14 17 22"
1685,TK-01685,"09 10 20 21 25 26"
1686,TK-01686,"06 09 10 12 15 23"
1687,TK-01687,"10 14 17 18 23 27"
1688,TK-01688,"04 06 14 15 16 21"
1689,TK-01689,"01 02 03 08 14 18"
1690,TK-01690,"10 18 21 22 23 27"
1691,TK-01691,"03 07 10 17 18 20"
1692,TK-01692,"01 02 06 09 12 18"
1693,TK-01693,"06 08 10 14 15 23"
1694,TK-01694,"09 10 14 21 24 26"
1695,TK-01695,"07 10 11 12 16 24"
1696,TK-01696,"10 15 16 18 23 27"
1697,TK-01697,"10 16 18 23 25 27"
1698,TK-01698,"01 05 08 10 13 18"
1699,TK-01699,"01 02 05 09 15 18"
1700,TK-01700,"06 14 16 21 22 23"
1701,TK-01701,"05 08 14 17 21 22"
1702,TK-01702,"04 07 10 12 20 21"
1703,TK-01703,"04 09 10 14 20 21"
1704,TK-01704,"10 12 14 21 22 27"
1705,TK-01705,"04 07 08 12 16 21"
1706,TK-01706,"02 03 09 10 17 19"
1707,TK-01707,"01 02 08 16 17 18"
1708,TK-01708,"10 14 15 16 21 27"
1709,TK-01709,"04 05 09 11 16 21"
1710,TK-01710,"10 15 16 17 26 27"
1711,TK-01711,"03 05 14 16 18 20"
1712,TK-01712,"01 09 10 12 16 18"
1713,TK-01713,"05 09 10 14 15 22"
1714,TK-01714,"05 06 09 13 16 22"
1715,TK-01715,"04 05 07 10 11 21"
1716,TK-01716,"02 04 06 08 10 19"
1717,TK-01717,"02 04 10 11 16 19"
1718,TK-01718,"02 06 12 13 26 27"
1719,TK-01719,"11 15 18 19 20 27"
1720,TK-01720,"08 11 15 19 23 24"
1721,TK-01721,"01 02 13 17 25 27"
1722,TK-01722,"01 03 04 05 12 20"
1723,TK-01723,"01 02 04 05 11 22"
1724,TK-01724,"11 13 14 18 24 27"
1725,TK-01725,"08 13 15 19 23 24"
1726,TK-01726,"01 02 03 05 13 22"
1727,TK-01727,"08 09 13 15 21 24"
1728,TK-01728,"08 13 14 17 19 24"
1729,TK-01729,"09 11 14 18 22 25"
1730,TK-01730,"03 09 13 14 15 19"
1731,TK-01731,"01 02 14 15 23 27"
1732,TK-01732,"11 13 14 17 19 27"
1733,TK-01733,"09 15 16 18 19 25"
1734,TK-01734,"11 12 19 22 26 27"
1735,TK-01735,"03 06 07 12 18 19"
1736,TK-01736,"08 11 14 21 22 24"
1737,TK-01737,"06 08 11 14 18 22"
1738,TK-01738,"06 07 13 14 18 22"
1739,TK-01739,"06 09 12 15 19 22"
1740,TK-01740,"03 07 08 15 17 19"
1741,TK-01741,"09 12 18 20 23 25"
1742,TK-01742,"02 03 04 16 23 25"
1743,TK-01743,"07 13 19 21 22 23"
1744,TK-01744,"11 14 15 17 22 27"
1745,TK-01745,"04 07 08 18 19 20"
1746,TK-01746,"03 08 13 15 16 19"
1747,TK-01747,"09 15 16 17 18 25"
1748,TK-01748,"05 11 13 15 17 21"
1749,TK-01749,"09 10 11 20 24 25"
1750,TK-01750,"09 10 13 18 23 25"
1751,TK-01751,"10 18 19 21 25 26"
1752,TK-01752,"06 15 16 18 19 22"
1753,TK-01753,"09 12 17 21 23 25"
1754,TK-01754,"11 17 20 21 23 27"
1755,TK-01755,"04 06 08 14 19 20"
1756,TK-01756,"01 03 04 13 14 17"
1757,TK-01757,"01 04 07 12 13 17"
1758,TK-01758,"01 03 08 09 11 17"
1759,TK-01759,"01 02 07 16 25 26"
1760,TK-01760,"06 17 19 20 21 22"
1761,TK-01761,"01 04 06 09 13 17"
1762,TK-01762,"11 12 13 16 17 27"
1763,TK-01763,"03 11 14 16 17 19"
1764,TK-01764,"05 06 11 13 17 21"
1765,TK-01765,"02 04 11 14 17 18"
1766,TK-01766,"08 10 11 21 23 24"
1767,TK-01767,"07 10 12 13 19 23"
1768,TK-01768,"04 09 10 13 19 20"
1769,TK-01769,"01 05 11 12 13 17"
1770,TK-01770,"09 14 16 19 21 25"
1771,TK-01771,"11 12 16 19 21 27"
1772,TK-01772,"03 04 06 10 11 19"
1773,TK-01773,"10 12 13 22 24 26"
1774,TK-01774,"04 15 16 17 18 20"
1775,TK-01775,"07 13 16 19 22 23"
1776,TK-01776,"10 18 20 21 24 26"
1777,TK-01777,"11 14 15 16 26 27"
1778,TK-01778,"10 18 19 21 22 26"
1779,TK-01779,"07 10 11 12 15 23"
1780,TK-01780,"07 08 12 17 20 23"
1781,TK-01781,"01 07 08 09 14 17"
1782,TK-01782,"02 03 04 07 17 18"
1783,TK-01783,"04 05 07 08 13 20"
1784,TK-01784,"06 08 11 16 17 22"
1785,TK-01785,"06 10 12 18 21 22"
1786,TK-01786,"01 02 03 11 14 17"
1787,TK-01787,"05 06 07 13 17 21"
1788,TK-01788,"07 15 16 17 21 23"
1789,TK-01789,"05 07 09 13 20 21"
1790,TK-01790,"06 07 14 15 16 22"
1791,TK-01791,"01 02 11 12 14 17"
1792,TK-01792,"07 16 17 18 21 23"
1793,TK-01793,"06 12 16 17 18 22"
1794,TK-01794,"04 05 12 17 19 20"
1795,TK-01795,"07 14 16 19 21 23"
1796,TK-01796,"09 10 16 17 24 25"
1797,TK-01797,"10 11 13 14 16 26"
1798,TK-01798,"02 04 05 11 12 18"
1799,TK-01799,"02 04 08 10 13 18"
1800,TK-01800,"10 11 16 17 18 26"
1801,TK-01801,"10 15 16 19 21 26"
1802,TK-01802,"06 10 14 17 20 22"
1803,TK-01803,"01 08 09 10 12 17"
1804,TK-01804,"04 06 09 14 16 20"
1805,TK-01805,"07 09 10 14 17 23"
1806,TK-01806,"04 05 08 12 17 20"
1807,TK-01807,"02 04 05 08 12 18"
1808,TK-01808,"05 08 10 14 18 21"
1809,TK-01809,"05 08 10 11 14 21"
1810,TK-01810,"10 16 17 18 21 26"
1811,TK-01811,"10 11 12 16 17 26"
1812,TK-01812,"07 10 16 19 22 23"
1813,TK-01813,"01 02 05 06 09 17"
1814,TK-01814,"09 13 14 18 19 24"
1815,TK-01815,"11 14 19 20 24 26"
1816,TK-01816,"04 11 12 14 15 19"
1817,TK-01817,"01 05 06 10 24 27"
1818,TK-01818,"07 12 13 15 18 22"
1819,TK-01819,"06 13 15 19 20 21"
1820,TK-01820,"09 14 15 18 20 24"
1821,TK-01821,"11 12 15 18 22 26"
1822,TK-01822,"09 11 13 17 23 24"
1823,TK-01823,"09 11 12 14 15 24"
1824,TK-01824,"01 02 05 14 25 27"
1825,TK-01825,"01 10 11 23 26 27"
1826,TK-01826,"10 13 18 19 23 25"
1827,TK-01827,"10 11 12 18 19 25"
1828,TK-01828,"04 05 11 13 15 19"
1829,TK-01829,"05 11 13 15 19 20"
1830,TK-01830,"09 12 17 18 22 24"
1831,TK-01831,"12 15 20 21 25 27"
1832,TK-01832,"06 07 13 19 20 21"
1833,TK-01833,"03 11 12 14 17 18"
1834,TK-01834,"06 09 11 12 15 21"
1835,TK-01835,"12 17 19 23 24 27"
1836,TK-01836,"08 16 22 23 24 25"
1837,TK-01837,"03 07 08 11 14 18"
1838,TK-01838,"12 14 15 18 21 27"
1839,TK-01839,"07 09 17 18 19 22"
1840,TK-01840,"12 17 18 19 23 27"
1841,TK-01841,"01 04 11 16 24 27"
1842,TK-01842,"04 10 20 24 25 26"
1843,TK-01843,"01 03 07 16 23 27"
1844,TK-01844,"11 13 14 16 25 26"
1845,TK-01845,"03 05 12 13 15 18"
1846,TK-01846,"09 14 16 18 19 24"
1847,TK-01847,"10 13 17 18 21 25"
1848,TK-01848,"05 06 11 15 19 20"
1849,TK-01849,"11 15 16 17 18 26"
1850,TK-01850,"05 11 17 18 19 20"
1851,TK-01851,"06 07 14 15 20 21"
1852,TK-01852,"02 06 07 12 26 27"
1853,TK-01853,"07 08 13 17 21 22"
1854,TK-01854,"04 07 12 14 17 19"
1855,TK-01855,"08 12 19 20 22 23"
1856,TK-01856,"12 14 19 20 22 27"
1857,TK-01857,"08 12 14 15 20 23"
1858,TK-01858,"03 06 11 12 16 18"
1859,TK-01859,"09 13 16 22 23 24"
1860,TK-01860,"11 16 17 20 25 26"
1861,TK-01861,"06 10 11 12 18 21"
1862,TK-01862,"10 11 12 14 22 25"
1863,TK-01863,"03 07 13 14 16 18"
1864,TK-01864,"06 07 11 16 18 21"
1865,TK-01865,"05 11 12 17 19 20"
1866,TK-01866,"09 14 16 18 20 24"
1867,TK-01867,"11 14 16 19 23 26"
1868,TK-01868,"04 07 09 10 13 19"
1869,TK-01869,"05 08 13 14 15 20"
1870,TK-01870,"05 06 09 11 13 20"
1871,TK-01871,"10 20 21 22 24 25"
1872,TK-01872,"04 12 14 15 16 19"
1873,TK-01873,"09 10 11 16 18 24"
1874,TK-01874,"08 11 16 17 21 23"
1875,TK-01875,"02 04 07 08 13 17"
1876,TK-01876,"06 09 15 16 20 21"
1877,TK-01877,"12 16 17 19 23 27"
1878,TK-01878,"12 14 16 18 21 27"
1879,TK-01879,"03 07 08 10 14 18"
1880,TK-01880,"07 10 13 20 21 22"
1881,TK-01881,"08 10 11 12 17 23"
1882,TK-01882,"05 06 09 11 14 20"
1883,TK-01883,"08 10 12 18 21 23"
1884,TK-01884,"08 12 16 18 21 23"
1885,TK-01885,"07 16 17 18 20 22"
1886,TK-01886,"04 05 09 10 18 19"
1887,TK-01887,"05 07 11 16 19 20"
1888,TK-01888,"01 02 11 12 15 16"
1889,TK-01889,"09 10 12 16 19 24"
1890,TK-01890,"10 13 16 22 23 25"
1891,TK-01891,"12 14 16 21 26 27"
1892,TK-01892,"07 10 15 16 20 22"
1893,TK-01893,"02 04 08 11 16 17"
1894,TK-01894,"04 07 08 10 16 19"
1895,TK-01895,"06 10 15 16 17 21"
1896,TK-01896,"03 07 10 12 16 18"
1897,TK-01897,"10 16 17 20 23 25"
1898,TK-01898,"04 05 06 10 17 19"
1899,TK-01899,"01 03 05 14 15 16"
1900,TK-01900,"05 09 12 13 16 20"
1901,TK-01901,"02 05 10 11 15 17"
1902,TK-01902,"02 05 10 11 13 17"
1903,TK-01903,"01 04 09 10 14 16"
1904,TK-01904,"01 03 05 07 08 16"
1905,TK-01905,"11 12 15 19 20 25"
1906,TK-01906,"13 14 15 18 25 27"
1907,TK-01907,"01 02 05 06 11 27"
1908,TK-01908,"13 15 20 21 25 27"
1909,TK-01909,"02 04 13 22 26 27"
1910,TK-01910,"06 12 13 15 19 20"
1911,TK-01911,"06 11 13 14 15 20"
1912,TK-01912,"01 02 04 17 22 24"
1913,TK-01913,"13 14 17 24 25 27"
1914,TK-01914,"13 14 15 17 18 27"
1915,TK-01915,"01 02 03 15 21 23"
1916,TK-01916,"08 10 22 24 25 26"
1917,TK-01917,"05 11 12 13 15 19"
1918,TK-01918,"02 03 04 06 09 20"
1919,TK-01919,"06 08 13 14 18 20"
1920,TK-01920,"07 09 14 15 19 21"
1921,TK-01921,"12 14 19 20 24 26"
1922,TK-01922,"12 13 14 15 21 26"
1923,TK-01923,"06 08 14 15 18 20"
1924,TK-01924,"08 12 15 18 21 22"
1925,TK-01925,"01 02 04 12 19 24"
1926,TK-01926,"04 07 09 12 15 18"
1927,TK-01927,"12 13 21 22 25 26"
1928,TK-01928,"01 03 05 14 21 27"
1929,TK-01929,"06 09 13 14 15 20"
1930,TK-01930,"01 04 10 18 24 27"
1931,TK-01931,"04 05 06 11 15 18"
1932,TK-01932,"05 07 09 13 15 19"
1933,TK-01933,"10 11 17 18 23 24"
1934,TK-01934,"10 13 14 17 18 24"
1935,TK-01935,"13 16 18 19 21 27"
1936,TK-01936,"10 11 13 20 21 24"
1937,TK-01937,"06 16 23 25 26 27"
1938,TK-01938,"01 02 06 08 20 27"
1939,TK-01939,"12 14 19 20 23 26"
1940,TK-01940,"09 13 14 21 22 23"
1941,TK-01941,"13 14 17 23 26 27"
1942,TK-01942,"04 06 11 12 16 18"
1943,TK-01943,"05 07 12 13 17 19"
1944,TK-01944,"10 12 17 18 22 24"
1945,TK-01945,"06 13 14 15 16 20"
1946,TK-01946,"07 10 17 18 19 21"
1947,TK-01947,"08 11 12 16 18 22"
1948,TK-01948,"05 07 08 09 13 19"
1949,TK-01949,"05 07 11 12 17 19"
1950,TK-01950,"05 06 09 14 15 19"
1951,TK-01951,"01 04 06 10 13 15"
1952,TK-01952,"05 06 08 11 14 19"
1953,TK-01953,"07 08 10 11 19 21"
1954,TK-01954,"10 13 15 16 23 24"
1955,TK-01955,"05 11 13 16 17 19"
1956,TK-01956,"10 12 16 18 19 24"
1957,TK-01957,"10 11 16 17 19 24"
1958,TK-01958,"09 11 16 17 21 23"
1959,TK-01959,"01 02 04 09 14 15"
1960,TK-01960,"08 11 12 14 16 22"
1961,TK-01961,"13 14 16 20 26 27"
1962,TK-01962,"04 06 09 10 12 18"
1963,TK-01963,"01 03 05 09 12 15"
1964,TK-01964,"06 10 12 13 17 20"
1965,TK-01965,"10 17 20 21 23 24"
1966,TK-01966,"01 02 06 07 12 15"
1967,TK-01967,"03 05 07 11 14 17"
1968,TK-01968,"03 05 10 11 15 17"
1969,TK-01969,"05 08 10 11 14 19"
1970,TK-01970,"10 14 15 16 21 24"
1971,TK-01971,"05 06 07 15 16 19"
1972,TK-01972,"06 07 09 10 12 20"
1973,TK-01973,"08 12 16 17 20 22"
1974,TK-01974,"07 09 12 14 16 21"
1975,TK-01975,"07 09 10 14 20 21"
1976,TK-01976,"08 10 15 16 20 22"
1977,TK-01977,"02 03 06 14 15 16"
1978,TK-01978,"09 10 16 17 19 23"
1979,TK-01979,"05 06 14 16 17 19"
1980,TK-01980,"05 07 12 16 17 19"
1981,TK-01981,"02 03 06 07 15 16"
1982,TK-01982,"02 03 06 13 14 16"
1983,TK-01983,"02 06 07 08 15 16"
1984,TK-01984,"05 10 14 16 18 19"
1985,TK-01985,"05 07 10 16 18 19"
1986,TK-01986,"01 04 10 23 25 27"
1987,TK-01987,"01 02 03 20 23 27"
1988,TK-01988,"01 02 11 18 22 25"
1989,TK-01989,"09 17 21 22 25 26"
1990,TK-01990,"01 02 08 18 25 26"
1991,TK-01991,"12 15 17 18 19 25"
1992,TK-01992,"12 13 15 17 24 25"
1993,TK-01993,"01 03 04 05 09 22"
1994,TK-01994,"12 13 15 17 22 25"
1995,TK-01995,"12 13 14 15 23 25"
1996,TK-01996,"01 02 11 22 26 27"
1997,TK-01997,"01 02 03 06 08 22"
1998,TK-01998,"12 15 17 19 21 25"
1999,TK-01999,"03 04 08 09 15 20"
2000,TK-02000,"13 14 17 22 24 26"
2001,TK-02001,"05 18 20 25 26 27"
2002,TK-02002,"04 07 16 24 25 26"
2003,TK-02003,"11 12 14 21 22 24"
2004,TK-02004,"07 08 12 13 19 20"
2005,TK-02005,"01 02 03 21 23 25"
2006,TK-02006,"13 15 20 23 26 27"
2007,TK-02007,"05 08 13 15 17 18"
2008,TK-02008,"12 13 16 18 20 25"
2009,TK-02009,"05 07 08 11 13 18"
2010,TK-02010,"11 12 15 16 23 24"
2011,TK-02011,"08 09 12 18 20 21"
2012,TK-02012,"02 04 06 09 11 15"
2013,TK-02013,"05 09 12 14 15 18"
2014,TK-02014,"10 12 13 15 20 23"
2015,TK-02015,"02 03 04 09 11 15"
2016,TK-02016,"10 14 17 18 19 23"
2017,TK-02017,"06 08 10 11 12 19"
2018,TK-02018,"04 06 07 08 12 17"
2019,TK-02019,"01 02 08 11 12 14"
2020,TK-02020,"06 09 10 14 17 19"
2021,TK-02021,"09 12 15 16 20 22"
2022,TK-02022,"14 16 19 21 23 27"
2023,TK-02023,"13 16 17 22 23 26"
2024,TK-02024,"06 07 08 10 14 19"
2025,TK-02025,"05 06 08 15 16 18"
2026,TK-02026,"05 09 15 16 17 18"
2027,TK-02027,"03 05 08 11 13 16"
2028,TK-02028,"05 09 10 12 13 18"
2029,TK-02029,"05 08 10 11 12 18"
2030,TK-02030,"10 16 18 19 22 23"
2031,TK-02031,"09 10 12 17 20 22"
2032,TK-02032,"01 02 03 04 06 14"
2033,TK-02033,"08 10 16 18 20 21"
2034,TK-02034,"09 10 16 19 21 22"
2035,TK-02035,"02 04 05 06 12 15"
2036,TK-02036,"03 04 05 13 14 16"
2037,TK-02037,"02 04 08 10 12 15"
2038,TK-02038,"02 05 08 10 13 15"
2039,TK-02039,"01 04 05 09 10 14"
2040,TK-02040,"03 09 10 12 14 16"
2041,TK-02041,"01 17 21 22 26 27"
2042,TK-02042,"01 02 03 07 11 26"
2043,TK-02043,"13 17 23 25 26 27"
2044,TK-02044,"13 14 17 19 21 25"
2045,TK-02045,"01 02 14 22 24 25"
2046,TK-02046,"13 20 22 23 24 26"
2047,TK-02047,"01 03 04 20 21 22"
2048,TK-02048,"01 07 17 20 25 27"
2049,TK-02049,"01 02 03 06 23 26"
2050,TK-02050,"11 17 19 20 21 24"
2051,TK-02051,"13 16 19 21 24 25"
2052,TK-02052,"13 15 16 23 24 25"
2053,TK-02053,"07 08 09 11 14 20"
2054,TK-02054,"01 05 18 22 26 27"
2055,TK-02055,"11 12 13 14 21 23"
2056,TK-02056,"01 02 03 04 07 24"
2057,TK-02057,"15 17 19 20 26 27"
2058,TK-02058,"11 12 17 19 22 23"
2059,TK-02059,"07 08 09 18 20 21"
2060,TK-02060,"01 02 04 15 25 27"
2061,TK-02061,"10 13 18 19 20 22"
2062,TK-02062,"06 11 15 16 17 18"
2063,TK-02063,"14 17 19 20 22 26"
2064,TK-02064,"01 02 03 18 24 26"
2065,TK-02065,"14 17 19 21 23 26"
2066,TK-02066,"09 13 14 17 20 21"
2067,TK-02067,"09 12 15 17 20 21"
2068,TK-02068,"03 07 10 11 12 15"
2069,TK-02069,"08 09 10 15 19 20"
2070,TK-02070,"11 16 19 21 22 23"
2071,TK-02071,"12 14 16 17 19 24"
2072,TK-02072,"12 16 17 19 22 24"
2073,TK-02073,"10 13 14 17 19 22"
2074,TK-02074,"06 08 10 13 17 18"
2075,TK-02075,"08 10 13 17 18 20"
2076,TK-02076,"09 10 15 18 20 21"
2077,TK-02077,"06 10 11 14 17 18"
2078,TK-02078,"01 02 03 07 12 13"
2079,TK-02079,"04 07 08 09 13 16"
2080,TK-02080,"01 04 08 10 12 13"
2081,TK-02081,"03 04 05 07 08 15"
2082,TK-02082,"04 08 11 12 14 16"
2083,TK-02083,"12 14 16 21 23 24"
2084,TK-02084,"01 02 03 06 25 27"
2085,TK-02085,"05 07 12 13 14 17"
2086,TK-02086,"10 14 19 20 21 22"
2087,TK-02087,"03 04 05 10 11 15"
2088,TK-02088,"08 10 13 15 16 20"
2089,TK-02089,"01 02 05 07 12 13"
2090,TK-02090,"02 03 05 06 13 14"
2091,TK-02091,"01 02 03 05 07 13"
2092,TK-02092,"01 02 03 09 10 13"
2093,TK-02093,"05 06 10 11 12 17"
2094,TK-02094,"03 05 06 09 10 15"
2095,TK-02095,"04 05 10 11 15 16"
2096,TK-02096,"14 20 21 23 25 26"
2097,TK-02097,"08 11 20 23 26 27"
2098,TK-02098,"01 02 18 19 25 27"
2099,TK-02099,"03 04 05 07 09 15"
2100,TK-02100,"04 17 20 24 25 26"
2101,TK-02101,"15 16 19 20 25 26"
2102,TK-02102,"13 16 18 21 22 24"
2103,TK-02103,"14 16 18 22 24 25"
2104,TK-02104,"16 18 19 21 25 27"
2105,TK-02105,"15 16 18 19 23 26"
2106,TK-02106,"14 15 16 18 20 25"
2107,TK-02107,"16 17 18 24 25 27"
2108,TK-02108,"09 12 14 17 18 20"
2109,TK-02109,"10 12 15 17 18 21"
2110,TK-02110,"06 08 10 11 14 17"
2111,TK-02111,"02 06 09 10 11 13"
2112,TK-02112,"02 03 05 06 11 13"
2113,TK-02113,"10 11 12 15 16 21"
2114,TK-02114,"01 03 08 09 10 12"
2115,TK-02115,"02 03 09 10 12 13"
2116,TK-02116,"01 02 03 05 11 12"
2117,TK-02117,"02 03 06 07 10 13"
2118,TK-02118,"03 04 05 08 10 14"
2119,TK-02119,"01 04 20 23 26 27"
2120,TK-02120,"07 09 20 22 23 25"
2121,TK-02121,"01 04 12 22 26 27"
2122,TK-02122,"17 20 22 24 25 27"
2123,TK-02123,"01 02 06 13 24 26"
2124,TK-02124,"11 13 14 16 18 21"
2125,TK-02125,"16 18 19 23 25 26"
2126,TK-02126,"09 11 13 14 16 19"
2127,TK-02127,"10 13 15 17 19 20"
2128,TK-02128,"15 16 17 18 23 25"
2129,TK-02129,"01 05 06 15 22 27"
2130,TK-02130,"04 05 09 11 13 14"
2131,TK-02131,"03 05 08 11 12 13"
2132,TK-02132,"16 17 18 19 21 26"
2133,TK-02133,"08 13 14 16 17 18"
2134,TK-02134,"13 14 15 16 20 23"
2135,TK-02135,"07 08 20 25 26 27"
2136,TK-02136,"07 11 12 15 16 17"
2137,TK-02137,"12 16 18 19 21 22"
2138,TK-02138,"16 19 21 22 23 26"
2139,TK-02139,"01 02 03 07 08 11"
2140,TK-02140,"11 12 14 16 20 21"
2141,TK-02141,"10 11 13 16 17 20"
2142,TK-02142,"02 03 04 06 09 12"
2143,TK-02143,"03 05 09 10 12 13"
2144,TK-02144,"06 22 23 24 26 27"
2145,TK-02145,"01 05 06 25 26 27"
2146,TK-02146,"08 09 20 21 23 24"
2147,TK-02147,"10 11 13 15 17 19"
2148,TK-02148,"10 14 15 17 18 19"
2149,TK-02149,"07 11 12 13 15 16"
2150,TK-02150,"16 17 18 20 22 25"
2151,TK-02151,"12 16 17 18 20 21"
2152,TK-02152,"02 03 05 06 07 11"
2153,TK-02153,"13 22 23 24 26 27"
2154,TK-02154,"15 16 18 19 22 23"
2155,TK-02155,"16 17 18 19 20 24"
2156,TK-02156,"03 04 05 09 11 13"
2157,TK-02157,"16 17 19 22 23 24"
2158,TK-02158,"14 16 18 19 20 22"
2159,TK-02159,"03 04 06 09 10 11"
2160,TK-02160,"06 07 09 10 13 14"
2161,TK-02161,"08 10 11 12 15 16"
2162,TK-02162,"10 11 12 16 17 18"
2163,TK-02163,"04 05 06 07 08 12"
2164,TK-02164,"03 04 20 25 26 27"
2165,TK-02165,"01 04 12 21 25 27"
2166,TK-02166,"01 07 23 24 26 27"
2167,TK-02167,"07 08 21 23 24 25"
2168,TK-02168,"11 12 13 16 17 18"
2169,TK-02169,"01 03 07 22 26 27"
2170,TK-02170,"01 03 04 08 09 23"
2171,TK-02171,"04 14 24 25 26 27"
2172,TK-02172,"08 09 19 21 22 23"
2173,TK-02173,"11 14 16 17 18 19"
2174,TK-02174,"01 03 04 07 12 22"
2175,TK-02175,"18 20 21 22 23 26"
2176,TK-02176,"06 14 20 25 26 27"
2177,TK-02177,"07 09 12 22 24 25"
2178,TK-02178,"14 15 17 22 23 24"
2179,TK-02179,"01 03 07 12 20 27"
2180,TK-02180,"04 06 15 23 26 27"
2181,TK-02181,"12 14 18 20 21 22"
2182,TK-02182,"01 03 07 09 12 27"
2183,TK-02183,"15 17 20 22 23 25"
2184,TK-02184,"08 19 20 21 22 24"
2185,TK-02185,"04 06 07 08 09 18"
2186,TK-02186,"09 13 14 22 23 24"
2187,TK-02187,"01 03 04 06 20 27"
2188,TK-02188,"11 17 21 24 25 26"
2189,TK-02189,"07 08 15 22 23 25"
2190,TK-02190,"06 07 12 24 26 27"
2191,TK-02191,"06 08 12 13 15 17"
2192,TK-02192,"09 11 20 21 23 24"
2193,TK-02193,"01 04 06 17 19 27"
2194,TK-02194,"09 17 18 22 23 24"
2195,TK-02195,"12 14 19 21 23 25"
2196,TK-02196,"01 03 06 20 26 27"
2197,TK-02197,"03 07 08 09 11 15"
2198,TK-02198,"14 19 21 22 24 26"
2199,TK-02199,"06 07 08 13 17 18"
2200,TK-02200,"01 12 13 25 26 27"
2201,TK-02201,"03 04 08 15 24 25"
2202,TK-02202,"09 11 12 21 23 24"
2203,TK-02203,"01 09 18 22 26 27"
2204,TK-02204,"14 19 21 22 23 24"
2205,TK-02205,"04 06 07 11 15 17"
2206,TK-02206,"13 19 20 21 25 27"
2207,TK-02207,"01 03 08 09 13 15"
2208,TK-02208,"07 18 23 25 26 27"
2209,TK-02209,"09 14 18 19 20 21"
2210,TK-02210,"11 21 22 23 24 26"
2211,TK-02211,"03 04 06 15 20 25"
2212,TK-02212,"01 14 19 23 26 27"
2213,TK-02213,"07 11 12 13 17 18"
2214,TK-02214,"01 03 04 08 11 19"
2215,TK-02215,"12 13 14 15 22 24"
2216,TK-02216,"11 17 22 24 25 27"
2217,TK-02217,"01 03 07 18 23 27"
2218,TK-02218,"06 07 11 14 15 17"
2219,TK-02219,"08 09 15 22 24 25"
2220,TK-02220,"09 11 13 14 18 21"
2221,TK-02221,"03 06 07 13 14 15"
2222,TK-02222,"13 20 23 24 25 26"
2223,TK-02223,"14 18 19 22 23 27"
2224,TK-02224,"13 20 22 23 24 25"
2225,TK-02225,"06 08 11 12 13 18"
2226,TK-02226,"14 15 19 20 21 24"
2227,TK-02227,"01 03 18 22 25 27"
2228,TK-02228,"14 18 19 22 26 27"
2229,TK-02229,"03 04 06 11 13 18"
2230,TK-02230,"14 15 21 23 24 25"
2231,TK-02231,"07 09 19 22 24 25"
2232,TK-02232,"01 07 08 11 13 15"
2233,TK-02233,"06 19 23 25 26 27"
2234,TK-02234,"08 11 14 15 19 20"
2235,TK-02235,"14 18 21 24 25 26"
2236,TK-02236,"11 12 17 19 24 25"
2237,TK-02237,"12 13 14 15 23 24"
2238,TK-02238,"11 13 21 22 25 26"
2239,TK-02239,"09 11 12 14 15 18"
2240,TK-02240,"18 19 21 23 25 27"
2241,TK-02241,"01 06 07 11 13 15"
2242,TK-02242,"18 19 20 22 25 27"
2243,TK-02243,"14 19 20 24 25 26"
2244,TK-02244,"11 13 17 18 23 24"
2245,TK-02245,"12 15 18 19 22 23"
2246,TK-02246,"09 11 13 21 24 25"
2247,TK-02247,"14 15 18 19 21 27"
2248,TK-02248,"01 11 13 23 25 27"
2249,TK-02249,"09 13 19 21 24 25"
2250,TK-02250,"12 13 18 20 24 25"
2251,TK-02251,"07 11 12 13 15 19"
2252,TK-02252,"13 15 18 20 24 26"
2253,TK-02253,"09 15 18 22 24 25"
2254,TK-02254,"12 15 18 19 20 25"
2255,TK-02255,"11 12 13 14 19 24"
2256,TK-02256,"09 11 19 22 24 25"
2257,TK-02257,"11 15 18 25 26 27"
2258,TK-02258,"11 12 18 23 24 25"
2259,TK-02259,"12 13 15 19 24 25"
2260,TK-02260,"11 13 18 19 23 25"
2261,TK-02261,"05 21 22 24 25 27"
2262,TK-02262,"04 21 22 23 25 26"
2263,TK-02263,"02 20 22 25 26 27"
2264,TK-02264,"02 20 21 24 26 27"
2265,TK-02265,"04 20 21 22 23 27"
2266,TK-02266,"02 19 22 24 25 26"
2267,TK-02267,"06 21 24 25 26 27"
2268,TK-02268,"01 19 21 22 25 27"
2269,TK-02269,"03 19 20 23 24 27"
2270,TK-02270,"02 19 20 22 24 27"
2271,TK-02271,"05 19 20 22 23 27"
2272,TK-02272,"03 19 20 22 23 25"
2273,TK-02273,"06 19 20 23 24 25"
2274,TK-02274,"05 20 21 22 26 27"
2275,TK-02275,"02 19 20 21 22 25"
2276,TK-02276,"01 18 22 24 25 26"
2277,TK-02277,"02 18 23 24 25 27"
2278,TK-02278,"03 18 21 22 26 27"
2279,TK-02279,"05 18 20 23 24 27"
2280,TK-02280,"01 18 20 24 26 27"
2281,TK-02281,"04 18 20 21 24 25"
2282,TK-02282,"03 18 20 21 22 24"
2283,TK-02283,"05 18 19 24 26 27"
2284,TK-02284,"06 18 19 23 24 26"
2285,TK-02285,"06 18 19 22 23 25"
2286,TK-02286,"02 18 19 21 24 27"
2287,TK-02287,"05 18 19 21 22 25"
2288,TK-02288,"04 18 19 20 23 27"
2289,TK-02289,"02 18 20 22 24 26"
2290,TK-02290,"01 18 19 20 23 24"
2291,TK-02291,"06 18 19 20 21 26"
2292,TK-02292,"06 17 23 24 25 26"
2293,TK-02293,"04 17 21 23 24 27"
2294,TK-02294,"01 17 21 22 23 25"
2295,TK-02295,"05 17 20 23 24 27"
2296,TK-02296,"05 17 21 25 26 27"
2297,TK-02297,"02 17 20 21 22 24"
2298,TK-02298,"03 17 24 25 26 27"
2299,TK-02299,"04 17 19 22 25 26"
2300,TK-02300,"03 17 19 22 24 27"
2301,TK-02301,"03 17 19 23 26 27"
2302,TK-02302,"05 17 19 22 25 27"
2303,TK-02303,"06 17 19 24 26 27"
2304,TK-02304,"04 17 19 20 23 24"
2305,TK-02305,"02 17 19 20 23 25"
2306,TK-02306,"04 17 18 23 24 26"
2307,TK-02307,"02 17 18 22 25 27"
2308,TK-02308,"04 17 18 22 23 25"
2309,TK-02309,"02 18 21 23 26 27"
2310,TK-02310,"02 17 18 21 23 25"
2311,TK-02311,"05 17 18 21 24 27"
2312,TK-02312,"01 17 18 21 24 25"
2313,TK-02313,"05 17 18 20 23 25"
2314,TK-02314,"01 17 18 20 22 23"
2315,TK-02315,"03 18 20 21 25 27"
2316,TK-02316,"05 17 18 20 21 22"
2317,TK-02317,"06 17 18 19 25 26"
2318,TK-02318,"01 17 19 23 24 25"
2319,TK-02319,"02 17 18 19 23 26"
2320,TK-02320,"04 18 19 21 23 24"
2321,TK-02321,"02 17 18 19 21 22"
2322,TK-02322,"04 17 18 20 21 25"
2323,TK-02323,"05 18 19 20 21 23"
2324,TK-02324,"03 16 22 24 25 27"
2325,TK-02325,"02 16 23 24 26 27"
2326,TK-02326,"05 16 20 24 25 27"
2327,TK-02327,"01 16 20 22 24 27"
2328,TK-02328,"06 16 20 22 24 26"
2329,TK-02329,"03 16 20 22 23 27"
2330,TK-02330,"05 16 20 22 23 25"
2331,TK-02331,"04 16 20 21 23 26"
2332,TK-02332,"01 16 20 21 23 25"
2333,TK-02333,"05 16 20 21 23 24"
2334,TK-02334,"05 16 20 21 22 27"
2335,TK-02335,"04 16 19 24 26 27"
2336,TK-02336,"05 16 19 23 25 27"
2337,TK-02337,"05 16 19 22 26 27"
2338,TK-02338,"02 16 19 20 23 24"
2339,TK-02339,"01 16 19 20 24 25"
2340,TK-02340,"04 16 18 22 25 26"
2341,TK-02341,"05 16 18 22 24 27"
2342,TK-02342,"05 16 18 23 26 27"
2343,TK-02343,"02 16 18 22 23 26"
2344,TK-02344,"01 16 18 24 26 27"
2345,TK-02345,"06 18 21 23 24 27"
2346,TK-02346,"06 16 18 20 24 25"
2347,TK-02347,"02 16 18 20 23 26"
2348,TK-02348,"06 16 18 20 26 27"
2349,TK-02349,"06 18 20 22 23 24"
2350,TK-02350,"06 16 20 21 24 27"
2351,TK-02351,"03 16 18 20 21 23"
2352,TK-02352,"06 16 18 19 23 27"
2353,TK-02353,"01 16 18 19 24 26"
2354,TK-02354,"02 16 17 22 24 26"
2355,TK-02355,"01 16 17 22 25 27"
2356,TK-02356,"02 16 17 21 26 27"
2357,TK-02357,"05 16 17 21 25 27"
2358,TK-02358,"04 16 17 21 22 24"
2359,TK-02359,"03 17 21 22 23 27"
2360,TK-02360,"03 16 17 20 24 26"
2361,TK-02361,"04 16 17 20 23 27"
2362,TK-02362,"04 16 17 22 26 27"
2363,TK-02363,"05 16 17 21 24 25"
2364,TK-02364,"02 16 17 21 22 23"
2365,TK-02365,"01 16 19 25 26 27"
2366,TK-02366,"06 16 19 24 25 26"
2367,TK-02367,"03 16 19 21 22 27"
2368,TK-02368,"06 16 19 20 23 26"
2369,TK-02369,"04 16 19 20 22 27"
2370,TK-02370,"01 16 17 18 23 27"
2371,TK-02371,"01 16 17 18 21 22"
2372,TK-02372,"02 16 17 18 19 27"
2373,TK-02373,"02 15 23 24 25 26"
2374,TK-02374,"06 15 22 25 26 27"
2375,TK-02375,"04 15 23 24 25 27"
2376,TK-02376,"01 15 21 23 25 26"
2377,TK-02377,"03 15 21 24 26 27"
2378,TK-02378,"04 15 21 22 24 26"
2379,TK-02379,"02 15 21 22 23 26"
2380,TK-02380,"03 15 21 22 23 27"
2381,TK-02381,"01 15 20 22 24 26"
2382,TK-02382,"04 15 20 22 23 24"
2383,TK-02383,"06 15 20 24 25 26"
2384,TK-02384,"06 15 20 21 22 26"
2385,TK-02385,"01 15 19 24 25 26"
2386,TK-02386,"02 15 19 23 24 27"
2387,TK-02387,"02 15 19 22 24 26"
2388,TK-02388,"01 15 22 24 25 27"
2389,TK-02389,"05 15 19 22 23 25"
2390,TK-02390,"01 15 19 21 26 27"
2391,TK-02391,"02 15 19 21 24 25"
2392,TK-02392,"01 15 19 21 22 25"
2393,TK-02393,"05 15 20 23 24 26"
2394,TK-02394,"05 15 20 22 24 25"
2395,TK-02395,"04 15 19 20 21 23"
2396,TK-02396,"02 15 19 20 21 27"
2397,TK-02397,"06 15 18 23 24 26"
2398,TK-02398,"01 15 18 22 24 27"
2399,TK-02399,"05 15 18 22 23 27"
2400,TK-02400,"06 15 18 21 24 25"
2401,TK-02401,"01 15 18 21 25 27"
2402,TK-02402,"03 15 18 21 25 26"
2403,TK-02403,"02 15 18 20 24 25"
2404,TK-02404,"06 15 20 23 25 27"
2405,TK-02405,"04 15 18 23 25 26"
2406,TK-02406,"05 15 18 20 22 26"
2407,TK-02407,"01 15 18 20 21 23"
2408,TK-02408,"04 15 18 20 22 25"
2409,TK-02409,"05 15 18 24 25 27"
2410,TK-02410,"03 18 19 23 24 25"
2411,TK-02411,"02 15 18 19 22 25"
2412,TK-02412,"01 15 18 19 21 24"
2413,TK-02413,"03 15 18 19 20 22"
2414,TK-02414,"04 15 17 24 26 27"
2415,TK-02415,"02 15 17 22 24 25"
2416,TK-02416,"01 15 17 21 23 27"
2417,TK-02417,"03 17 21 23 24 26"
2418,TK-02418,"06 15 17 20 21 24"
2419,TK-02419,"05 15 17 20 22 27"
2420,TK-02420,"01 15 17 19 25 27"
2421,TK-02421,"04 15 17 23 25 26"
2422,TK-02422,"06 15 17 19 23 24"
2423,TK-02423,"02 15 17 19 21 24"
2424,TK-02424,"05 15 17 19 21 22"
2425,TK-02425,"05 15 17 19 24 25"
2426,TK-02426,"03 17 19 20 22 24"
2427,TK-02427,"02 15 17 18 25 26"
2428,TK-02428,"01 15 17 18 26 27"
2429,TK-02429,"02 15 17 18 23 24"
2430,TK-02430,"02 15 17 18 22 26"
2431,TK-02431,"02 15 17 18 21 27"
2432,TK-02432,"04 15 17 18 21 24"
2433,TK-02433,"05 15 17 18 20 24"
2434,TK-02434,"04 15 17 18 20 23"
2435,TK-02435,"05 17 18 19 24 26"
2436,TK-02436,"06 15 17 18 19 20"
2437,TK-02437,"05 15 16 25 26 27"
2438,TK-02438,"02 15 16 22 26 27"
2439,TK-02439,"02 15 16 24 25 26"
2440,TK-02440,"03 15 16 23 25 27"
2441,TK-02441,"04 15 16 22 23 26"
2442,TK-02442,"02 15 16 22 23 24"
2443,TK-02443,"05 15 16 21 24 27"
2444,TK-02444,"05 15 16 21 23 26"
2445,TK-02445,"02 15 16 21 22 25"
2446,TK-02446,"01 15 16 20 24 26"
2447,TK-02447,"05 15 16 20 23 27"
2448,TK-02448,"01 15 16 20 25 27"
2449,TK-02449,"02 15 16 20 21 26"
2450,TK-02450,"03 15 16 20 24 25"
2451,TK-02451,"05 15 16 20 21 22"
2452,TK-02452,"15 16 19 22 25 27"
2453,TK-02453,"01 15 16 19 21 23"
2454,TK-02454,"04 15 16 19 20 24"
2455,TK-02455,"05 15 16 18 22 24"
2456,TK-02456,"01 15 16 18 21 26"
2457,TK-02457,"06 15 16 20 24 27"
2458,TK-02458,"04 16 18 20 23 24"
2459,TK-02459,"02 15 16 18 20 21"
2460,TK-02460,"01 15 16 17 24 27"
2461,TK-02461,"06 15 16 17 25 26"
2462,TK-02462,"04 15 16 17 24 26"
2463,TK-02463,"03 15 16 17 21 27"
2464,TK-02464,"03 15 16 21 22 26"
2465,TK-02465,"02 15 16 17 20 23"
2466,TK-02466,"04 15 17 20 22 26"
2467,TK-02467,"05 16 17 20 22 24"
2468,TK-02468,"02 15 16 17 19 22"
2469,TK-02469,"03 14 22 23 25 26"
2470,TK-02470,"03 14 22 24 25 27"
2471,TK-02471,"04 14 21 23 24 27"
2472,TK-02472,"05 14 21 25 26 27"
2473,TK-02473,"03 14 21 23 26 27"
2474,TK-02474,"02 14 21 22 25 27"
2475,TK-02475,"02 14 20 23 24 27"
2476,TK-02476,"05 14 20 22 23 26"
2477,TK-02477,"01 14 20 22 25 27"
2478,TK-02478,"05 14 20 21 24 25"
2479,TK-02479,"03 14 19 23 24 27"
2480,TK-02480,"05 14 19 20 23 25"
2481,TK-02481,"04 14 19 20 21 27"
2482,TK-02482,"01 14 18 23 24 26"
2483,TK-02483,"02 14 18 21 22 24"
2484,TK-02484,"03 14 18 20 23 27"
2485,TK-02485,"06 14 18 23 24 25"
2486,TK-02486,"02 14 18 22 25 26"
2487,TK-02487,"05 14 18 22 23 25"
2488,TK-02488,"01 14 18 20 21 27"
2489,TK-02489,"03 14 18 21 23 24"
2490,TK-02490,"01 14 18 19 24 27"
2491,TK-02491,"01 14 17 25 26 27"
2492,TK-02492,"04 14 17 21 26 27"
2493,TK-02493,"06 14 17 21 23 25"
2494,TK-02494,"03 14 17 21 22 24"
2495,TK-02495,"03 14 17 24 26 27"
2496,TK-02496,"05 14 17 20 25 27"
2497,TK-02497,"06 14 17 20 23 24"
2498,TK-02498,"06 14 17 20 21 27"
2499,TK-02499,"02 14 17 21 24 26"
2500,TK-02500,"02 14 17 20 21 22"
2501,TK-02501,"04 14 17 19 23 25"
2502,TK-02502,"06 14 17 22 24 25"
2503,TK-02503,"04 14 17 20 24 27"
2504,TK-02504,"01 14 17 18 23 25"
2505,TK-02505,"01 14 17 18 22 24"
2506,TK-02506,"03 14 17 18 23 26"
2507,TK-02507,"05 14 17 18 21 25"
2508,TK-02508,"04 14 17 18 22 27"
2509,TK-02509,"04 14 17 18 21 23"
2510,TK-02510,"02 14 17 18 24 25"
2511,TK-02511,"06 14 17 18 21 24"
2512,TK-02512,"01 14 17 18 19 25"
2513,TK-02513,"05 14 16 23 24 25"
2514,TK-02514,"03 14 16 25 26 27"
2515,TK-02515,"01 14 16 24 26 27"
2516,TK-02516,"04 14 16 22 23 26"
2517,TK-02517,"03 14 16 22 23 25"
2518,TK-02518,"04 14 16 23 24 27"
2519,TK-02519,"05 14 16 21 22 24"
2520,TK-02520,"05 14 16 20 23 27"
2521,TK-02521,"02 14 16 20 24 26"
2522,TK-02522,"02 14 16 20 22 26"
2523,TK-02523,"03 14 16 20 22 24"
2524,TK-02524,"01 14 16 19 25 27"
2525,TK-02525,"03 14 16 19 22 26"
2526,TK-02526,"05 14 16 19 24 27"
2527,TK-02527,"02 14 16 18 21 23"
2528,TK-02528,"01 14 16 17 24 25"
2529,TK-02529,"06 14 16 17 23 27"
2530,TK-02530,"04 14 16 17 23 24"
2531,TK-02531,"02 14 16 17 21 25"
2532,TK-02532,"05 14 16 17 21 24"
2533,TK-02533,"01 14 16 17 20 23"
2534,TK-02534,"01 14 16 17 19 26"
2535,TK-02535,"05 14 16 19 22 25"
2536,TK-02536,"01 14 16 17 19 21"
2537,TK-02537,"06 14 16 17 18 26"
2538,TK-02538,"05 14 16 17 18 23"
2539,TK-02539,"03 14 15 23 25 26"
2540,TK-02540,"04 14 15 23 24 27"
2541,TK-02541,"06 14 15 22 26 27"
2542,TK-02542,"01 14 15 22 25 26"
2543,TK-02543,"03 14 15 22 23 27"
2544,TK-02544,"01 14 15 20 24 27"
2545,TK-02545,"05 14 15 20 21 23"
2546,TK-02546,"04 14 15 20 21 22"
2547,TK-02547,"06 14 15 19 25 26"
2548,TK-02548,"03 14 15 19 24 26"
2549,TK-02549,"02 14 15 19 24 27"
2550,TK-02550,"02 14 15 19 22 25"
2551,TK-02551,"05 14 15 19 23 27"
2552,TK-02552,"02 14 15 18 23 26"
2553,TK-02553,"02 14 15 18 21 22"
2554,TK-02554,"05 14 15 18 26 27"
2555,TK-02555,"06 14 15 20 22 23"
2556,TK-02556,"02 14 15 18 19 24"
2557,TK-02557,"05 14 15 18 19 23"
2558,TK-02558,"05 14 15 17 24 25"
2559,TK-02559,"06 14 15 17 25 27"
2560,TK-02560,"01 14 15 20 25 26"
2561,TK-02561,"04 14 15 17 20 23"
2562,TK-02562,"01 14 15 17 19 25"
2563,TK-02563,"06 14 15 17 18 22"
2564,TK-02564,"01 14 15 17 18 21"
2565,TK-02565,"03 14 15 16 24 25"
2566,TK-02566,"02 14 15 16 23 24"
2567,TK-02567,"05 14 15 16 22 27"
2568,TK-02568,"02 14 15 22 24 26"
2569,TK-02569,"03 14 15 16 19 23"
2570,TK-02570,"04 14 15 16 19 22"
2571,TK-02571,"03 14 16 19 20 27"
2572,TK-02572,"04 14 15 16 18 27"
2573,TK-02573,"02 14 15 16 17 26"
2574,TK-02574,"05 14 15 16 17 25"
2575,TK-02575,"14 15 16 17 21 22"
2576,TK-02576,"05 15 16 17 19 27"
2577,TK-02577,"06 13 20 21 22 24"
2578,TK-02578,"01 13 19 23 24 27"
2579,TK-02579,"02 13 22 24 25 27"
2580,TK-02580,"02 13 19 22 23 26"
2581,TK-02581,"04 13 19 21 24 26"
2582,TK-02582,"06 13 19 21 23 26"
2583,TK-02583,"06 13 21 22 26 27"
2584,TK-02584,"01 13 21 22 24 27"
2585,TK-02585,"03 13 20 24 26 27"
2586,TK-02586,"02 13 20 21 23 24"
2587,TK-02587,"04 13 18 24 25 26"
2588,TK-02588,"06 13 18 22 25 26"
2589,TK-02589,"05 13 18 21 26 27"
2590,TK-02590,"06 13 21 24 25 27"
2591,TK-02591,"04 13 21 23 24 25"
2592,TK-02592,"06 13 18 20 25 27"
2593,TK-02593,"04 13 18 20 26 27"
2594,TK-02594,"05 13 18 20 22 27"
2595,TK-02595,"04 13 18 20 21 24"
2596,TK-02596,"03 13 20 21 23 25"
2597,TK-02597,"06 13 20 21 22 25"
2598,TK-02598,"01 13 18 19 23 26"
2599,TK-02599,"02 13 18 19 22 24"
2600,TK-02600,"01 13 17 21 24 26"
2601,TK-02601,"04 13 17 21 22 27"
2602,TK-02602,"04 13 17 22 24 25"
2603,TK-02603,"03 13 17 21 23 24"
2604,TK-02604,"06 13 17 20 22 26"
2605,TK-02605,"05 13 17 20 22 23"
2606,TK-02606,"03 13 17 21 26 27"
2607,TK-02607,"01 13 17 20 24 27"
2608,TK-02608,"03 13 17 20 24 25"
2609,TK-02609,"06 13 17 19 25 26"
2610,TK-02610,"03 13 17 23 24 26"
2611,TK-02611,"06 13 17 22 23 25"
2612,TK-02612,"05 13 17 19 24 27"
2613,TK-02613,"01 13 17 19 21 23"
2614,TK-02614,"04 13 17 19 21 22"
2615,TK-02615,"04 13 19 20 22 25"
2616,TK-02616,"01 13 17 18 26 27"
2617,TK-02617,"03 13 17 22 24 27"
2618,TK-02618,"03 13 17 18 23 27"
2619,TK-02619,"04 13 18 21 22 23"
2620,TK-02620,"04 13 17 18 25 26"
2621,TK-02621,"06 13 17 20 21 23"
2622,TK-02622,"03 13 17 18 19 25"
2623,TK-02623,"03 13 18 19 22 26"
2624,TK-02624,"06 13 17 18 19 23"
2625,TK-02625,"06 13 17 19 21 24"
2626,TK-02626,"01 13 17 18 19 20"
2627,TK-02627,"05 13 16 25 26 27"
2628,TK-02628,"03 13 16 22 25 26"
2629,TK-02629,"02 13 16 21 23 26"
2630,TK-02630,"05 13 16 21 22 25"
2631,TK-02631,"03 13 16 20 23 27"
2632,TK-02632,"02 13 16 20 21 22"
2633,TK-02633,"04 13 16 19 26 27"
2634,TK-02634,"02 13 16 19 22 27"
2635,TK-02635,"05 13 16 19 24 26"
2636,TK-02636,"06 13 16 19 20 24"
2637,TK-02637,"02 13 16 19 20 26"
2638,TK-02638,"01 13 16 19 20 21"
2639,TK-02639,"05 13 16 23 24 27"
2640,TK-02640,"04 13 16 18 23 26"
2641,TK-02641,"05 13 16 18 22 26"
2642,TK-02642,"01 13 16 18 22 25"
2643,TK-02643,"02 13 18 22 23 27"
2644,TK-02644,"05 13 16 18 20 24"
2645,TK-02645,"04 13 16 18 20 22"
2646,TK-02646,"05 13 16 20 21 26"
2647,TK-02647,"04 13 16 17 24 26"
2648,TK-02648,"01 13 16 17 21 25"
2649,TK-02649,"06 13 16 17 21 24"
2650,TK-02650,"01 13 16 17 23 24"
2651,TK-02651,"06 13 16 17 20 27"
2652,TK-02652,"02 13 16 17 19 25"
2653,TK-02653,"03 13 16 17 20 23"
2654,TK-02654,"04 13 16 17 19 22"
2655,TK-02655,"01 13 16 18 20 26"
2656,TK-02656,"06 13 15 24 25 26"
2657,TK-02657,"05 13 15 22 23 26"
2658,TK-02658,"06 13 15 21 23 27"
2659,TK-02659,"03 13 15 21 23 26"
2660,TK-02660,"03 13 15 21 22 24"
2661,TK-02661,"02 13 15 21 22 23"
2662,TK-02662,"06 13 15 20 22 27"
2663,TK-02663,"06 13 15 19 26 27"
2664,TK-02664,"06 13 15 19 22 25"
2665,TK-02665,"01 13 15 22 23 27"
2666,TK-02666,"02 15 19 21 25 26"
2667,TK-02667,"04 13 15 21 24 27"
2668,TK-02668,"05 13 15 19 21 23"
2669,TK-02669,"03 13 15 19 22 27"
2670,TK-02670,"01 13 15 19 21 26"
2671,TK-02671,"02 13 15 19 20 24"
2672,TK-02672,"01 15 19 20 23 25"
2673,TK-02673,"06 13 19 20 22 23"
2674,TK-02674,"03 13 15 23 24 27"
2675,TK-02675,"02 13 15 18 26 27"
2676,TK-02676,"04 13 18 22 23 24"
2677,TK-02677,"06 13 15 18 21 24"
2678,TK-02678,"06 13 15 18 22 26"
2679,TK-02679,"06 13 15 18 23 25"
2680,TK-02680,"03 13 18 20 22 23"
2681,TK-02681,"03 13 15 18 20 21"
2682,TK-02682,"05 13 18 19 25 26"
2683,TK-02683,"04 13 15 18 19 23"
2684,TK-02684,"06 13 15 17 26 27"
2685,TK-02685,"06 13 15 20 23 24"
2686,TK-02686,"02 13 15 17 20 22"
2687,TK-02687,"04 13 15 17 19 26"
2688,TK-02688,"02 13 15 17 19 23"
2689,TK-02689,"01 13 15 17 21 27"
2690,TK-02690,"01 13 15 17 18 23"
2691,TK-02691,"06 13 15 17 22 24"
2692,TK-02692,"04 13 15 17 18 21"
2693,TK-02693,"02 13 15 17 18 19"
2694,TK-02694,"02 13 15 16 22 26"
2695,TK-02695,"02 13 15 16 21 27"
2696,TK-02696,"04 13 16 21 25 26"
2697,TK-02697,"04 13 15 16 22 25"
2698,TK-02698,"03 13 16 20 22 24"
2699,TK-02699,"01 13 15 16 20 21"
2700,TK-02700,"01 13 15 16 19 27"
2701,TK-02701,"06 13 16 19 21 22"
2702,TK-02702,"02 15 16 19 20 22"
2703,TK-02703,"02 13 15 16 18 25"
2704,TK-02704,"02 13 16 18 20 27"
2705,TK-02705,"06 13 15 16 18 19"
2706,TK-02706,"03 13 16 17 25 27"
2707,TK-02707,"03 13 15 16 17 23"
2708,TK-02708,"01 13 15 16 17 22"
2709,TK-02709,"06 13 15 16 20 26"
2710,TK-02710,"05 13 15 16 20 24"
2711,TK-02711,"02 13 15 16 17 24"
2712,TK-02712,"02 13 14 22 25 26"
2713,TK-02713,"03 13 14 21 24 27"
2714,TK-02714,"04 13 14 21 23 25"
2715,TK-02715,"04 13 14 23 24 26"
2716,TK-02716,"04 13 14 22 24 25"
2717,TK-02717,"04 13 14 20 23 27"
2718,TK-02718,"06 13 14 20 21 26"
2719,TK-02719,"02 13 14 21 22 27"
2720,TK-02720,"03 13 14 19 23 27"
2721,TK-02721,"02 13 14 23 24 25"
2722,TK-02722,"03 13 14 19 22 25"
2723,TK-02723,"04 13 14 19 22 27"
2724,TK-02724,"05 13 14 19 20 27"
2725,TK-02725,"03 13 14 19 20 23"
2726,TK-02726,"01 13 14 20 22 24"
2727,TK-02727,"04 13 14 18 25 26"
2728,TK-02728,"03 13 14 21 22 26"
2729,TK-02729,"06 13 14 18 21 25"
2730,TK-02730,"02 13 14 18 20 25"
2731,TK-02731,"05 13 14 20 23 24"
2732,TK-02732,"01 13 14 20 21 23"
2733,TK-02733,"05 13 14 18 19 21"
2734,TK-02734,"03 13 14 17 25 26"
2735,TK-02735,"05 13 14 17 20 25"
2736,TK-02736,"02 13 14 17 18 22"
2737,TK-02737,"06 13 14 17 18 26"
2738,TK-02738,"03 13 14 17 18 20"
2739,TK-02739,"01 13 14 16 25 27"
2740,TK-02740,"01 13 14 16 22 27"
2741,TK-02741,"04 13 14 16 20 24"
2742,TK-02742,"02 13 14 16 19 22"
2743,TK-02743,"04 13 14 16 19 26"
2744,TK-02744,"06 13 14 16 18 24"
2745,TK-02745,"05 13 16 18 23 25"
2746,TK-02746,"05 13 14 16 22 23"
2747,TK-02747,"04 14 16 18 19 25"
2748,TK-02748,"06 13 14 16 19 23"
2749,TK-02749,"06 13 14 16 17 22"
2750,TK-02750,"04 13 14 16 17 21"
2751,TK-02751,"02 14 16 17 19 20"
2752,TK-02752,"05 13 14 15 21 22"
2753,TK-02753,"05 13 14 15 24 25"
2754,TK-02754,"01 13 14 15 22 26"
2755,TK-02755,"13 14 15 20 22 25"
2756,TK-02756,"05 13 14 19 23 26"
2757,TK-02757,"04 14 15 19 22 23"
2758,TK-02758,"02 13 14 15 19 26"
2759,TK-02759,"05 13 14 15 18 23"
2760,TK-02760,"04 13 14 15 18 19"
2761,TK-02761,"02 13 14 15 21 24"
2762,TK-02762,"02 14 15 17 21 23"
2763,TK-02763,"04 13 14 17 20 26"
2764,TK-02764,"05 13 14 15 16 26"
2765,TK-02765,"01 13 14 15 16 21"
2766,TK-02766,"02 13 14 15 16 19"
2767,TK-02767,"01 14 15 16 18 22"
2768,TK-02768,"01 12 23 24 25 27"
2769,TK-02769,"06 12 22 24 25 27"
2770,TK-02770,"05 12 22 23 25 27"
2771,TK-02771,"01 12 22 23 25 26"
2772,TK-02772,"04 12 21 23 26 27"
2773,TK-02773,"02 12 21 24 25 26"
2774,TK-02774,"04 12 21 22 24 26"
2775,TK-02775,"03 12 21 22 23 24"
2776,TK-02776,"04 12 20 24 26 27"
2777,TK-02777,"05 12 20 23 25 26"
2778,TK-02778,"06 12 20 22 25 26"
2779,TK-02779,"05 12 20 21 24 27"
2780,TK-02780,"03 12 20 21 24 25"
2781,TK-02781,"04 12 20 21 22 23"
2782,TK-02782,"06 12 19 21 24 26"
2783,TK-02783,"04 12 19 21 24 27"
2784,TK-02784,"04 12 19 21 22 25"
2785,TK-02785,"03 12 19 20 23 25"
2786,TK-02786,"03 12 19 20 22 24"
2787,TK-02787,"02 12 19 20 21 26"
2788,TK-02788,"06 12 19 20 21 23"
2789,TK-02789,"04 12 18 25 26 27"
2790,TK-02790,"05 12 18 23 24 27"
2791,TK-02791,"04 12 18 22 24 27"
2792,TK-02792,"05 12 18 21 24 26"
2793,TK-02793,"03 12 18 21 25 27"
2794,TK-02794,"03 12 18 23 25 26"
2795,TK-02795,"05 12 18 20 26 27"
2796,TK-02796,"05 12 18 20 23 24"
2797,TK-02797,"06 12 18 21 25 26"
2798,TK-02798,"02 12 18 20 21 27"
2799,TK-02799,"05 12 18 19 25 27"
2800,TK-02800,"02 12 18 19 24 26"
2801,TK-02801,"06 12 18 19 22 26"
2802,TK-02802,"02 12 18 19 22 25"
2803,TK-02803,"01 12 18 19 21 26"
2804,TK-02804,"03 12 18 19 21 24"
2805,TK-02805,"02 12 17 25 26 27"
2806,TK-02806,"05 12 17 22 24 27"
2807,TK-02807,"01 12 17 24 25 26"
2808,TK-02808,"02 12 17 22 23 26"
2809,TK-02809,"05 12 17 23 24 25"
2810,TK-02810,"03 12 17 21 24 26"
2811,TK-02811,"06 12 17 21 24 25"
2812,TK-02812,"05 12 17 21 22 25"
2813,TK-02813,"03 12 17 20 23 27"
2814,TK-02814,"01 17 20 23 24 26"
2815,TK-02815,"02 12 20 22 23 24"
2816,TK-02816,"03 12 20 21 22 27"
2817,TK-02817,"04 12 19 23 25 26"
2818,TK-02818,"05 12 17 19 21 26"
2819,TK-02819,"03 12 17 19 21 22"
2820,TK-02820,"06 12 19 20 25 27"
2821,TK-02821,"06 12 17 19 20 22"
2822,TK-02822,"04 12 17 20 21 27"
2823,TK-02823,"01 12 17 18 24 27"
2824,TK-02824,"05 12 17 18 25 26"
2825,TK-02825,"02 12 17 18 21 26"
2826,TK-02826,"04 12 17 21 23 24"
2827,TK-02827,"06 12 17 21 22 27"
2828,TK-02828,"05 12 17 18 22 23"
2829,TK-02829,"06 12 17 18 24 26"
2830,TK-02830,"03 12 16 24 26 27"
2831,TK-02831,"02 12 16 23 24 27"
2832,TK-02832,"04 12 16 24 25 27"
2833,TK-02833,"02 12 16 21 23 25"
2834,TK-02834,"02 12 16 22 24 25"
2835,TK-02835,"05 12 16 20 25 27"
2836,TK-02836,"03 12 16 20 23 26"
2837,TK-02837,"06 12 16 23 24 25"
2838,TK-02838,"04 12 16 20 22 27"
2839,TK-02839,"01 12 16 20 21 24"
2840,TK-02840,"05 12 16 20 21 23"
2841,TK-02841,"06 12 16 20 21 22"
2842,TK-02842,"03 12 16 19 22 23"
2843,TK-02843,"02 12 16 19 25 26"
2844,TK-02844,"02 12 16 19 20 27"
2845,TK-02845,"05 12 16 19 20 22"
2846,TK-02846,"04 12 16 19 20 21"
2847,TK-02847,"05 12 16 18 23 24"
2848,TK-02848,"05 12 16 18 22 25"
2849,TK-02849,"02 12 16 18 22 23"
2850,TK-02850,"02 16 18 21 24 25"
2851,TK-02851,"04 12 16 18 20 23"
2852,TK-02852,"05 12 16 18 19 26"
2853,TK-02853,"03 12 16 17 23 26"
2854,TK-02854,"04 12 16 17 22 25"
2855,TK-02855,"03 12 16 21 25 26"
2856,TK-02856,"05 12 16 17 21 24"
2857,TK-02857,"04 12 17 21 22 26"
2858,TK-02858,"02 12 15 23 26 27"
2859,TK-02859,"02 12 15 22 24 26"
2860,TK-02860,"03 12 15 22 24 27"
2861,TK-02861,"04 12 15 22 23 24"
2862,TK-02862,"04 12 15 21 23 24"
2863,TK-02863,"06 12 15 21 26 27"
2864,TK-02864,"06 12 15 21 22 25"
2865,TK-02865,"01 12 15 20 24 27"
2866,TK-02866,"02 12 15 20 23 25"
2867,TK-02867,"06 12 15 20 26 27"
2868,TK-02868,"01 12 15 20 22 26"
2869,TK-02869,"04 12 15 20 21 26"
2870,TK-02870,"02 12 15 20 21 24"
2871,TK-02871,"03 12 15 19 22 26"
2872,TK-02872,"03 12 15 19 23 27"
2873,TK-02873,"01 12 15 19 21 26"
2874,TK-02874,"02 12 15 19 21 22"
2875,TK-02875,"04 12 15 19 20 24"
2876,TK-02876,"01 12 15 18 24 26"
2877,TK-02877,"03 12 15 18 25 27"
2878,TK-02878,"12 15 18 21 23 26"
2879,TK-02879,"04 12 15 20 23 27"
2880,TK-02880,"06 12 15 18 20 22"
2881,TK-02881,"02 12 15 18 19 27"
2882,TK-02882,"02 12 15 17 25 27"
2883,TK-02883,"04 12 15 17 26 27"
2884,TK-02884,"04 12 15 17 22 24"
2885,TK-02885,"03 12 15 17 21 23"
2886,TK-02886,"02 12 15 17 20 26"
2887,TK-02887,"02 12 15 17 19 23"
2888,TK-02888,"05 12 15 17 18 27"
2889,TK-02889,"05 12 15 16 23 25"
2890,TK-02890,"06 12 15 16 23 27"
2891,TK-02891,"03 12 15 16 24 26"
2892,TK-02892,"01 12 15 16 21 25"
2893,TK-02893,"05 12 15 16 21 22"
2894,TK-02894,"01 12 15 16 19 26"
2895,TK-02895,"02 12 15 16 19 21"
2896,TK-02896,"05 12 15 16 19 20"
2897,TK-02897,"06 12 15 16 18 26"
2898,TK-02898,"04 12 15 16 18 24"
2899,TK-02899,"03 12 15 16 20 27"
2900,TK-02900,"02 12 15 16 17 22"
2901,TK-02901,"06 12 16 17 21 26"
2902,TK-02902,"06 12 15 16 17 20"
2903,TK-02903,"06 12 14 24 25 26"
2904,TK-02904,"06 12 14 22 23 24"
2905,TK-02905,"06 12 14 21 23 26"
2906,TK-02906,"05 12 14 20 24 25"
2907,TK-02907,"05 12 14 20 22 23"
2908,TK-02908,"05 12 14 20 21 27"
2909,TK-02909,"05 12 14 19 22 26"
2910,TK-02910,"03 12 14 18 26 27"
2911,TK-02911,"04 12 14 18 24 25"
2912,TK-02912,"01 12 14 18 22 25"
2913,TK-02913,"04 12 14 22 24 26"
2914,TK-02914,"04 12 14 18 20 27"
2915,TK-02915,"03 12 14 20 25 26"
2916,TK-02916,"02 12 14 18 19 26"
2917,TK-02917,"03 12 14 18 19 23"
2918,TK-02918,"03 12 14 17 25 27"
2919,TK-02919,"12 14 17 22 25 26"
2920,TK-02920,"01 12 14 17 22 23"
2921,TK-02921,"05 12 14 17 26 27"
2922,TK-02922,"06 12 14 17 23 25"
2923,TK-02923,"06 12 14 17 20 24"
2924,TK-02924,"02 12 17 20 21 25"
2925,TK-02925,"03 12 14 17 21 23"
2926,TK-02926,"01 12 14 17 19 20"
2927,TK-02927,"05 12 14 17 18 24"
2928,TK-02928,"06 12 14 17 18 19"
2929,TK-02929,"06 12 14 16 24 27"
2930,TK-02930,"02 12 14 16 20 23"
2931,TK-02931,"02 12 14 16 22 25"
2932,TK-02932,"05 12 14 16 19 20"
2933,TK-02933,"02 12 14 16 18 26"
2934,TK-02934,"01 12 14 16 18 25"
2935,TK-02935,"01 12 14 15 25 27"
2936,TK-02936,"02 12 14 15 22 23"
2937,TK-02937,"03 12 14 15 19 27"
2938,TK-02938,"02 12 14 15 18 25"
2939,TK-02939,"01 12 14 15 18 20"
2940,TK-02940,"03 12 14 15 17 26"
2941,TK-02941,"05 12 14 15 21 24"
2942,TK-02942,"04 12 14 15 17 27"
2943,TK-02943,"06 12 14 15 17 22"
2944,TK-02944,"12 14 15 17 18 23"
2945,TK-02945,"03 12 14 15 16 25"
2946,TK-02946,"02 12 15 16 23 26"
2947,TK-02947,"04 12 15 16 20 26"
2948,TK-02948,"05 12 14 15 16 24"
2949,TK-02949,"02 12 13 21 24 27"
2950,TK-02950,"05 12 13 21 25 27"
2951,TK-02951,"01 12 13 21 23 24"
2952,TK-02952,"01 12 13 20 23 25"
2953,TK-02953,"05 12 13 20 22 27"
2954,TK-02954,"04 12 13 20 24 26"
2955,TK-02955,"02 12 13 19 24 26"
2956,TK-02956,"03 12 13 23 26 27"
2957,TK-02957,"06 12 13 19 25 27"
2958,TK-02958,"04 12 13 19 22 24"
2959,TK-02959,"05 12 13 19 22 23"
2960,TK-02960,"01 12 13 19 20 26"
2961,TK-02961,"02 12 13 19 20 23"
2962,TK-02962,"04 12 13 19 20 21"
2963,TK-02963,"04 12 13 18 26 27"
2964,TK-02964,"04 12 13 18 23 25"
2965,TK-02965,"02 12 13 18 23 26"
2966,TK-02966,"02 12 13 22 25 27"
2967,TK-02967,"04 12 13 21 23 27"
2968,TK-02968,"01 12 13 18 20 27"
2969,TK-02969,"02 12 13 20 22 26"
2970,TK-02970,"05 12 13 18 20 21"
2971,TK-02971,"04 12 13 18 19 24"
2972,TK-02972,"03 12 18 19 22 27"
2973,TK-02973,"01 12 13 19 21 25"
2974,TK-02974,"06 12 13 18 19 21"
2975,TK-02975,"03 12 13 17 24 27"
2976,TK-02976,"06 12 13 22 23 27"
2977,TK-02977,"02 12 13 17 22 24"
2978,TK-02978,"03 12 13 17 21 23"
2979,TK-02979,"02 12 13 17 20 26"
2980,TK-02980,"03 12 13 20 23 24"
2981,TK-02981,"04 12 13 17 21 24"
2982,TK-02982,"05 12 13 17 21 22"
2983,TK-02983,"04 12 13 17 19 26"
2984,TK-02984,"03 12 13 17 19 20"
2985,TK-02985,"04 12 13 17 18 22"
2986,TK-02986,"02 12 17 18 20 23"
2987,TK-02987,"05 12 13 16 23 27"
2988,TK-02988,"01 12 13 16 24 27"
2989,TK-02989,"03 12 13 16 21 23"
2990,TK-02990,"03 12 13 16 20 22"
2991,TK-02991,"04 12 13 16 22 26"
2992,TK-02992,"06 12 13 16 19 25"
2993,TK-02993,"02 12 13 16 24 26"
2994,TK-02994,"02 12 13 16 18 22"
2995,TK-02995,"05 12 13 16 18 21"
2996,TK-02996,"04 12 13 16 18 19"
2997,TK-02997,"03 12 13 16 17 19"
2998,TK-02998,"01 12 13 15 22 27"
2999,TK-02999,"04 12 13 15 21 22"
3000,TK-03000,"05 12 13 15 25 26"
3001,TK-03001,"04 12 13 15 24 27"
3002,TK-03002,"01 13 15 18 23 27"
3003,TK-03003,"01 12 13 15 18 19"
3004,TK-03004,"05 12 13 15 17 27"
3005,TK-03005,"02 12 13 15 17 18"
3006,TK-03006,"02 12 13 15 16 25"
3007,TK-03007,"04 12 13 15 16 23"
3008,TK-03008,"06 12 13 16 21 24"
3009,TK-03009,"02 12 13 15 19 22"
3010,TK-03010,"05 12 15 16 18 27"
3011,TK-03011,"04 12 13 15 16 17"
3012,TK-03012,"06 12 13 14 22 26"
3013,TK-03013,"02 12 13 14 20 25"
3014,TK-03014,"01 12 13 14 20 21"
3015,TK-03015,"04 12 13 14 25 26"
3016,TK-03016,"03 12 13 14 19 21"
3017,TK-03017,"05 12 13 14 18 26"
3018,TK-03018,"03 12 13 14 18 22"
3019,TK-03019,"04 12 13 14 18 21"
3020,TK-03020,"03 12 13 14 18 20"
3021,TK-03021,"06 12 13 14 19 27"
3022,TK-03022,"05 12 13 14 18 25"
3023,TK-03023,"01 12 13 14 17 27"
3024,TK-03024,"06 12 13 14 17 23"
3025,TK-03025,"03 13 14 17 20 22"
3026,TK-03026,"05 12 13 16 24 25"
3027,TK-03027,"05 12 13 14 16 21"
3028,TK-03028,"02 12 13 14 16 23"
3029,TK-03029,"03 12 13 14 16 26"
3030,TK-03030,"02 12 13 16 17 20"
3031,TK-03031,"02 12 13 14 15 17"
3032,TK-03032,"06 12 13 14 15 16"
3033,TK-03033,"01 11 23 24 25 26"
3034,TK-03034,"04 11 22 23 25 26"
3035,TK-03035,"02 11 21 23 25 27"
3036,TK-03036,"03 11 20 24 25 27"
3037,TK-03037,"02 11 20 22 25 26"
3038,TK-03038,"06 11 20 22 23 25"
3039,TK-03039,"01 11 22 23 24 27"
3040,TK-03040,"03 11 20 21 22 27"
3041,TK-03041,"03 11 19 24 25 27"
3042,TK-03042,"04 11 19 23 26 27"
3043,TK-03043,"03 11 19 22 23 27"
3044,TK-03044,"01 11 21 24 26 27"
3045,TK-03045,"05 11 19 21 23 26"
3046,TK-03046,"04 11 19 21 24 25"
3047,TK-03047,"01 11 19 20 26 27"
3048,TK-03048,"06 11 19 20 23 27"
3049,TK-03049,"03 11 19 20 23 25"
3050,TK-03050,"02 11 19 20 22 23"
3051,TK-03051,"02 11 18 21 24 27"
3052,TK-03052,"04 11 18 21 22 25"
3053,TK-03053,"01 11 18 20 24 25"
3054,TK-03054,"01 11 18 20 23 26"
3055,TK-03055,"06 11 18 20 22 24"
3056,TK-03056,"02 11 18 20 22 23"
3057,TK-03057,"05 11 18 20 21 26"
3058,TK-03058,"02 11 18 20 21 25"
3059,TK-03059,"02 11 18 24 25 26"
3060,TK-03060,"02 11 18 19 23 24"
3061,TK-03061,"04 11 18 19 22 27"
3062,TK-03062,"01 11 18 19 21 27"
3063,TK-03063,"01 11 18 20 21 22"
3064,TK-03064,"02 11 17 23 24 26"
3065,TK-03065,"04 11 17 22 23 27"
3066,TK-03066,"04 11 20 23 24 25"
3067,TK-03067,"03 11 17 20 22 24"
3068,TK-03068,"02 11 17 21 22 26"
3069,TK-03069,"04 11 17 20 22 25"
3070,TK-03070,"06 11 17 19 25 27"
3071,TK-03071,"01 11 17 19 22 24"
3072,TK-03072,"02 11 17 19 21 27"
3073,TK-03073,"05 11 17 21 23 25"
3074,TK-03074,"02 11 17 19 22 25"
3075,TK-03075,"04 11 17 19 20 22"
3076,TK-03076,"02 11 17 18 26 27"
3077,TK-03077,"04 11 18 22 24 26"
3078,TK-03078,"05 11 17 18 21 24"
3079,TK-03079,"01 11 17 18 20 27"
3080,TK-03080,"02 11 17 18 20 24"
3081,TK-03081,"03 11 17 18 20 22"
3082,TK-03082,"03 11 17 18 19 27"
3083,TK-03083,"06 11 16 24 25 27"
3084,TK-03084,"01 11 16 22 24 25"
3085,TK-03085,"03 11 16 21 23 26"
3086,TK-03086,"03 11 16 23 24 27"
3087,TK-03087,"06 11 21 22 24 27"
3088,TK-03088,"02 11 16 20 24 27"
3089,TK-03089,"06 11 16 20 23 25"
3090,TK-03090,"06 11 16 20 23 24"
3091,TK-03091,"04 11 16 20 22 27"
3092,TK-03092,"04 11 16 21 26 27"
3093,TK-03093,"01 11 16 21 25 27"
3094,TK-03094,"03 11 16 21 24 25"
3095,TK-03095,"02 11 16 21 22 25"
3096,TK-03096,"04 11 16 20 21 24"
3097,TK-03097,"02 11 16 23 24 25"
3098,TK-03098,"06 11 16 19 24 27"
3099,TK-03099,"06 11 16 19 25 26"
3100,TK-03100,"02 11 16 19 20 25"
3101,TK-03101,"06 11 16 19 20 22"
3102,TK-03102,"01 11 16 19 20 21"
3103,TK-03103,"05 11 16 18 23 25"
3104,TK-03104,"04 11 16 18 22 23"
3105,TK-03105,"03 11 18 21 23 27"
3106,TK-03106,"02 11 16 18 21 23"
3107,TK-03107,"05 11 16 18 21 22"
3108,TK-03108,"03 11 16 18 20 26"
3109,TK-03109,"01 11 16 18 20 27"
3110,TK-03110,"04 11 16 18 19 26"
3111,TK-03111,"01 11 16 18 19 25"
3112,TK-03112,"03 11 16 18 19 22"
3113,TK-03113,"04 11 16 19 20 23"
3114,TK-03114,"05 11 16 17 26 27"
3115,TK-03115,"05 11 16 17 20 23"
3116,TK-03116,"01 11 16 17 19 27"
3117,TK-03117,"02 11 16 17 18 22"
3118,TK-03118,"04 11 16 17 18 25"
3119,TK-03119,"05 11 15 24 25 26"
3120,TK-03120,"02 11 15 22 23 26"
3121,TK-03121,"06 11 15 23 24 25"
3122,TK-03122,"02 11 15 24 25 27"
3123,TK-03123,"04 11 15 21 23 26"
3124,TK-03124,"04 11 15 23 24 27"
3125,TK-03125,"02 11 15 21 26 27"
3126,TK-03126,"01 11 15 21 24 25"
3127,TK-03127,"03 11 15 21 23 25"
3128,TK-03128,"04 11 15 20 24 26"
3129,TK-03129,"05 11 15 20 23 25"
3130,TK-03130,"11 15 20 22 26 27"
3131,TK-03131,"04 11 15 21 25 26"
3132,TK-03132,"03 11 15 20 21 22"
3133,TK-03133,"03 11 15 19 23 26"
3134,TK-03134,"03 11 15 19 21 27"
3135,TK-03135,"06 11 15 19 21 24"
3136,TK-03136,"01 11 15 19 22 24"
3137,TK-03137,"01 11 15 19 21 26"
3138,TK-03138,"04 11 15 18 21 24"
3139,TK-03139,"05 11 15 18 21 22"
3140,TK-03140,"03 11 15 18 19 24"
3141,TK-03141,"05 11 15 18 19 21"
3142,TK-03142,"01 11 15 17 23 27"
3143,TK-03143,"02 11 15 17 25 26"
3144,TK-03144,"11 15 17 22 24 26"
3145,TK-03145,"02 11 15 17 21 24"
3146,TK-03146,"06 11 15 17 22 23"
3147,TK-03147,"04 11 15 17 24 25"
3148,TK-03148,"04 11 15 17 20 23"
3149,TK-03149,"02 11 15 17 19 23"
3150,TK-03150,"01 11 15 17 18 25"
3151,TK-03151,"11 15 17 18 20 21"
3152,TK-03152,"01 11 15 16 23 26"
3153,TK-03153,"05 11 15 16 22 25"
3154,TK-03154,"02 11 15 16 22 24"
3155,TK-03155,"06 11 15 16 23 27"
3156,TK-03156,"04 11 15 16 21 22"
3157,TK-03157,"02 11 16 20 22 23"
3158,TK-03158,"06 11 15 16 20 25"
3159,TK-03159,"05 11 15 16 21 23"
3160,TK-03160,"05 11 15 16 19 26"
3161,TK-03161,"02 11 15 16 18 25"
3162,TK-03162,"01 11 15 16 18 21"
3163,TK-03163,"04 11 15 16 18 20"
3164,TK-03164,"04 11 15 17 25 27"
3165,TK-03165,"02 11 16 17 21 25"
3166,TK-03166,"03 11 16 17 20 24"
3167,TK-03167,"02 11 15 17 20 22"
3168,TK-03168,"05 11 14 23 25 27"
3169,TK-03169,"03 11 14 22 24 25"
3170,TK-03170,"01 11 14 21 25 27"
3171,TK-03171,"04 11 14 21 22 26"
3172,TK-03172,"06 11 14 21 22 23"
3173,TK-03173,"03 11 14 20 22 23"
3174,TK-03174,"02 11 14 20 21 24"
3175,TK-03175,"06 11 14 20 21 25"
3176,TK-03176,"01 11 14 19 25 26"
3177,TK-03177,"01 11 14 19 23 24"
3178,TK-03178,"01 11 14 19 22 27"
3179,TK-03179,"04 11 14 19 22 23"
3180,TK-03180,"01 11 14 19 21 22"
3181,TK-03181,"03 11 14 19 20 25"
3182,TK-03182,"06 11 14 19 21 23"
3183,TK-03183,"02 11 14 18 23 26"
3184,TK-03184,"02 11 14 22 23 24"
3185,TK-03185,"05 11 14 18 21 27"
3186,TK-03186,"06 11 14 18 23 25"
3187,TK-03187,"05 11 14 18 20 25"
3188,TK-03188,"01 11 14 18 20 23"
3189,TK-03189,"04 11 14 18 20 22"
3190,TK-03190,"05 11 14 18 19 27"
3191,TK-03191,"06 11 14 18 19 24"
3192,TK-03192,"04 11 14 17 23 26"
3193,TK-03193,"05 11 14 17 24 27"
3194,TK-03194,"06 11 14 17 24 25"
3195,TK-03195,"01 11 14 17 21 23"
3196,TK-03196,"05 11 14 17 21 25"
3197,TK-03197,"11 14 17 20 23 25"
3198,TK-03198,"03 11 14 17 21 26"
3199,TK-03199,"02 11 14 18 21 22"
3200,TK-03200,"01 11 14 16 20 25"
3201,TK-03201,"02 11 14 16 19 24"
3202,TK-03202,"01 11 14 16 18 27"
3203,TK-03203,"06 11 14 16 23 24"
3204,TK-03204,"06 14 16 18 22 26"
3205,TK-03205,"02 11 14 16 17 27"
3206,TK-03206,"01 11 14 16 17 22"
3207,TK-03207,"01 11 14 15 23 25"
3208,TK-03208,"03 11 14 15 21 27"
3209,TK-03209,"01 11 14 15 21 26"
3210,TK-03210,"03 14 15 21 22 25"
3211,TK-03211,"02 11 14 15 20 27"
3212,TK-03212,"06 11 15 20 23 26"
3213,TK-03213,"01 11 14 15 19 27"
3214,TK-03214,"05 11 14 15 19 25"
3215,TK-03215,"01 11 14 15 18 24"
3216,TK-03216,"03 11 14 15 18 23"
3217,TK-03217,"11 14 15 18 21 25"
3218,TK-03218,"02 11 15 18 20 26"
3219,TK-03219,"01 11 14 18 19 26"
3220,TK-03220,"03 11 14 18 19 22"
3221,TK-03221,"04 11 14 15 17 19"
3222,TK-03222,"04 11 14 15 16 23"
3223,TK-03223,"06 11 14 16 19 21"
3224,TK-03224,"01 11 14 15 16 17"
3225,TK-03225,"03 11 13 24 25 26"
3226,TK-03226,"03 11 13 21 23 26"
3227,TK-03227,"06 11 13 21 24 27"
3228,TK-03228,"05 11 13 21 22 27"
3229,TK-03229,"03 11 13 20 23 24"
3230,TK-03230,"02 11 13 20 22 27"
3231,TK-03231,"01 11 13 20 21 26"
3232,TK-03232,"02 11 13 20 21 23"
3233,TK-03233,"06 11 13 19 23 26"
3234,TK-03234,"05 11 19 22 23 24"
3235,TK-03235,"01 11 13 19 21 23"
3236,TK-03236,"03 11 13 19 20 22"
3237,TK-03237,"05 11 13 18 26 27"
3238,TK-03238,"02 11 13 18 22 25"
3239,TK-03239,"03 11 13 18 20 25"
3240,TK-03240,"06 11 13 18 20 27"
3241,TK-03241,"02 11 13 18 20 26"
3242,TK-03242,"04 11 13 18 19 20"
3243,TK-03243,"04 11 13 17 26 27"
3244,TK-03244,"03 11 13 17 21 24"
3245,TK-03245,"06 11 13 21 22 23"
3246,TK-03246,"04 11 13 17 20 25"
3247,TK-03247,"02 11 13 17 20 21"
3248,TK-03248,"06 11 13 17 19 26"
3249,TK-03249,"03 11 13 17 19 23"
3250,TK-03250,"05 13 17 18 25 27"
3251,TK-03251,"03 11 13 18 22 27"
3252,TK-03252,"06 11 13 17 18 22"
3253,TK-03253,"02 11 13 16 26 27"
3254,TK-03254,"01 11 13 16 23 26"
3255,TK-03255,"04 11 13 16 22 24"
3256,TK-03256,"03 11 13 16 23 25"
3257,TK-03257,"01 11 13 16 21 24"
3258,TK-03258,"03 11 13 16 20 26"
3259,TK-03259,"05 11 13 16 20 25"
3260,TK-03260,"04 11 13 20 21 27"
3261,TK-03261,"06 11 13 16 19 27"
3262,TK-03262,"02 11 13 16 19 21"
3263,TK-03263,"04 11 13 16 18 25"
3264,TK-03264,"03 11 13 16 18 24"
3265,TK-03265,"02 11 13 17 24 25"
3266,TK-03266,"02 11 13 16 17 22"
3267,TK-03267,"03 11 13 16 17 26"
3268,TK-03268,"05 11 13 15 24 27"
3269,TK-03269,"11 13 15 23 25 26"
3270,TK-03270,"02 11 13 15 24 26"
3271,TK-03271,"02 11 15 21 23 24"
3272,TK-03272,"11 13 15 20 22 23"
3273,TK-03273,"06 11 13 15 25 27"
3274,TK-03274,"04 11 13 19 21 22"
3275,TK-03275,"04 13 15 18 24 25"
3276,TK-03276,"02 11 13 15 18 27"
3277,TK-03277,"11 13 15 18 21 23"
3278,TK-03278,"02 11 13 15 16 20"
3279,TK-03279,"03 11 13 15 19 24"
3280,TK-03280,"02 11 15 16 19 23"
3281,TK-03281,"06 11 13 15 16 17"
3282,TK-03282,"03 11 13 14 23 27"
3283,TK-03283,"02 11 13 14 22 26"
3284,TK-03284,"04 11 13 14 22 23"
3285,TK-03285,"06 11 13 14 21 27"
3286,TK-03286,"02 13 14 20 23 26"
3287,TK-03287,"05 11 13 14 20 22"
3288,TK-03288,"04 11 13 14 19 21"
3289,TK-03289,"01 11 13 14 17 25"
3290,TK-03290,"06 13 14 17 21 22"
3291,TK-03291,"04 11 13 14 17 24"
3292,TK-03292,"02 11 14 16 17 23"
3293,TK-03293,"02 11 13 14 15 23"
3294,TK-03294,"03 11 13 14 15 22"
3295,TK-03295,"04 11 13 14 15 24"
3296,TK-03296,"03 11 12 25 26 27"
3297,TK-03297,"01 11 12 23 24 26"
3298,TK-03298,"04 11 12 22 24 25"
3299,TK-03299,"01 11 12 24 25 27"
3300,TK-03300,"04 11 12 21 22 27"
3301,TK-03301,"04 11 12 20 23 27"
3302,TK-03302,"06 11 12 20 22 27"
3303,TK-03303,"05 11 12 20 22 26"
3304,TK-03304,"03 11 12 20 21 26"
3305,TK-03305,"04 11 12 20 21 25"
3306,TK-03306,"02 11 12 21 25 26"
3307,TK-03307,"06 11 12 19 20 24"
3308,TK-03308,"04 11 12 18 26 27"
3309,TK-03309,"01 11 12 18 22 27"
3310,TK-03310,"06 11 12 18 20 25"
3311,TK-03311,"04 11 12 18 20 24"
3312,TK-03312,"02 11 12 18 19 27"
3313,TK-03313,"05 11 12 18 19 23"
3314,TK-03314,"06 11 12 18 19 22"
3315,TK-03315,"03 11 12 18 19 20"
3316,TK-03316,"04 11 12 17 24 26"
3317,TK-03317,"06 11 12 17 23 26"
3318,TK-03318,"03 11 12 17 25 27"
3319,TK-03319,"03 11 12 17 20 24"
3320,TK-03320,"05 11 12 20 21 22"
3321,TK-03321,"02 11 12 17 18 25"
3322,TK-03322,"01 11 12 18 20 26"
3323,TK-03323,"03 11 12 17 19 26"
3324,TK-03324,"02 11 12 16 23 25"
3325,TK-03325,"05 11 12 16 22 24"
3326,TK-03326,"02 12 16 21 22 26"
3327,TK-03327,"05 11 12 16 20 25"
3328,TK-03328,"04 11 12 16 19 26"
3329,TK-03329,"01 11 12 16 19 22"
3330,TK-03330,"06 11 16 18 25 27"
3331,TK-03331,"05 11 12 16 23 27"
3332,TK-03332,"01 12 16 18 21 25"
3333,TK-03333,"04 11 12 15 23 25"
3334,TK-03334,"03 11 12 15 23 27"
3335,TK-03335,"05 11 12 15 21 24"
3336,TK-03336,"02 11 12 21 22 23"
3337,TK-03337,"04 11 12 15 20 22"
3338,TK-03338,"05 11 12 20 21 23"
3339,TK-03339,"01 11 12 15 19 26"
3340,TK-03340,"01 11 12 19 21 23"
3341,TK-03341,"01 11 12 15 17 24"
3342,TK-03342,"04 11 12 15 17 21"
3343,TK-03343,"06 12 15 16 25 27"
3344,TK-03344,"05 11 12 15 25 26"
3345,TK-03345,"03 12 15 16 18 19"
3346,TK-03346,"06 11 12 14 24 26"
3347,TK-03347,"04 11 12 14 23 24"
3348,TK-03348,"02 11 12 14 23 27"
3349,TK-03349,"03 11 12 14 23 26"
3350,TK-03350,"05 11 12 14 18 27"
3351,TK-03351,"01 11 12 14 25 26"
3352,TK-03352,"05 11 12 14 19 21"
3353,TK-03353,"04 11 12 14 17 20"
3354,TK-03354,"05 11 12 14 16 25"
3355,TK-03355,"05 11 12 14 15 20"
3356,TK-03356,"01 12 14 15 17 25"
3357,TK-03357,"03 11 12 13 24 27"
3358,TK-03358,"04 11 12 13 21 26"
3359,TK-03359,"03 11 12 13 20 26"
3360,TK-03360,"01 11 12 13 20 24"
3361,TK-03361,"02 11 12 13 25 26"
3362,TK-03362,"01 11 12 13 19 27"
3363,TK-03363,"01 11 13 18 25 27"
3364,TK-03364,"06 11 12 13 20 22"
3365,TK-03365,"05 11 13 18 19 26"
3366,TK-03366,"02 11 12 13 17 23"
3367,TK-03367,"04 12 13 17 21 25"
3368,TK-03368,"06 11 12 17 19 21"
3369,TK-03369,"02 11 12 13 16 21"
3370,TK-03370,"04 11 12 13 16 20"
3371,TK-03371,"06 11 12 16 19 23"
3372,TK-03372,"01 12 13 15 20 21"
3373,TK-03373,"02 11 12 15 18 20"
3374,TK-03374,"03 11 12 13 15 17"
3375,TK-03375,"02 11 12 13 14 22"
3376,TK-03376,"03 10 23 24 26 27"
3377,TK-03377,"03 10 22 25 26 27"
3378,TK-03378,"02 10 21 23 24 26"
3379,TK-03379,"03 10 21 22 24 26"
3380,TK-03380,"05 10 20 22 23 26"
3381,TK-03381,"02 10 20 21 26 27"
3382,TK-03382,"03 10 19 23 25 26"
3383,TK-03383,"05 10 19 21 24 27"
3384,TK-03384,"02 10 19 21 23 27"
3385,TK-03385,"01 10 19 21 24 25"
3386,TK-03386,"01 10 19 20 23 26"
3387,TK-03387,"05 10 19 20 26 27"
3388,TK-03388,"03 10 19 20 22 26"
3389,TK-03389,"06 10 19 20 21 25"
3390,TK-03390,"01 10 22 23 24 26"
3391,TK-03391,"05 10 18 21 24 25"
3392,TK-03392,"02 10 18 20 26 27"
3393,TK-03393,"02 10 18 20 23 25"
3394,TK-03394,"01 10 18 20 22 26"
3395,TK-03395,"06 10 18 19 24 25"
3396,TK-03396,"02 10 18 19 20 21"
3397,TK-03397,"02 10 17 24 26 27"
3398,TK-03398,"04 10 17 22 23 26"
3399,TK-03399,"02 10 17 21 23 27"
3400,TK-03400,"06 10 17 23 25 26"
3401,TK-03401,"05 10 17 20 26 27"
3402,TK-03402,"02 10 17 22 25 26"
3403,TK-03403,"04 10 17 20 22 24"
3404,TK-03404,"05 10 17 20 21 27"
3405,TK-03405,"02 10 17 21 22 26"
3406,TK-03406,"04 10 17 19 24 26"
3407,TK-03407,"03 10 17 19 22 25"
3408,TK-03408,"04 10 17 19 26 27"
3409,TK-03409,"06 10 17 19 21 27"
3410,TK-03410,"01 10 17 19 23 25"
3411,TK-03411,"02 10 19 21 22 24"
3412,TK-03412,"05 10 17 21 22 23"
3413,TK-03413,"05 10 17 19 20 23"
3414,TK-03414,"03 10 19 20 21 26"
3415,TK-03415,"04 10 17 18 25 27"
3416,TK-03416,"05 10 17 18 24 26"
3417,TK-03417,"03 10 17 18 20 25"
3418,TK-03418,"01 10 17 18 19 27"
3419,TK-03419,"01 10 16 24 25 26"
3420,TK-03420,"05 10 16 22 26 27"
3421,TK-03421,"03 10 16 21 26 27"
3422,TK-03422,"03 10 16 24 25 27"
3423,TK-03423,"03 10 16 21 23 25"
3424,TK-03424,"04 10 16 21 23 24"
3425,TK-03425,"02 10 16 21 22 25"
3426,TK-03426,"05 10 16 21 22 27"
3427,TK-03427,"03 10 16 20 25 27"
3428,TK-03428,"05 10 16 20 24 27"
3429,TK-03429,"02 10 16 20 23 26"
3430,TK-03430,"05 10 16 20 25 26"
3431,TK-03431,"06 10 16 20 23 24"
3432,TK-03432,"01 10 16 20 21 23"
3433,TK-03433,"06 10 16 19 23 26"
3434,TK-03434,"05 10 16 19 24 25"
3435,TK-03435,"02 10 16 19 22 26"
3436,TK-03436,"01 10 16 19 20 24"
3437,TK-03437,"06 10 16 19 20 27"
3438,TK-03438,"02 10 16 20 22 25"
3439,TK-03439,"06 10 16 18 24 26"
3440,TK-03440,"02 10 16 18 21 27"
3441,TK-03441,"05 10 16 18 20 22"
3442,TK-03442,"01 10 16 19 26 27"
3443,TK-03443,"06 10 16 18 19 20"
3444,TK-03444,"02 10 16 17 23 27"
3445,TK-03445,"03 10 16 17 23 26"
3446,TK-03446,"03 10 16 17 22 27"
3447,TK-03447,"02 10 16 17 20 26"
3448,TK-03448,"05 10 16 17 20 21"
3449,TK-03449,"05 10 16 17 25 27"
3450,TK-03450,"06 10 16 17 19 26"
3451,TK-03451,"02 10 17 19 20 22"
3452,TK-03452,"04 10 16 17 18 20"
3453,TK-03453,"02 10 16 17 18 25"
3454,TK-03454,"01 10 15 25 26 27"
3455,TK-03455,"02 10 15 22 26 27"
3456,TK-03456,"02 10 15 23 25 26"
3457,TK-03457,"01 10 15 21 23 26"
3458,TK-03458,"06 10 15 20 24 26"
3459,TK-03459,"04 10 15 23 24 27"
3460,TK-03460,"03 10 15 23 24 25"
3461,TK-03461,"01 10 15 20 22 27"
3462,TK-03462,"06 10 15 22 25 26"
3463,TK-03463,"03 10 20 21 23 27"
3464,TK-03464,"04 10 15 19 22 24"
3465,TK-03465,"02 10 15 19 23 24"
3466,TK-03466,"05 10 15 19 20 22"
3467,TK-03467,"05 10 15 18 26 27"
3468,TK-03468,"04 10 15 18 25 26"
3469,TK-03469,"01 10 15 18 22 25"
3470,TK-03470,"02 10 15 18 22 26"
3471,TK-03471,"04 10 15 18 21 23"
3472,TK-03472,"04 10 18 21 22 24"
3473,TK-03473,"06 10 15 18 20 25"
3474,TK-03474,"05 10 15 18 20 24"
3475,TK-03475,"01 10 15 18 20 26"
3476,TK-03476,"04 10 18 20 22 23"
3477,TK-03477,"02 10 15 18 19 27"
3478,TK-03478,"03 10 15 19 20 23"
3479,TK-03479,"04 10 15 17 24 25"
3480,TK-03480,"05 10 15 17 23 26"
3481,TK-03481,"05 10 15 17 22 27"
3482,TK-03482,"02 10 15 17 21 25"
3483,TK-03483,"06 10 15 17 20 26"
3484,TK-03484,"02 10 15 17 20 23"
3485,TK-03485,"02 10 15 17 19 26"
3486,TK-03486,"04 10 15 17 22 23"
3487,TK-03487,"01 10 15 17 19 21"
3488,TK-03488,"04 10 15 17 20 27"
3489,TK-03489,"04 10 15 17 18 22"
3490,TK-03490,"05 10 15 16 22 26"
3491,TK-03491,"05 10 15 16 24 25"
3492,TK-03492,"03 10 15 16 18 21"
3493,TK-03493,"02 10 15 16 17 22"
3494,TK-03494,"03 10 16 17 20 24"
3495,TK-03495,"01 10 15 16 19 25"
3496,TK-03496,"05 10 14 25 26 27"
3497,TK-03497,"01 10 14 23 24 25"
3498,TK-03498,"02 10 14 22 23 26"
3499,TK-03499,"05 10 14 22 23 27"
3500,TK-03500,"01 10 14 21 25 27"
3501,TK-03501,"03 10 14 21 22 25"
3502,TK-03502,"06 10 14 20 23 27"
3503,TK-03503,"03 10 14 20 23 24"
3504,TK-03504,"02 10 14 20 22 25"
3505,TK-03505,"04 10 14 19 24 27"
3506,TK-03506,"03 10 14 19 24 26"
3507,TK-03507,"02 10 14 19 22 24"
3508,TK-03508,"02 10 14 19 21 27"
3509,TK-03509,"02 10 14 18 24 26"
3510,TK-03510,"02 10 14 18 22 25"
3511,TK-03511,"04 10 14 22 23 24"
3512,TK-03512,"06 10 14 18 21 26"
3513,TK-03513,"05 10 14 18 24 27"
3514,TK-03514,"01 10 14 18 20 27"
3515,TK-03515,"01 10 14 18 20 25"
3516,TK-03516,"04 10 14 18 19 21"
3517,TK-03517,"05 10 14 17 24 26"
3518,TK-03518,"01 10 14 17 22 27"
3519,TK-03519,"05 10 14 17 22 25"
3520,TK-03520,"02 10 14 17 21 24"
3521,TK-03521,"01 10 14 17 20 23"
3522,TK-03522,"01 10 14 17 19 24"
3523,TK-03523,"02 10 14 17 20 27"
3524,TK-03524,"03 10 14 19 20 25"
3525,TK-03525,"10 14 17 18 22 26"
3526,TK-03526,"03 10 14 16 23 27"
3527,TK-03527,"10 14 16 23 25 26"
3528,TK-03528,"04 10 14 16 22 25"
3529,TK-03529,"03 10 14 16 22 24"
3530,TK-03530,"02 10 14 16 20 24"
3531,TK-03531,"05 10 14 16 20 23"
3532,TK-03532,"05 10 14 16 21 25"
3533,TK-03533,"04 10 14 16 19 23"
3534,TK-03534,"01 10 14 16 18 26"
3535,TK-03535,"06 10 14 16 18 23"
3536,TK-03536,"02 10 14 16 18 22"
3537,TK-03537,"04 10 14 16 17 27"
3538,TK-03538,"01 10 16 17 22 23"
3539,TK-03539,"02 10 14 16 17 21"
3540,TK-03540,"03 10 14 15 25 27"
3541,TK-03541,"03 10 14 15 22 23"
3542,TK-03542,"03 10 14 15 21 26"
3543,TK-03543,"02 10 14 15 20 25"
3544,TK-03544,"01 10 14 15 19 23"
3545,TK-03545,"06 10 14 15 19 21"
3546,TK-03546,"05 10 14 15 19 27"
3547,TK-03547,"04 10 14 15 18 25"
3548,TK-03548,"02 10 14 15 18 27"
3549,TK-03549,"05 10 14 15 18 20"
3550,TK-03550,"01 10 14 15 16 20"
3551,TK-03551,"06 10 13 23 24 25"
3552,TK-03552,"05 10 13 21 26 27"
3553,TK-03553,"06 10 13 21 25 26"
3554,TK-03554,"01 10 13 22 25 27"
3555,TK-03555,"01 10 13 22 23 26"
3556,TK-03556,"05 10 13 21 23 24"
3557,TK-03557,"02 10 13 20 24 27"
3558,TK-03558,"05 10 13 20 22 26"
3559,TK-03559,"06 10 13 20 22 23"
3560,TK-03560,"06 10 13 20 21 23"
3561,TK-03561,"03 10 13 22 24 25"
3562,TK-03562,"06 10 13 19 21 22"
3563,TK-03563,"03 10 13 19 20 24"
3564,TK-03564,"04 10 13 18 24 26"
3565,TK-03565,"05 10 13 23 24 27"
3566,TK-03566,"02 10 13 18 21 24"
3567,TK-03567,"01 10 13 20 25 26"
3568,TK-03568,"05 10 13 18 20 21"
3569,TK-03569,"05 10 13 17 25 26"
3570,TK-03570,"02 10 13 17 22 27"
3571,TK-03571,"06 10 13 17 21 23"
3572,TK-03572,"02 10 13 17 24 26"
3573,TK-03573,"04 10 13 17 23 27"
3574,TK-03574,"05 10 13 20 23 26"
3575,TK-03575,"06 10 13 17 22 25"
3576,TK-03576,"04 10 13 17 21 26"
3577,TK-03577,"01 10 13 17 19 24"
3578,TK-03578,"01 10 13 17 23 26"
3579,TK-03579,"03 10 13 18 19 26"
3580,TK-03580,"03 10 13 16 21 27"
3581,TK-03581,"05 10 13 16 24 26"
3582,TK-03582,"05 10 13 20 24 25"
3583,TK-03583,"05 10 13 16 22 27"
3584,TK-03584,"02 10 13 16 20 21"
3585,TK-03585,"01 10 13 16 19 22"
3586,TK-03586,"02 10 13 16 18 26"
3587,TK-03587,"03 10 13 16 18 25"
3588,TK-03588,"05 10 13 16 17 21"
3589,TK-03589,"02 10 13 16 19 27"
3590,TK-03590,"01 10 13 16 17 18"
3591,TK-03591,"03 10 13 15 21 24"
3592,TK-03592,"06 10 13 15 21 25"
3593,TK-03593,"06 10 13 15 22 24"
3594,TK-03594,"06 10 13 15 19 26"
3595,TK-03595,"03 10 13 15 19 22"
3596,TK-03596,"01 10 13 15 18 26"
3597,TK-03597,"05 10 13 15 22 23"
3598,TK-03598,"02 10 13 18 21 22"
3599,TK-03599,"06 10 13 18 20 27"
3600,TK-03600,"04 10 13 15 18 19"
3601,TK-03601,"03 10 13 15 17 25"
3602,TK-03602,"01 10 13 15 17 22"
3603,TK-03603,"03 10 13 15 16 26"
3604,TK-03604,"04 10 13 16 21 22"
3605,TK-03605,"06 10 13 15 16 18"
3606,TK-03606,"01 10 13 14 24 25"
3607,TK-03607,"03 10 13 14 25 27"
3608,TK-03608,"02 10 13 14 22 24"
3609,TK-03609,"02 10 13 14 20 26"
3610,TK-03610,"06 10 13 14 20 25"
3611,TK-03611,"05 10 13 14 23 24"
3612,TK-03612,"03 10 13 14 19 21"
3613,TK-03613,"01 10 13 14 18 22"
3614,TK-03614,"04 10 13 14 18 27"
3615,TK-03615,"04 10 13 14 17 25"
3616,TK-03616,"05 10 13 14 17 27"
3617,TK-03617,"01 10 13 14 16 23"
3618,TK-03618,"03 10 13 14 16 20"
3619,TK-03619,"06 10 13 14 16 19"
3620,TK-03620,"04 10 13 14 15 21"
3621,TK-03621,"02 10 13 14 15 19"
3622,TK-03622,"05 10 13 14 15 16"
3623,TK-03623,"01 10 12 24 25 27"
3624,TK-03624,"03 10 12 23 24 25"
3625,TK-03625,"02 10 12 21 22 23"
3626,TK-03626,"05 10 12 20 22 27"
3627,TK-03627,"06 10 12 22 23 25"
3628,TK-03628,"03 10 12 21 22 26"
3629,TK-03629,"05 10 12 19 22 27"
3630,TK-03630,"03 10 12 19 22 25"
3631,TK-03631,"02 10 12 19 23 26"
3632,TK-03632,"01 10 12 19 21 27"
3633,TK-03633,"06 10 12 19 21 24"
3634,TK-03634,"05 10 12 19 20 25"
3635,TK-03635,"04 10 12 19 23 27"
3636,TK-03636,"02 10 12 18 25 26"
3637,TK-03637,"04 10 12 23 24 26"
3638,TK-03638,"04 10 12 18 22 25"
3639,TK-03639,"03 10 12 18 20 27"
3640,TK-03640,"05 10 12 18 20 26"
3641,TK-03641,"03 10 12 20 21 25"
3642,TK-03642,"02 10 12 18 19 20"
3643,TK-03643,"04 10 12 17 22 26"
3644,TK-03644,"02 10 12 17 21 26"
3645,TK-03645,"03 10 12 17 25 26"
3646,TK-03646,"04 10 12 17 24 27"
3647,TK-03647,"05 10 12 17 23 26"
3648,TK-03648,"03 10 12 17 19 21"
3649,TK-03649,"05 10 12 17 19 27"
3650,TK-03650,"04 10 12 17 18 23"
3651,TK-03651,"01 10 12 17 18 19"
3652,TK-03652,"04 10 12 16 26 27"
3653,TK-03653,"05 10 12 16 20 24"
3654,TK-03654,"01 10 12 16 20 27"
3655,TK-03655,"02 10 12 16 22 26"
3656,TK-03656,"05 10 12 16 22 23"
3657,TK-03657,"05 10 12 16 19 27"
3658,TK-03658,"02 10 12 16 23 25"
3659,TK-03659,"01 10 12 16 19 21"
3660,TK-03660,"06 10 12 16 19 20"
3661,TK-03661,"06 10 12 16 18 23"
3662,TK-03662,"01 10 12 16 17 21"
3663,TK-03663,"02 10 12 15 24 25"
3664,TK-03664,"03 10 12 15 22 27"
3665,TK-03665,"04 10 12 15 22 26"
3666,TK-03666,"01 10 12 15 22 24"
3667,TK-03667,"05 10 12 15 20 26"
3668,TK-03668,"04 10 12 15 19 26"
3669,TK-03669,"05 10 12 15 19 24"
3670,TK-03670,"02 10 12 15 19 21"
3671,TK-03671,"01 10 12 15 19 20"
3672,TK-03672,"03 10 12 15 18 25"
3673,TK-03673,"04 10 12 15 17 25"
3674,TK-03674,"06 10 12 15 17 24"
3675,TK-03675,"02 10 12 15 19 22"
3676,TK-03676,"02 10 12 15 16 26"
3677,TK-03677,"04 10 12 15 16 20"
3678,TK-03678,"03 10 12 15 16 23"
3679,TK-03679,"01 10 12 15 16 18"
3680,TK-03680,"02 10 12 16 17 19"
3681,TK-03681,"01 10 12 14 24 27"
3682,TK-03682,"06 10 12 14 20 26"
3683,TK-03683,"02 10 12 14 20 23"
3684,TK-03684,"06 10 12 14 20 21"
3685,TK-03685,"04 10 12 14 19 26"
3686,TK-03686,"06 10 12 14 19 23"
3687,TK-03687,"06 10 12 14 18 25"
3688,TK-03688,"04 10 12 14 18 24"
3689,TK-03689,"02 10 12 14 18 22"
3690,TK-03690,"01 10 12 14 18 19"
3691,TK-03691,"03 10 12 14 17 25"
3692,TK-03692,"05 10 12 14 16 27"
3693,TK-03693,"01 10 12 16 24 26"
3694,TK-03694,"01 10 12 14 16 25"
3695,TK-03695,"06 10 12 14 16 22"
3696,TK-03696,"06 12 14 16 18 20"
3697,TK-03697,"05 10 12 14 16 17"
3698,TK-03698,"01 10 12 14 15 26"
3699,TK-03699,"06 10 12 14 15 27"
3700,TK-03700,"03 10 12 14 15 21"
3701,TK-03701,"04 10 12 14 15 22"
3702,TK-03702,"03 10 12 14 15 19"
3703,TK-03703,"02 10 12 14 15 17"
3704,TK-03704,"05 10 12 13 23 26"
3705,TK-03705,"05 10 12 13 21 24"
3706,TK-03706,"01 10 13 20 26 27"
3707,TK-03707,"05 10 12 13 20 25"
3708,TK-03708,"01 10 12 13 21 26"
3709,TK-03709,"06 10 12 13 19 27"
3710,TK-03710,"05 10 12 13 18 27"
3711,TK-03711,"01 10 12 13 22 23"
3712,TK-03712,"02 10 12 17 18 26"
3713,TK-03713,"06 10 12 13 16 26"
3714,TK-03714,"04 10 12 13 16 17"
3715,TK-03715,"02 10 12 13 21 27"
3716,TK-03716,"02 10 12 13 15 26"
3717,TK-03717,"01 10 12 13 15 16"
3718,TK-03718,"06 10 12 13 14 23"
3719,TK-03719,"05 10 13 14 21 25"
3720,TK-03720,"06 10 12 13 14 24"
3721,TK-03721,"05 10 12 13 14 19"
3722,TK-03722,"03 10 12 13 14 26"
3723,TK-03723,"05 10 12 14 17 21"
3724,TK-03724,"02 10 12 13 14 18"
3725,TK-03725,"06 10 11 23 25 27"
3726,TK-03726,"06 10 11 21 22 25"
3727,TK-03727,"02 10 11 20 23 25"
3728,TK-03728,"03 10 11 20 24 26"
3729,TK-03729,"05 10 11 20 23 27"
3730,TK-03730,"01 10 11 22 23 24"
3731,TK-03731,"04 10 11 20 21 23"
3732,TK-03732,"04 10 11 21 22 26"
3733,TK-03733,"05 10 11 19 24 26"
3734,TK-03734,"01 10 11 19 24 25"
3735,TK-03735,"05 10 11 19 22 27"
3736,TK-03736,"01 10 11 19 22 26"
3737,TK-03737,"02 10 11 19 23 25"
3738,TK-03738,"01 10 11 18 24 27"
3739,TK-03739,"04 10 11 18 25 26"
3740,TK-03740,"05 10 11 18 24 25"
3741,TK-03741,"01 10 11 18 22 23"
3742,TK-03742,"06 10 11 18 23 26"
3743,TK-03743,"02 10 11 18 21 25"
3744,TK-03744,"06 10 11 18 20 22"
3745,TK-03745,"06 10 11 20 21 27"
3746,TK-03746,"02 10 11 18 19 27"
3747,TK-03747,"03 10 11 18 19 22"
3748,TK-03748,"04 10 11 18 19 23"
3749,TK-03749,"04 10 11 17 22 27"
3750,TK-03750,"04 10 11 17 21 24"
3751,TK-03751,"02 10 11 17 20 25"
3752,TK-03752,"04 10 11 17 20 26"
3753,TK-03753,"10 11 17 20 22 23"
3754,TK-03754,"01 10 11 17 19 27"
3755,TK-03755,"06 10 11 17 19 23"
3756,TK-03756,"05 10 17 18 22 25"
3757,TK-03757,"06 10 11 24 26 27"
3758,TK-03758,"05 10 11 16 23 24"
3759,TK-03759,"04 10 11 16 22 25"
3760,TK-03760,"03 10 11 22 24 27"
3761,TK-03761,"04 10 16 22 24 26"
3762,TK-03762,"02 10 11 16 21 27"
3763,TK-03763,"03 10 11 16 21 22"
3764,TK-03764,"03 10 11 16 20 22"
3765,TK-03765,"06 10 11 16 20 25"
3766,TK-03766,"04 10 11 16 23 27"
3767,TK-03767,"05 10 16 19 21 25"
3768,TK-03768,"02 10 11 16 18 20"
3769,TK-03769,"06 10 11 16 18 19"
3770,TK-03770,"06 10 11 15 22 25"
3771,TK-03771,"02 10 11 15 23 27"
3772,TK-03772,"04 10 11 15 20 27"
3773,TK-03773,"06 10 11 15 20 24"
3774,TK-03774,"02 10 11 15 20 21"
3775,TK-03775,"01 10 11 15 19 26"
3776,TK-03776,"02 10 11 15 19 22"
3777,TK-03777,"04 10 11 15 19 25"
3778,TK-03778,"03 10 11 15 21 23"
3779,TK-03779,"01 10 11 15 18 25"
3780,TK-03780,"05 10 11 15 18 27"
3781,TK-03781,"03 10 11 18 21 26"
3782,TK-03782,"01 10 11 15 17 25"
3783,TK-03783,"10 11 15 16 23 25"
3784,TK-03784,"02 10 15 16 19 20"
3785,TK-03785,"02 10 11 14 24 27"
3786,TK-03786,"04 10 11 14 24 25"
3787,TK-03787,"02 10 11 14 21 23"
3788,TK-03788,"05 10 11 14 25 27"
3789,TK-03789,"04 10 11 14 23 27"
3790,TK-03790,"01 10 11 14 19 21"
3791,TK-03791,"02 10 11 14 19 20"
3792,TK-03792,"04 10 11 14 18 22"
3793,TK-03793,"03 10 11 14 18 24"
3794,TK-03794,"01 10 11 14 18 20"
3795,TK-03795,"02 10 11 14 17 22"
3796,TK-03796,"10 11 14 17 21 27"
3797,TK-03797,"05 10 11 14 17 20"
3798,TK-03798,"02 11 14 17 19 26"
3799,TK-03799,"04 10 11 17 19 25"
3800,TK-03800,"03 10 11 14 16 23"
3801,TK-03801,"01 10 11 14 16 27"
3802,TK-03802,"05 10 11 14 16 22"
3803,TK-03803,"02 10 11 14 16 18"
3804,TK-03804,"05 10 11 16 17 25"
3805,TK-03805,"02 10 11 14 15 26"
3806,TK-03806,"01 10 11 14 15 24"
3807,TK-03807,"06 10 11 14 20 23"
3808,TK-03808,"03 10 11 14 20 22"
3809,TK-03809,"06 10 11 14 15 16"
3810,TK-03810,"01 10 11 13 23 24"
3811,TK-03811,"06 10 11 13 22 27"
3812,TK-03812,"01 10 11 13 19 25"
3813,TK-03813,"04 10 11 13 19 24"
3814,TK-03814,"05 10 11 13 19 23"
3815,TK-03815,"03 10 11 13 21 27"
3816,TK-03816,"04 10 11 13 18 27"
3817,TK-03817,"05 10 11 13 18 26"
3818,TK-03818,"01 10 11 13 18 22"
3819,TK-03819,"03 10 11 13 18 19"
3820,TK-03820,"06 10 13 17 24 27"
3821,TK-03821,"04 10 11 13 17 23"
3822,TK-03822,"04 10 13 16 24 25"
3823,TK-03823,"06 10 11 13 16 23"
3824,TK-03824,"10 11 13 15 24 25"
3825,TK-03825,"03 10 11 13 22 26"
3826,TK-03826,"10 11 13 15 18 20"
3827,TK-03827,"03 10 11 13 14 25"
3828,TK-03828,"06 10 11 14 21 22"
3829,TK-03829,"05 10 11 13 14 18"
3830,TK-03830,"01 10 11 12 25 26"
3831,TK-03831,"01 10 11 12 23 27"
3832,TK-03832,"02 10 11 12 23 26"
3833,TK-03833,"04 10 11 12 21 24"
3834,TK-03834,"05 10 11 12 20 27"
3835,TK-03835,"04 10 11 12 20 22"
3836,TK-03836,"02 10 11 12 19 24"
3837,TK-03837,"01 10 11 12 21 22"
3838,TK-03838,"03 10 11 12 20 23"
3839,TK-03839,"05 10 11 12 19 21"
3840,TK-03840,"03 10 11 12 18 26"
3841,TK-03841,"02 10 11 12 17 21"
3842,TK-03842,"04 10 11 15 18 24"
3843,TK-03843,"03 10 11 12 17 22"
3844,TK-03844,"05 10 11 15 17 20"
3845,TK-03845,"05 10 11 12 14 24"
3846,TK-03846,"03 10 11 12 14 27"
3847,TK-03847,"04 10 11 12 14 17"
3848,TK-03848,"02 11 12 14 16 19"
3849,TK-03849,"02 10 11 12 13 27"
3850,TK-03850,"05 10 11 12 13 25"
3851,TK-03851,"04 10 11 12 13 19"
3852,TK-03852,"01 10 12 13 17 24"
3853,TK-03853,"06 10 11 12 13 22"
3854,TK-03854,"01 10 11 12 13 14"
3855,TK-03855,"02 09 23 25 26 27"
3856,TK-03856,"02 09 24 25 26 27"
3857,TK-03857,"05 09 22 23 25 27"
3858,TK-03858,"06 09 23 24 25 26"
3859,TK-03859,"06 09 21 23 26 27"
3860,TK-03860,"04 09 21 22 24 27"
3861,TK-03861,"02 09 21 22 23 25"
3862,TK-03862,"02 09 20 23 24 27"
3863,TK-03863,"01 09 20 22 24 26"
3864,TK-03864,"04 09 20 22 26 27"
3865,TK-03865,"01 09 20 21 25 27"
3866,TK-03866,"02 09 19 23 24 26"
3867,TK-03867,"03 09 19 22 25 26"
3868,TK-03868,"02 09 19 22 26 27"
3869,TK-03869,"05 09 19 21 25 27"
3870,TK-03870,"04 09 19 21 23 26"
3871,TK-03871,"06 09 19 20 23 25"
3872,TK-03872,"01 09 19 20 22 23"
3873,TK-03873,"04 09 19 20 21 22"
3874,TK-03874,"06 09 18 21 23 24"
3875,TK-03875,"03 09 18 20 24 25"
3876,TK-03876,"04 09 18 23 26 27"
3877,TK-03877,"05 09 18 21 24 27"
3878,TK-03878,"06 09 18 20 23 27"
3879,TK-03879,"04 09 18 21 22 25"
3880,TK-03880,"06 09 18 25 26 27"
3881,TK-03881,"01 09 18 19 22 24"
3882,TK-03882,"06 09 18 19 21 27"
3883,TK-03883,"01 09 17 23 24 27"
3884,TK-03884,"02 09 17 20 25 27"
3885,TK-03885,"03 09 17 24 26 27"
3886,TK-03886,"01 09 17 20 23 26"
3887,TK-03887,"01 09 17 20 24 25"
3888,TK-03888,"05 09 17 21 22 27"
3889,TK-03889,"02 09 17 20 22 23"
3890,TK-03890,"04 09 17 19 25 26"
3891,TK-03891,"01 09 17 19 22 26"
3892,TK-03892,"05 09 17 19 22 23"
3893,TK-03893,"03 09 17 19 21 27"
3894,TK-03894,"01 09 17 19 21 24"
3895,TK-03895,"05 09 17 19 20 25"
3896,TK-03896,"02 09 17 19 20 21"
3897,TK-03897,"01 09 17 18 25 26"
3898,TK-03898,"02 09 17 18 21 27"
3899,TK-03899,"02 09 17 18 19 25"
3900,TK-03900,"04 09 17 18 21 23"
3901,TK-03901,"01 09 16 23 24 25"
3902,TK-03902,"01 09 16 22 25 27"
3903,TK-03903,"05 09 16 23 26 27"
3904,TK-03904,"02 09 16 22 23 25"
3905,TK-03905,"02 09 16 21 26 27"
3906,TK-03906,"06 09 16 21 25 27"
3907,TK-03907,"01 09 16 21 23 26"
3908,TK-03908,"04 09 16 20 25 27"
3909,TK-03909,"02 09 16 20 24 26"
3910,TK-03910,"05 09 16 22 24 25"
3911,TK-03911,"03 09 16 20 22 23"
3912,TK-03912,"01 09 16 20 21 22"
3913,TK-03913,"02 09 16 19 23 27"
3914,TK-03914,"03 09 16 19 22 25"
3915,TK-03915,"05 09 16 19 20 22"
3916,TK-03916,"04 09 16 19 20 23"
3917,TK-03917,"03 09 16 18 25 26"
3918,TK-03918,"06 09 16 18 22 27"
3919,TK-03919,"02 09 16 18 21 25"
3920,TK-03920,"04 09 16 18 21 22"
3921,TK-03921,"02 09 16 20 21 27"
3922,TK-03922,"01 09 16 18 19 21"
3923,TK-03923,"02 09 16 17 25 26"
3924,TK-03924,"01 09 16 17 24 26"
3925,TK-03925,"06 09 16 17 20 24"
3926,TK-03926,"05 09 16 17 21 25"
3927,TK-03927,"06 09 16 17 19 27"
3928,TK-03928,"04 09 16 17 18 26"
3929,TK-03929,"03 09 16 17 18 20"
3930,TK-03930,"09 15 23 24 26 27"
3931,TK-03931,"01 09 15 21 26 27"
3932,TK-03932,"04 09 21 24 25 26"
3933,TK-03933,"02 09 15 20 24 25"
3934,TK-03934,"02 09 15 20 21 26"
3935,TK-03935,"02 09 15 21 23 25"
3936,TK-03936,"05 09 20 21 22 25"
3937,TK-03937,"01 09 15 20 21 22"
3938,TK-03938,"01 09 15 19 26 27"
3939,TK-03939,"01 09 19 23 25 26"
3940,TK-03940,"04 09 15 22 23 27"
3941,TK-03941,"04 09 15 19 23 24"
3942,TK-03942,"02 09 15 19 21 22"
3943,TK-03943,"03 09 15 19 20 23"
3944,TK-03944,"04 09 15 19 22 26"
3945,TK-03945,"02 09 19 20 22 25"
3946,TK-03946,"02 09 18 21 22 26"
3947,TK-03947,"06 09 15 18 22 23"
3948,TK-03948,"03 09 15 18 19 26"
3949,TK-03949,"02 09 18 19 21 23"
3950,TK-03950,"06 09 15 17 25 27"
3951,TK-03951,"06 09 15 17 24 26"
3952,TK-03952,"05 09 15 17 23 25"
3953,TK-03953,"06 09 15 17 22 23"
3954,TK-03954,"03 09 15 17 23 27"
3955,TK-03955,"04 09 15 17 23 26"
3956,TK-03956,"05 09 15 17 19 21"
3957,TK-03957,"06 09 17 18 21 22"
3958,TK-03958,"02 09 15 16 22 27"
3959,TK-03959,"02 09 15 16 21 23"
3960,TK-03960,"04 09 15 16 20 23"
3961,TK-03961,"02 09 15 16 18 26"
3962,TK-03962,"03 09 15 16 18 21"
3963,TK-03963,"04 09 15 16 17 22"
3964,TK-03964,"02 09 15 16 17 19"
3965,TK-03965,"04 09 14 22 26 27"
3966,TK-03966,"03 09 14 24 25 26"
3967,TK-03967,"05 09 14 21 24 25"
3968,TK-03968,"03 09 14 24 25 27"
3969,TK-03969,"01 09 14 20 26 27"
3970,TK-03970,"02 09 14 20 22 26"
3971,TK-03971,"06 09 14 20 22 24"
3972,TK-03972,"02 09 14 21 22 27"
3973,TK-03973,"04 09 14 19 26 27"
3974,TK-03974,"06 09 14 19 23 26"
3975,TK-03975,"05 09 14 19 20 23"
3976,TK-03976,"02 09 14 18 26 27"
3977,TK-03977,"05 09 14 18 22 27"
3978,TK-03978,"05 09 18 22 24 26"
3979,TK-03979,"04 09 14 18 21 26"
3980,TK-03980,"05 09 14 18 25 26"
3981,TK-03981,"05 09 18 20 23 26"
3982,TK-03982,"01 09 14 18 22 23"
3983,TK-03983,"06 09 14 17 23 25"
3984,TK-03984,"02 09 14 17 21 25"
3985,TK-03985,"03 09 14 17 20 26"
3986,TK-03986,"04 09 14 17 20 22"
3987,TK-03987,"05 09 14 17 19 27"
3988,TK-03988,"02 09 14 17 19 26"
3989,TK-03989,"02 09 17 19 24 25"
3990,TK-03990,"03 09 14 17 19 22"
3991,TK-03991,"03 09 14 17 18 27"
3992,TK-03992,"03 09 14 16 22 26"
3993,TK-03993,"02 09 14 16 23 26"
3994,TK-03994,"01 09 14 16 20 22"
3995,TK-03995,"06 09 14 16 21 23"
3996,TK-03996,"01 09 14 19 22 27"
3997,TK-03997,"02 09 14 19 22 23"
3998,TK-03998,"02 09 14 16 17 22"
3999,TK-03999,"01 09 14 21 25 26"
4000,TK-04000,"02 09 14 15 21 23"
4001,TK-04001,"04 09 14 15 21 22"
4002,TK-04002,"05 09 14 15 23 27"
4003,TK-04003,"03 09 14 15 20 23"
4004,TK-04004,"06 09 14 15 20 27"
4005,TK-04005,"01 09 14 15 21 25"
4006,TK-04006,"06 09 14 15 24 25"
4007,TK-04007,"03 09 14 15 23 25"
4008,TK-04008,"01 09 14 19 20 26"
4009,TK-04009,"04 09 14 18 19 22"
4010,TK-04010,"01 09 14 15 17 27"
4011,TK-04011,"04 09 14 15 17 26"
4012,TK-04012,"02 09 14 15 17 22"
4013,TK-04013,"05 09 14 15 17 20"
4014,TK-04014,"04 09 14 17 19 23"
4015,TK-04015,"05 09 14 15 16 25"
4016,TK-04016,"09 14 15 16 22 23"
4017,TK-04017,"01 09 15 16 19 26"
4018,TK-04018,"02 09 14 15 16 20"
4019,TK-04019,"06 09 13 23 25 27"
4020,TK-04020,"02 09 13 22 25 26"
4021,TK-04021,"06 09 13 20 21 27"
4022,TK-04022,"01 09 13 19 24 26"
4023,TK-04023,"02 09 13 22 24 27"
4024,TK-04024,"02 09 13 19 22 23"
4025,TK-04025,"04 09 13 19 21 27"
4026,TK-04026,"01 09 13 20 23 26"
4027,TK-04027,"01 09 13 19 20 24"
4028,TK-04028,"04 09 13 20 21 23"
4029,TK-04029,"04 09 13 18 24 27"
4030,TK-04030,"05 09 13 18 22 25"
4031,TK-04031,"06 09 13 18 20 24"
4032,TK-04032,"04 09 13 18 20 22"
4033,TK-04033,"06 09 13 18 19 20"
4034,TK-04034,"05 09 13 17 24 25"
4035,TK-04035,"04 09 13 17 22 26"
4036,TK-04036,"05 09 13 17 23 27"
4037,TK-04037,"01 09 13 17 22 24"
4038,TK-04038,"03 09 13 17 23 26"
4039,TK-04039,"01 09 13 17 19 25"
4040,TK-04040,"06 09 13 17 21 26"
4041,TK-04041,"01 09 13 17 19 20"
4042,TK-04042,"02 09 13 17 18 25"
4043,TK-04043,"03 09 13 17 18 23"
4044,TK-04044,"01 09 13 17 18 21"
4045,TK-04045,"03 09 13 16 24 25"
4046,TK-04046,"01 09 13 16 20 27"
4047,TK-04047,"03 09 13 16 20 26"
4048,TK-04048,"02 09 13 16 20 22"
4049,TK-04049,"02 09 13 16 19 26"
4050,TK-04050,"05 09 13 16 25 27"
4051,TK-04051,"05 09 13 16 18 24"
4052,TK-04052,"09 13 16 18 20 23"
4053,TK-04053,"02 09 13 16 18 19"
4054,TK-04054,"02 09 13 16 17 24"
4055,TK-04055,"01 09 13 16 17 21"
4056,TK-04056,"05 09 13 16 17 20"
4057,TK-04057,"02 09 13 15 21 22"
4058,TK-04058,"04 09 13 15 20 24"
4059,TK-04059,"02 09 13 15 20 26"
4060,TK-04060,"06 09 13 15 23 26"
4061,TK-04061,"06 09 13 15 18 25"
4062,TK-04062,"01 09 15 18 21 27"
4063,TK-04063,"01 09 13 15 25 26"
4064,TK-04064,"05 09 13 15 21 23"
4065,TK-04065,"06 09 13 15 17 20"
4066,TK-04066,"02 09 13 15 19 24"
4067,TK-04067,"06 09 15 17 18 26"
4068,TK-04068,"03 09 13 15 16 21"
4069,TK-04069,"01 09 13 16 19 23"
4070,TK-04070,"03 09 15 16 19 20"
4071,TK-04071,"02 09 13 15 18 22"
4072,TK-04072,"06 09 13 16 17 26"
4073,TK-04073,"04 09 13 14 22 27"
4074,TK-04074,"06 09 13 14 19 26"
4075,TK-04075,"01 09 13 14 19 22"
4076,TK-04076,"03 09 13 14 18 26"
4077,TK-04077,"02 09 13 14 20 27"
4078,TK-04078,"02 09 13 14 16 25"
4079,TK-04079,"02 09 13 14 16 21"
4080,TK-04080,"01 09 13 14 16 18"
4081,TK-04081,"05 09 13 14 21 27"
4082,TK-04082,"04 09 13 14 15 17"
4083,TK-04083,"04 09 12 22 25 27"
4084,TK-04084,"05 09 12 22 24 27"
4085,TK-04085,"03 09 12 21 25 26"
4086,TK-04086,"06 09 12 20 25 27"
4087,TK-04087,"05 09 12 20 23 27"
4088,TK-04088,"02 09 12 21 26 27"
4089,TK-04089,"01 09 12 20 22 24"
4090,TK-04090,"04 09 12 19 25 26"
4091,TK-04091,"03 09 12 19 23 26"
4092,TK-04092,"03 09 12 23 25 27"
4093,TK-04093,"05 09 12 19 22 26"
4094,TK-04094,"04 09 12 19 22 23"
4095,TK-04095,"05 09 12 19 21 22"
4096,TK-04096,"05 09 12 19 20 24"
4097,TK-04097,"01 09 12 19 20 21"
4098,TK-04098,"06 09 12 18 24 26"
4099,TK-04099,"05 09 12 18 21 22"
4100,TK-04100,"01 09 18 20 24 27"
4101,TK-04101,"06 09 12 18 19 26"
4102,TK-04102,"05 09 12 18 23 24"
4103,TK-04103,"04 09 12 18 19 21"
4104,TK-04104,"05 09 12 18 20 22"
4105,TK-04105,"03 09 12 17 20 24"
4106,TK-04106,"02 09 12 17 24 26"
4107,TK-04107,"04 09 12 17 19 20"
4108,TK-04108,"03 09 12 17 18 25"
4109,TK-04109,"05 09 12 16 23 25"
4110,TK-04110,"01 09 12 16 21 24"
4111,TK-04111,"02 09 12 16 21 22"
4112,TK-04112,"02 09 12 16 24 27"
4113,TK-04113,"01 09 12 16 20 26"
4114,TK-04114,"06 09 12 16 19 25"
4115,TK-04115,"04 09 12 16 19 22"
4116,TK-04116,"02 09 12 16 19 23"
4117,TK-04117,"05 09 12 16 18 27"
4118,TK-04118,"05 09 12 16 21 26"
4119,TK-04119,"03 09 12 16 18 19"
4120,TK-04120,"02 09 12 16 17 23"
4121,TK-04121,"04 09 12 16 17 19"
4122,TK-04122,"03 09 12 15 24 25"
4123,TK-04123,"04 09 12 15 21 24"
4124,TK-04124,"02 09 12 15 22 27"
4125,TK-04125,"06 09 12 21 22 23"
4126,TK-04126,"02 09 12 15 20 23"
4127,TK-04127,"04 09 12 15 19 23"
4128,TK-04128,"03 09 12 15 20 26"
4129,TK-04129,"01 09 12 15 18 26"
4130,TK-04130,"06 09 12 15 18 24"
4131,TK-04131,"05 09 12 18 21 25"
4132,TK-04132,"06 09 12 15 16 27"
4133,TK-04133,"05 09 15 16 18 23"
4134,TK-04134,"03 09 12 15 16 17"
4135,TK-04135,"04 09 12 14 26 27"
4136,TK-04136,"06 09 12 14 21 27"
4137,TK-04137,"04 09 12 14 21 22"
4138,TK-04138,"05 09 12 14 21 23"
4139,TK-04139,"03 09 12 14 19 23"
4140,TK-04140,"02 09 12 14 19 21"
4141,TK-04141,"01 09 12 14 18 21"
4142,TK-04142,"05 09 12 14 17 24"
4143,TK-04143,"06 09 12 14 17 26"
4144,TK-04144,"04 09 12 14 16 25"
4145,TK-04145,"06 09 12 14 16 18"
4146,TK-04146,"01 09 12 14 15 22"
4147,TK-04147,"02 09 12 14 15 19"
4148,TK-04148,"04 09 12 13 24 25"
4149,TK-04149,"02 09 12 13 23 26"
4150,TK-04150,"01 09 12 13 23 24"
4151,TK-04151,"05 09 12 13 22 23"
4152,TK-04152,"04 09 12 13 21 22"
4153,TK-04153,"01 09 12 13 20 25"
4154,TK-04154,"06 09 12 13 19 25"
4155,TK-04155,"06 09 12 13 19 22"
4156,TK-04156,"03 09 12 13 21 23"
4157,TK-04157,"03 09 12 13 25 26"
4158,TK-04158,"03 09 12 13 18 21"
4159,TK-04159,"04 09 12 13 20 26"
4160,TK-04160,"06 09 13 18 19 23"
4161,TK-04161,"06 09 12 13 17 22"
4162,TK-04162,"05 09 12 17 20 27"
4163,TK-04163,"03 09 12 17 20 23"
4164,TK-04164,"05 09 12 13 17 19"
4165,TK-04165,"05 09 12 17 18 26"
4166,TK-04166,"03 09 12 13 16 22"
4167,TK-04167,"06 09 12 13 16 21"
4168,TK-04168,"04 09 12 13 15 25"
4169,TK-04169,"09 12 13 15 19 26"
4170,TK-04170,"02 09 12 13 15 23"
4171,TK-04171,"05 09 13 15 18 20"
4172,TK-04172,"02 09 12 13 15 16"
4173,TK-04173,"06 09 12 13 14 23"
4174,TK-04174,"04 09 12 13 14 20"
4175,TK-04175,"01 09 11 24 25 27"
4176,TK-04176,"03 09 11 25 26 27"
4177,TK-04177,"01 09 11 22 23 26"
4178,TK-04178,"01 09 11 21 26 27"
4179,TK-04179,"06 09 11 20 25 26"
4180,TK-04180,"04 09 11 20 23 27"
4181,TK-04181,"03 09 11 21 22 26"
4182,TK-04182,"02 09 11 19 24 27"
4183,TK-04183,"06 09 11 19 20 22"
4184,TK-04184,"01 09 11 18 24 26"
4185,TK-04185,"05 09 11 18 23 27"
4186,TK-04186,"03 09 11 18 22 24"
4187,TK-04187,"04 09 11 18 21 27"
4188,TK-04188,"05 09 11 18 21 22"
4189,TK-04189,"05 09 11 18 20 27"
4190,TK-04190,"06 09 11 18 19 27"
4191,TK-04191,"03 09 11 18 19 23"
4192,TK-04192,"02 09 11 18 19 25"
4193,TK-04193,"04 09 11 18 19 20"
4194,TK-04194,"04 09 11 17 24 27"
4195,TK-04195,"03 09 11 17 20 25"
4196,TK-04196,"06 09 11 17 19 25"
4197,TK-04197,"02 09 11 17 19 20"
4198,TK-04198,"04 09 11 17 18 25"
4199,TK-04199,"02 09 11 17 18 26"
4200,TK-04200,"01 09 11 17 18 23"
4201,TK-04201,"06 09 11 17 18 24"
4202,TK-04202,"06 09 11 16 25 27"
4203,TK-04203,"04 09 11 16 25 26"
4204,TK-04204,"05 09 11 16 22 27"
4205,TK-04205,"06 09 11 21 24 27"
4206,TK-04206,"03 09 11 16 20 23"
4207,TK-04207,"02 09 11 16 20 25"
4208,TK-04208,"05 09 11 16 20 21"
4209,TK-04209,"03 09 11 16 18 27"
4210,TK-04210,"02 09 11 16 18 23"
4211,TK-04211,"06 09 11 16 18 20"
4212,TK-04212,"09 11 16 17 22 25"
4213,TK-04213,"05 09 11 15 25 27"
4214,TK-04214,"01 09 11 15 24 27"
4215,TK-04215,"05 09 11 15 22 23"
4216,TK-04216,"06 09 11 15 22 27"
4217,TK-04217,"01 09 11 15 21 24"
4218,TK-04218,"04 09 11 15 21 25"
4219,TK-04219,"01 09 11 15 19 26"
4220,TK-04220,"02 09 11 15 19 21"
4221,TK-04221,"04 09 11 15 18 26"
4222,TK-04222,"02 09 11 15 18 24"
4223,TK-04223,"03 09 11 15 18 25"
4224,TK-04224,"06 09 11 15 18 19"
4225,TK-04225,"05 09 11 17 26 27"
4226,TK-04226,"02 09 11 15 17 24"
4227,TK-04227,"09 11 15 17 18 22"
4228,TK-04228,"05 09 11 15 16 24"
4229,TK-04229,"01 09 11 15 16 27"
4230,TK-04230,"02 09 11 16 19 22"
4231,TK-04231,"01 09 11 16 17 20"
4232,TK-04232,"06 09 11 14 23 25"
4233,TK-04233,"01 09 11 14 23 24"
4234,TK-04234,"03 09 11 14 22 24"
4235,TK-04235,"03 09 11 14 20 26"
4236,TK-04236,"06 09 11 14 21 22"
4237,TK-04237,"03 09 11 14 19 27"
4238,TK-04238,"01 09 11 14 19 22"
4239,TK-04239,"04 09 11 14 19 21"
4240,TK-04240,"02 09 11 14 17 25"
4241,TK-04241,"04 09 11 17 22 26"
4242,TK-04242,"03 09 11 17 21 24"
4243,TK-04243,"05 09 11 17 19 24"
4244,TK-04244,"04 09 11 14 16 27"
4245,TK-04245,"03 09 11 14 15 25"
4246,TK-04246,"02 09 11 15 20 22"
4247,TK-04247,"02 09 11 14 15 21"
4248,TK-04248,"04 09 11 14 15 23"
4249,TK-04249,"04 09 11 13 26 27"
4250,TK-04250,"04 09 11 13 22 23"
4251,TK-04251,"01 09 11 13 25 26"
4252,TK-04252,"02 09 11 13 22 26"
4253,TK-04253,"02 09 11 13 20 23"
4254,TK-04254,"01 09 11 13 18 19"
4255,TK-04255,"04 09 11 13 17 19"
4256,TK-04256,"03 09 11 13 17 18"
4257,TK-04257,"05 09 11 13 16 21"
4258,TK-04258,"02 09 11 13 16 24"
4259,TK-04259,"01 09 11 13 15 21"
4260,TK-04260,"03 09 11 13 15 23"
4261,TK-04261,"02 09 11 13 15 17"
4262,TK-04262,"04 09 11 15 16 26"
4263,TK-04263,"06 09 11 13 15 16"
4264,TK-04264,"03 09 11 13 14 23"
4265,TK-04265,"09 11 13 14 17 22"
4266,TK-04266,"06 09 11 12 23 26"
4267,TK-04267,"02 09 11 12 22 25"
4268,TK-04268,"03 09 11 12 22 23"
4269,TK-04269,"04 09 11 12 20 27"
4270,TK-04270,"01 09 11 12 21 26"
4271,TK-04271,"03 09 11 12 19 20"
4272,TK-04272,"03 09 11 12 18 25"
4273,TK-04273,"03 09 11 12 24 27"
4274,TK-04274,"06 09 11 12 19 24"
4275,TK-04275,"06 09 11 12 17 27"
4276,TK-04276,"04 09 11 12 17 21"
4277,TK-04277,"02 09 11 12 17 19"
4278,TK-04278,"01 09 11 12 16 25"
4279,TK-04279,"03 09 11 12 16 21"
4280,TK-04280,"06 09 11 12 16 17"
4281,TK-04281,"05 09 11 12 15 17"
4282,TK-04282,"04 09 11 12 16 19"
4283,TK-04283,"06 09 11 12 14 22"
4284,TK-04284,"05 09 11 12 14 23"
4285,TK-04285,"03 09 11 12 14 26"
4286,TK-04286,"04 09 11 12 13 23"
4287,TK-04287,"01 09 11 12 13 24"
4288,TK-04288,"09 11 12 13 20 21"
4289,TK-04289,"06 09 11 13 18 22"
4290,TK-04290,"09 11 12 13 17 26"
4291,TK-04291,"01 09 10 22 25 26"
4292,TK-04292,"01 09 10 21 23 24"
4293,TK-04293,"05 09 10 21 22 26"
4294,TK-04294,"04 09 10 20 24 27"
4295,TK-04295,"05 09 10 20 23 24"
4296,TK-04296,"03 09 10 20 22 25"
4297,TK-04297,"01 09 10 21 22 27"
4298,TK-04298,"06 09 10 20 22 23"
4299,TK-04299,"02 09 10 19 25 27"
4300,TK-04300,"04 09 10 21 26 27"
4301,TK-04301,"02 09 10 19 21 23"
4302,TK-04302,"02 09 10 20 21 27"
4303,TK-04303,"03 09 10 20 22 24"
4304,TK-04304,"02 09 10 18 22 25"
4305,TK-04305,"01 09 10 18 19 21"
4306,TK-04306,"01 09 10 18 20 25"
4307,TK-04307,"03 09 10 18 19 20"
4308,TK-04308,"04 09 10 17 23 24"
4309,TK-04309,"02 09 10 17 22 26"
4310,TK-04310,"06 09 10 17 21 22"
4311,TK-04311,"05 09 10 17 20 24"
4312,TK-04312,"05 09 10 17 24 27"
4313,TK-04313,"05 09 10 19 22 27"
4314,TK-04314,"01 09 10 17 22 24"
4315,TK-04315,"05 09 10 17 21 25"
4316,TK-04316,"01 09 10 17 18 27"
4317,TK-04317,"02 09 10 16 26 27"
4318,TK-04318,"06 09 10 23 24 27"
4319,TK-04319,"01 09 10 16 23 26"
4320,TK-04320,"04 09 10 16 22 24"
4321,TK-04321,"02 09 10 16 22 23"
4322,TK-04322,"05 09 10 16 20 27"
4323,TK-04323,"03 09 10 16 20 26"
4324,TK-04324,"02 09 10 16 19 25"
4325,TK-04325,"05 09 10 16 18 22"
4326,TK-04326,"06 09 10 16 21 23"
4327,TK-04327,"04 09 10 16 18 26"
4328,TK-04328,"02 09 10 16 17 21"
4329,TK-04329,"04 09 10 15 22 27"
4330,TK-04330,"02 09 10 15 23 24"
4331,TK-04331,"04 09 10 15 21 24"
4332,TK-04332,"01 09 10 15 20 25"
4333,TK-04333,"04 09 10 20 23 26"
4334,TK-04334,"01 09 10 15 22 26"
4335,TK-04335,"01 09 10 15 18 19"
4336,TK-04336,"04 09 10 15 17 25"
4337,TK-04337,"02 09 10 15 17 21"
4338,TK-04338,"05 09 10 15 17 18"
4339,TK-04339,"01 09 10 15 16 27"
4340,TK-04340,"02 09 10 15 16 25"
4341,TK-04341,"05 09 10 15 16 24"
4342,TK-04342,"06 09 10 15 16 17"
4343,TK-04343,"02 09 10 14 22 27"
4344,TK-04344,"03 09 10 14 24 25"
4345,TK-04345,"02 09 10 14 23 25"
4346,TK-04346,"01 09 10 14 25 27"
4347,TK-04347,"03 09 10 14 22 26"
4348,TK-04348,"04 09 10 14 19 27"
4349,TK-04349,"06 09 10 14 18 22"
4350,TK-04350,"02 09 10 14 18 26"
4351,TK-04351,"09 10 14 18 20 23"
4352,TK-04352,"06 09 14 18 19 25"
4353,TK-04353,"01 09 10 14 17 25"
4354,TK-04354,"02 09 10 16 23 24"
4355,TK-04355,"05 09 10 14 16 25"
4356,TK-04356,"02 09 10 14 16 19"
4357,TK-04357,"09 10 14 16 18 27"
4358,TK-04358,"03 10 14 16 17 26"
4359,TK-04359,"03 09 10 14 15 27"
4360,TK-04360,"03 09 10 13 24 26"
4361,TK-04361,"05 09 10 13 23 26"
4362,TK-04362,"04 09 10 13 22 25"
4363,TK-04363,"06 09 10 13 22 26"
4364,TK-04364,"05 09 10 13 22 24"
4365,TK-04365,"02 09 10 13 21 26"
4366,TK-04366,"01 09 10 13 20 26"
4367,TK-04367,"06 09 10 17 26 27"
4368,TK-04368,"09 10 13 17 22 23"
4369,TK-04369,"05 09 10 13 17 21"
4370,TK-04370,"04 09 10 17 18 26"
4371,TK-04371,"06 09 10 17 18 19"
4372,TK-04372,"01 09 10 13 16 21"
4373,TK-04373,"02 09 10 13 16 20"
4374,TK-04374,"03 09 10 13 16 17"
4375,TK-04375,"02 09 10 13 15 22"
4376,TK-04376,"01 09 10 13 15 17"
4377,TK-04377,"09 10 13 14 25 26"
4378,TK-04378,"04 09 10 13 14 24"
4379,TK-04379,"05 09 10 13 14 22"
4380,TK-04380,"01 09 10 13 14 15"
4381,TK-04381,"04 09 10 12 25 26"
4382,TK-04382,"02 09 10 12 22 23"
4383,TK-04383,"01 09 10 12 21 26"
4384,TK-04384,"02 09 10 12 21 25"
4385,TK-04385,"05 09 10 12 20 21"
4386,TK-04386,"01 09 10 12 19 23"
4387,TK-04387,"05 09 10 18 20 24"
4388,TK-04388,"02 09 10 12 19 22"
4389,TK-04389,"09 10 12 16 25 27"
4390,TK-04390,"02 09 10 12 16 20"
4391,TK-04391,"04 09 10 12 15 22"
4392,TK-04392,"09 10 12 15 20 27"
4393,TK-04393,"02 09 10 12 15 17"
4394,TK-04394,"04 09 10 12 14 23"
4395,TK-04395,"05 09 10 12 14 20"
4396,TK-04396,"06 09 12 14 15 25"
4397,TK-04397,"06 09 10 12 13 21"
4398,TK-04398,"05 09 10 12 13 16"
4399,TK-04399,"09 10 12 13 15 24"
4400,TK-04400,"03 09 12 13 14 17"
4401,TK-04401,"01 09 10 11 23 25"
4402,TK-04402,"03 09 10 11 23 26"
4403,TK-04403,"02 09 10 11 21 22"
4404,TK-04404,"05 09 10 11 19 23"
4405,TK-04405,"01 09 11 19 21 25"
4406,TK-04406,"05 09 11 19 21 24"
4407,TK-04407,"01 09 10 11 18 26"
4408,TK-04408,"02 09 10 11 18 21"
4409,TK-04409,"02 09 10 11 25 26"
4410,TK-04410,"06 09 10 11 17 26"
4411,TK-04411,"05 09 10 11 17 27"
4412,TK-04412,"04 09 10 11 17 20"
4413,TK-04413,"03 10 11 17 19 22"
4414,TK-04414,"05 09 10 11 16 26"
4415,TK-04415,"03 09 10 11 16 21"
4416,TK-04416,"01 09 10 11 16 19"
4417,TK-04417,"01 09 10 11 15 27"
4418,TK-04418,"05 09 10 11 15 20"
4419,TK-04419,"02 09 10 11 15 18"
4420,TK-04420,"06 09 11 15 17 23"
4421,TK-04421,"01 09 10 11 14 22"
4422,TK-04422,"05 09 10 11 14 25"
4423,TK-04423,"04 09 10 11 14 18"
4424,TK-04424,"02 09 10 11 14 17"
4425,TK-04425,"02 09 11 14 16 20"
4426,TK-04426,"03 10 11 14 15 19"
4427,TK-04427,"06 09 11 13 21 23"
4428,TK-04428,"09 10 11 13 19 22"
4429,TK-04429,"09 10 11 13 17 25"
4430,TK-04430,"04 09 10 11 13 15"
4431,TK-04431,"05 09 10 11 13 27"
4432,TK-04432,"09 10 11 12 22 26"
4433,TK-04433,"05 09 10 11 12 18"
4434,TK-04434,"06 09 10 12 17 24"
4435,TK-04435,"04 09 10 11 16 23"
4436,TK-04436,"04 09 10 11 12 25"
4437,TK-04437,"02 09 10 11 15 19"
4438,TK-04438,"02 09 10 11 12 14"
4439,TK-04439,"02 08 22 25 26 27"
4440,TK-04440,"01 08 21 25 26 27"
4441,TK-04441,"01 08 22 24 26 27"
4442,TK-04442,"03 08 20 23 24 25"
4443,TK-04443,"06 08 22 23 25 27"
4444,TK-04444,"06 08 20 23 25 26"
4445,TK-04445,"02 08 20 22 23 24"
4446,TK-04446,"03 08 20 21 25 27"
4447,TK-04447,"05 08 20 21 22 23"
4448,TK-04448,"01 08 19 24 25 27"
4449,TK-04449,"03 08 19 24 25 26"
4450,TK-04450,"06 08 22 23 24 26"
4451,TK-04451,"03 08 21 24 26 27"
4452,TK-04452,"04 08 21 23 25 26"
4453,TK-04453,"01 08 20 23 25 27"
4454,TK-04454,"04 08 19 20 23 24"
4455,TK-04455,"02 08 19 20 22 27"
4456,TK-04456,"05 08 19 20 21 27"
4457,TK-04457,"03 08 19 20 21 25"
4458,TK-04458,"06 08 18 24 25 27"
4459,TK-04459,"04 08 18 23 24 27"
4460,TK-04460,"02 08 21 22 24 27"
4461,TK-04461,"03 08 18 20 26 27"
4462,TK-04462,"05 08 18 20 23 27"
4463,TK-04463,"06 08 18 20 21 24"
4464,TK-04464,"01 08 18 21 23 25"
4465,TK-04465,"01 08 18 21 22 27"
4466,TK-04466,"06 08 18 19 22 27"
4467,TK-04467,"06 08 18 19 23 24"
4468,TK-04468,"06 08 17 22 26 27"
4469,TK-04469,"03 08 17 21 24 25"
4470,TK-04470,"02 08 17 21 25 27"
4471,TK-04471,"03 08 17 22 24 26"
4472,TK-04472,"01 08 17 22 23 24"
4473,TK-04473,"02 08 17 20 22 27"
4474,TK-04474,"05 08 17 20 21 24"
4475,TK-04475,"03 08 17 20 21 23"
4476,TK-04476,"04 08 17 19 26 27"
4477,TK-04477,"04 08 17 19 22 25"
4478,TK-04478,"06 08 17 21 25 26"
4479,TK-04479,"08 17 19 21 24 27"
4480,TK-04480,"05 08 17 19 21 23"
4481,TK-04481,"05 08 17 19 25 27"
4482,TK-04482,"01 08 17 19 20 24"
4483,TK-04483,"02 08 19 20 21 26"
4484,TK-04484,"04 08 17 18 25 27"
4485,TK-04485,"01 08 17 18 24 26"
4486,TK-04486,"06 08 17 18 23 26"
4487,TK-04487,"05 08 17 18 23 24"
4488,TK-04488,"02 08 17 18 22 24"
4489,TK-04489,"02 08 17 18 23 27"
4490,TK-04490,"04 08 17 20 24 27"
4491,TK-04491,"06 08 17 20 24 25"
4492,TK-04492,"01 08 17 18 20 26"
4493,TK-04493,"05 08 17 18 21 27"
4494,TK-04494,"05 08 17 18 19 22"
4495,TK-04495,"03 08 17 18 19 21"
4496,TK-04496,"04 08 17 18 19 23"
4497,TK-04497,"05 08 16 25 26 27"
4498,TK-04498,"02 08 16 21 23 27"
4499,TK-04499,"01 08 16 21 22 25"
4500,TK-04500,"01 08 16 23 24 27"
4501,TK-04501,"03 08 16 19 22 27"
4502,TK-04502,"01 08 16 19 22 24"
4503,TK-04503,"05 08 16 19 21 27"
4504,TK-04504,"04 08 16 19 20 27"
4505,TK-04505,"05 08 16 19 20 26"
4506,TK-04506,"01 08 16 19 23 25"
4507,TK-04507,"05 08 16 19 20 23"
4508,TK-04508,"06 08 16 18 24 26"
4509,TK-04509,"03 08 16 18 21 24"
4510,TK-04510,"02 08 16 18 20 24"
4511,TK-04511,"03 08 16 18 20 23"
4512,TK-04512,"02 08 16 18 19 27"
4513,TK-04513,"06 08 16 18 19 25"
4514,TK-04514,"05 08 16 17 24 27"
4515,TK-04515,"01 08 16 17 26 27"
4516,TK-04516,"05 08 16 17 21 22"
4517,TK-04517,"05 08 16 17 23 26"
4518,TK-04518,"04 08 16 17 23 24"
4519,TK-04519,"03 08 16 17 20 27"
4520,TK-04520,"04 08 16 17 19 26"
4521,TK-04521,"06 08 16 17 19 24"
4522,TK-04522,"06 08 16 17 18 23"
4523,TK-04523,"06 08 15 25 26 27"
4524,TK-04524,"01 08 15 21 24 27"
4525,TK-04525,"03 08 15 21 25 26"
4526,TK-04526,"03 08 15 21 23 27"
4527,TK-04527,"08 15 21 22 26 27"
4528,TK-04528,"04 08 15 24 26 27"
4529,TK-04529,"05 08 15 20 22 24"
4530,TK-04530,"02 08 15 20 22 26"
4531,TK-04531,"04 08 15 20 21 26"
4532,TK-04532,"02 08 15 19 21 27"
4533,TK-04533,"05 08 15 19 23 26"
4534,TK-04534,"06 08 15 19 20 24"
4535,TK-04535,"06 08 15 18 25 26"
4536,TK-04536,"02 08 15 18 23 25"
4537,TK-04537,"04 08 15 18 22 26"
4538,TK-04538,"08 15 18 22 23 24"
4539,TK-04539,"04 08 18 20 23 26"
4540,TK-04540,"01 08 15 18 19 25"
4541,TK-04541,"02 08 15 18 19 26"
4542,TK-04542,"01 08 15 19 23 27"
4543,TK-04543,"03 08 15 17 24 27"
4544,TK-04544,"02 08 17 23 24 25"
4545,TK-04545,"01 08 15 17 21 23"
4546,TK-04546,"06 08 15 17 21 22"
4547,TK-04547,"04 08 15 17 25 26"
4548,TK-04548,"06 08 15 17 23 24"
4549,TK-04549,"05 08 15 17 19 22"
4550,TK-04550,"04 08 15 17 19 21"
4551,TK-04551,"06 08 15 17 20 25"
4552,TK-04552,"04 08 15 17 18 24"
4553,TK-04553,"02 08 15 17 18 20"
4554,TK-04554,"01 08 15 16 25 27"
4555,TK-04555,"04 08 15 16 23 26"
4556,TK-04556,"05 08 15 16 22 26"
4557,TK-04557,"02 08 15 16 21 22"
4558,TK-04558,"05 08 15 16 20 21"
4559,TK-04559,"06 08 15 16 19 27"
4560,TK-04560,"01 08 15 16 19 24"
4561,TK-04561,"02 08 15 16 19 25"
4562,TK-04562,"01 08 15 16 18 20"
4563,TK-04563,"01 08 16 17 24 25"
4564,TK-04564,"05 08 15 16 17 27"
4565,TK-04565,"03 08 15 16 17 23"
4566,TK-04566,"04 08 15 16 17 20"
4567,TK-04567,"05 08 16 17 18 19"
4568,TK-04568,"01 08 14 23 25 26"
4569,TK-04569,"04 08 14 22 24 27"
4570,TK-04570,"01 08 14 21 24 25"
4571,TK-04571,"03 08 14 21 22 23"
4572,TK-04572,"04 08 14 20 24 25"
4573,TK-04573,"06 08 14 20 22 23"
4574,TK-04574,"03 08 14 20 21 27"
4575,TK-04575,"02 08 14 20 21 22"
4576,TK-04576,"04 08 14 19 23 24"
4577,TK-04577,"05 08 14 19 22 25"
4578,TK-04578,"01 08 14 19 21 25"
4579,TK-04579,"04 08 14 20 21 23"
4580,TK-04580,"05 08 14 18 22 26"
4581,TK-04581,"06 08 14 18 21 25"
4582,TK-04582,"03 08 14 18 21 27"
4583,TK-04583,"05 08 14 18 23 25"
4584,TK-04584,"03 08 14 18 19 22"
4585,TK-04585,"01 08 14 18 19 23"
4586,TK-04586,"02 08 14 17 22 25"
4587,TK-04587,"02 08 14 17 21 24"
4588,TK-04588,"03 08 14 17 22 24"
4589,TK-04589,"05 08 14 17 20 21"
4590,TK-04590,"08 14 17 18 25 26"
4591,TK-04591,"01 08 14 17 24 27"
4592,TK-04592,"06 08 14 17 18 23"
4593,TK-04593,"02 08 14 17 18 20"
4594,TK-04594,"01 08 14 16 24 26"
4595,TK-04595,"06 08 14 16 22 27"
4596,TK-04596,"03 08 14 16 20 24"
4597,TK-04597,"03 08 14 16 19 25"
4598,TK-04598,"05 08 14 16 19 21"
4599,TK-04599,"01 08 14 16 18 27"
4600,TK-04600,"02 08 14 16 18 23"
4601,TK-04601,"01 08 14 16 18 21"
4602,TK-04602,"03 08 14 16 17 27"
4603,TK-04603,"04 08 14 17 23 25"
4604,TK-04604,"02 08 14 17 19 22"
4605,TK-04605,"06 08 14 15 24 26"
4606,TK-04606,"01 08 14 15 22 26"
4607,TK-04607,"05 08 14 15 21 23"
4608,TK-04608,"03 08 14 15 22 27"
4609,TK-04609,"06 08 14 15 21 25"
4610,TK-04610,"06 08 14 15 19 22"
4611,TK-04611,"02 08 14 15 22 25"
4612,TK-04612,"06 08 14 15 17 27"
4613,TK-04613,"01 08 14 15 17 20"
4614,TK-04614,"04 08 14 15 16 26"
4615,TK-04615,"03 08 14 16 23 25"
4616,TK-04616,"02 08 14 15 16 27"
4617,TK-04617,"01 08 14 15 16 19"
4618,TK-04618,"06 08 14 16 17 24"
4619,TK-04619,"05 08 13 24 25 27"
4620,TK-04620,"06 08 13 21 24 26"
4621,TK-04621,"05 08 13 21 26 27"
4622,TK-04622,"01 08 13 23 25 27"
4623,TK-04623,"03 08 13 21 23 24"
4624,TK-04624,"06 08 13 22 25 27"
4625,TK-04625,"06 08 13 22 24 25"
4626,TK-04626,"04 08 13 21 22 25"
4627,TK-04627,"03 08 13 22 26 27"
4628,TK-04628,"03 08 13 20 25 26"
4629,TK-04629,"02 08 13 22 23 27"
4630,TK-04630,"02 08 13 21 23 26"
4631,TK-04631,"06 08 13 20 21 27"
4632,TK-04632,"04 08 13 24 26 27"
4633,TK-04633,"02 08 13 20 24 26"
4634,TK-04634,"02 08 13 18 25 27"
4635,TK-04635,"04 08 13 23 24 25"
4636,TK-04636,"03 08 13 18 21 25"
4637,TK-04637,"08 13 18 21 23 27"
4638,TK-04638,"06 08 13 20 23 25"
4639,TK-04639,"06 08 13 20 23 24"
4640,TK-04640,"01 08 13 18 19 26"
4641,TK-04641,"01 08 13 19 21 24"
4642,TK-04642,"02 08 18 19 20 24"
4643,TK-04643,"03 08 13 17 24 27"
4644,TK-04644,"05 08 13 17 20 23"
4645,TK-04645,"05 08 13 20 22 24"
4646,TK-04646,"01 08 13 17 19 22"
4647,TK-04647,"01 08 13 17 21 26"
4648,TK-04648,"01 08 13 17 18 25"
4649,TK-04649,"04 08 13 17 18 21"
4650,TK-04650,"06 08 13 16 25 26"
4651,TK-04651,"06 08 13 16 23 27"
4652,TK-04652,"08 13 16 22 24 27"
4653,TK-04653,"05 08 13 16 21 23"
4654,TK-04654,"06 08 13 16 20 24"
4655,TK-04655,"03 08 13 16 23 26"
4656,TK-04656,"03 08 13 19 25 27"
4657,TK-04657,"04 08 13 16 19 22"
4658,TK-04658,"06 08 13 16 19 21"
4659,TK-04659,"04 08 13 16 18 27"
4660,TK-04660,"08 13 16 18 24 25"
4661,TK-04661,"04 08 16 18 19 23"
4662,TK-04662,"01 08 13 16 17 20"
4663,TK-04663,"08 13 16 17 19 27"
4664,TK-04664,"03 08 13 15 21 22"
4665,TK-04665,"04 08 13 15 19 20"
4666,TK-04666,"06 08 13 15 18 21"
4667,TK-04667,"03 08 13 15 18 20"
4668,TK-04668,"04 08 13 18 19 27"
4669,TK-04669,"01 08 15 18 19 22"
4670,TK-04670,"04 08 13 15 23 27"
4671,TK-04671,"08 13 15 17 22 27"
4672,TK-04672,"06 08 13 15 20 26"
4673,TK-04673,"05 08 13 15 17 24"
4674,TK-04674,"01 08 13 15 22 23"
4675,TK-04675,"03 08 13 14 26 27"
4676,TK-04676,"06 08 13 14 23 25"
4677,TK-04677,"03 08 13 14 21 25"
4678,TK-04678,"03 08 13 14 20 22"
4679,TK-04679,"06 08 13 14 21 24"
4680,TK-04680,"03 08 13 14 19 23"
4681,TK-04681,"08 13 14 19 21 27"
4682,TK-04682,"03 08 14 19 20 26"
4683,TK-04683,"02 08 13 14 23 24"
4684,TK-04684,"04 08 13 14 18 24"
4685,TK-04685,"06 08 13 18 21 22"
4686,TK-04686,"08 13 14 18 19 25"
4687,TK-04687,"05 08 13 14 17 23"
4688,TK-04688,"06 08 13 14 16 22"
4689,TK-04689,"05 08 13 14 16 20"
4690,TK-04690,"04 08 13 14 23 26"
4691,TK-04691,"04 08 13 14 15 18"
4692,TK-04692,"03 08 13 14 15 17"
4693,TK-04693,"03 08 13 15 16 24"
4694,TK-04694,"01 08 12 24 25 26"
4695,TK-04695,"04 08 12 22 23 24"
4696,TK-04696,"03 08 12 22 25 27"
4697,TK-04697,"06 08 12 21 22 24"
4698,TK-04698,"01 08 12 21 22 26"
4699,TK-04699,"06 08 12 22 26 27"
4700,TK-04700,"05 08 12 20 21 26"
4701,TK-04701,"06 08 12 20 21 27"
4702,TK-04702,"04 08 12 19 21 26"
4703,TK-04703,"03 08 12 19 24 25"
4704,TK-04704,"05 08 12 19 21 24"
4705,TK-04705,"02 08 12 19 20 25"
4706,TK-04706,"02 08 12 22 25 26"
4707,TK-04707,"05 08 12 18 22 27"
4708,TK-04708,"01 08 12 22 23 25"
4709,TK-04709,"06 08 12 18 20 26"
4710,TK-04710,"05 08 12 18 19 26"
4711,TK-04711,"03 08 12 19 21 27"
4712,TK-04712,"06 08 12 18 19 21"
4713,TK-04713,"01 08 12 17 25 27"
4714,TK-04714,"05 08 12 23 25 26"
4715,TK-04715,"03 08 12 17 22 24"
4716,TK-04716,"02 08 12 17 21 22"
4717,TK-04717,"02 08 12 17 19 26"
4718,TK-04718,"04 08 12 17 19 23"
4719,TK-04719,"02 08 12 17 20 27"
4720,TK-04720,"01 08 12 19 20 21"
4721,TK-04721,"03 08 12 17 18 26"
4722,TK-04722,"01 08 12 17 18 25"
4723,TK-04723,"05 08 12 17 18 24"
4724,TK-04724,"03 08 12 18 19 20"
4725,TK-04725,"03 08 12 16 22 26"
4726,TK-04726,"05 08 12 16 21 27"
4727,TK-04727,"02 08 12 16 20 23"
4728,TK-04728,"06 08 12 16 24 27"
4729,TK-04729,"08 12 16 19 23 24"
4730,TK-04730,"06 08 12 16 19 22"
4731,TK-04731,"02 08 12 16 19 21"
4732,TK-04732,"03 08 12 16 18 27"
4733,TK-04733,"05 08 12 15 24 25"
4734,TK-04734,"03 08 12 15 22 23"
4735,TK-04735,"05 08 12 15 19 21"
4736,TK-04736,"03 08 12 15 26 27"
4737,TK-04737,"01 08 12 15 18 27"
4738,TK-04738,"04 08 12 15 20 24"
4739,TK-04739,"03 08 12 15 18 19"
4740,TK-04740,"02 08 12 15 17 25"
4741,TK-04741,"05 08 12 15 17 20"
4742,TK-04742,"01 08 12 15 16 26"
4743,TK-04743,"03 08 12 16 17 21"
4744,TK-04744,"01 08 12 16 17 19"
4745,TK-04745,"04 08 12 15 16 18"
4746,TK-04746,"05 08 12 14 22 25"
4747,TK-04747,"01 08 12 14 22 23"
4748,TK-04748,"04 08 12 14 21 24"
4749,TK-04749,"01 08 12 14 20 26"
4750,TK-04750,"06 08 12 14 20 24"
4751,TK-04751,"03 08 12 14 20 25"
4752,TK-04752,"04 08 12 14 19 22"
4753,TK-04753,"01 08 12 14 17 24"
4754,TK-04754,"02 08 12 14 17 21"
4755,TK-04755,"06 08 12 14 18 22"
4756,TK-04756,"02 08 12 14 16 26"
4757,TK-04757,"02 08 12 16 24 25"
4758,TK-04758,"01 08 12 14 16 20"
4759,TK-04759,"03 08 12 14 16 19"
4760,TK-04760,"01 08 12 14 15 25"
4761,TK-04761,"03 08 12 14 15 24"
4762,TK-04762,"04 08 12 14 15 17"
4763,TK-04763,"01 08 12 14 15 21"
4764,TK-04764,"03 08 12 13 23 24"
4765,TK-04765,"05 08 12 13 21 25"
4766,TK-04766,"04 08 12 13 22 27"
4767,TK-04767,"01 08 12 13 21 23"
4768,TK-04768,"02 08 12 13 20 22"
4769,TK-04769,"02 08 12 13 19 25"
4770,TK-04770,"06 08 12 19 23 26"
4771,TK-04771,"03 08 12 13 19 22"
4772,TK-04772,"03 08 12 13 18 26"
4773,TK-04773,"05 08 12 13 22 24"
4774,TK-04774,"03 08 12 13 17 27"
4775,TK-04775,"01 08 12 13 17 26"
4776,TK-04776,"05 08 12 17 22 23"
4777,TK-04777,"08 12 13 17 19 21"
4778,TK-04778,"08 12 13 16 21 26"
4779,TK-04779,"02 08 12 13 15 22"
4780,TK-04780,"05 08 12 13 15 27"
4781,TK-04781,"06 08 12 15 18 25"
4782,TK-04782,"06 08 12 13 15 24"
4783,TK-04783,"06 08 12 13 14 21"
4784,TK-04784,"04 08 12 13 14 19"
4785,TK-04785,"02 08 12 13 14 17"
4786,TK-04786,"06 08 11 24 25 26"
4787,TK-04787,"02 08 11 23 25 27"
4788,TK-04788,"04 08 11 21 25 27"
4789,TK-04789,"08 11 20 22 24 27"
4790,TK-04790,"03 08 11 20 21 24"
4791,TK-04791,"01 08 11 19 22 25"
4792,TK-04792,"05 08 11 19 26 27"
4793,TK-04793,"02 08 11 20 24 25"
4794,TK-04794,"02 08 11 19 20 23"
4795,TK-04795,"04 08 11 18 26 27"
4796,TK-04796,"06 08 11 18 23 25"
4797,TK-04797,"04 08 11 18 24 25"
4798,TK-04798,"03 08 11 18 21 23"
4799,TK-04799,"05 08 11 18 20 26"
4800,TK-04800,"04 08 11 18 20 23"
4801,TK-04801,"03 08 11 18 19 27"
4802,TK-04802,"04 08 11 18 19 21"
4803,TK-04803,"05 08 11 17 25 26"
4804,TK-04804,"03 08 11 17 23 24"
4805,TK-04805,"06 08 11 22 23 26"
4806,TK-04806,"06 08 11 21 22 27"
4807,TK-04807,"06 08 11 17 22 25"
4808,TK-04808,"05 08 11 17 20 21"
4809,TK-04809,"04 08 11 19 23 27"
4810,TK-04810,"03 08 11 17 19 25"
4811,TK-04811,"05 08 11 19 21 22"
4812,TK-04812,"05 08 11 17 18 27"
4813,TK-04813,"02 08 11 17 18 19"
4814,TK-04814,"01 08 11 16 23 26"
4815,TK-04815,"04 08 11 16 20 24"
4816,TK-04816,"06 08 11 16 20 27"
4817,TK-04817,"08 11 16 19 25 27"
4818,TK-04818,"03 08 11 16 19 24"
4819,TK-04819,"02 08 11 16 23 24"
4820,TK-04820,"01 08 11 16 21 27"
4821,TK-04821,"01 08 11 16 18 19"
4822,TK-04822,"05 08 11 16 17 24"
4823,TK-04823,"06 08 11 17 19 20"
4824,TK-04824,"03 08 11 17 18 20"
4825,TK-04825,"04 08 11 15 22 26"
4826,TK-04826,"02 08 11 15 22 23"
4827,TK-04827,"03 08 11 15 20 25"
4828,TK-04828,"08 11 15 19 22 27"
4829,TK-04829,"02 08 11 15 18 23"
4830,TK-04830,"05 08 11 15 22 25"
4831,TK-04831,"01 08 11 15 18 21"
4832,TK-04832,"06 08 11 15 18 24"
4833,TK-04833,"02 08 11 18 20 22"
4834,TK-04834,"05 08 11 15 17 23"
4835,TK-04835,"02 08 11 15 17 24"
4836,TK-04836,"02 08 11 15 19 26"
4837,TK-04837,"03 08 11 15 16 26"
4838,TK-04838,"04 08 11 15 16 21"
4839,TK-04839,"05 08 11 15 16 19"
4840,TK-04840,"02 08 11 14 24 25"
4841,TK-04841,"02 08 11 14 20 23"
4842,TK-04842,"02 08 11 14 19 27"
4843,TK-04843,"04 08 11 14 23 25"
4844,TK-04844,"01 08 11 14 18 21"
4845,TK-04845,"01 08 11 17 25 27"
4846,TK-04846,"04 08 11 14 17 24"
4847,TK-04847,"08 11 14 17 19 21"
4848,TK-04848,"05 08 11 14 16 18"
4849,TK-04849,"06 08 14 16 17 20"
4850,TK-04850,"04 08 11 14 15 27"
4851,TK-04851,"05 08 11 14 15 25"
4852,TK-04852,"03 08 11 15 17 18"
4853,TK-04853,"02 08 11 14 15 16"
4854,TK-04854,"01 08 11 13 26 27"
4855,TK-04855,"03 08 11 13 23 27"
4856,TK-04856,"02 08 11 13 22 23"
4857,TK-04857,"03 08 11 13 20 26"
4858,TK-04858,"08 11 13 20 22 25"
4859,TK-04859,"02 08 11 13 21 26"
4860,TK-04860,"06 08 11 13 20 21"
4861,TK-04861,"04 08 13 18 25 26"
4862,TK-04862,"04 08 11 13 17 26"
4863,TK-04863,"03 08 11 13 17 25"
4864,TK-04864,"06 08 11 13 17 24"
4865,TK-04865,"02 08 11 13 21 27"
4866,TK-04866,"08 11 13 16 21 22"
4867,TK-04867,"08 11 13 16 20 23"
4868,TK-04868,"01 08 11 13 16 19"
4869,TK-04869,"04 08 11 13 15 20"
4870,TK-04870,"06 08 11 13 15 19"
4871,TK-04871,"02 08 11 13 16 27"
4872,TK-04872,"01 11 13 15 16 18"
4873,TK-04873,"04 08 11 13 14 27"
4874,TK-04874,"02 08 11 13 14 22"
4875,TK-04875,"08 11 13 14 18 23"
4876,TK-04876,"02 08 11 13 17 20"
4877,TK-04877,"04 08 11 12 24 27"
4878,TK-04878,"02 08 11 12 22 24"
4879,TK-04879,"04 08 11 12 20 26"
4880,TK-04880,"01 08 11 12 20 23"
4881,TK-04881,"05 08 11 12 19 20"
4882,TK-04882,"05 08 11 12 23 27"
4883,TK-04883,"04 08 11 12 18 19"
4884,TK-04884,"08 11 12 17 22 27"
4885,TK-04885,"06 08 11 12 25 27"
4886,TK-04886,"06 08 11 12 15 20"
4887,TK-04887,"04 08 11 12 15 17"
4888,TK-04888,"03 08 11 12 14 26"
4889,TK-04889,"03 08 11 12 14 25"
4890,TK-04890,"05 08 12 14 19 23"
4891,TK-04891,"04 08 12 14 18 20"
4892,TK-04892,"03 08 11 12 24 25"
4893,TK-04893,"05 08 11 12 21 24"
4894,TK-04894,"04 08 11 12 13 23"
4895,TK-04895,"04 08 12 13 16 24"
4896,TK-04896,"06 08 11 12 13 14"
4897,TK-04897,"05 08 10 23 24 27"
4898,TK-04898,"06 08 10 21 24 27"
4899,TK-04899,"06 08 10 21 22 26"
4900,TK-04900,"05 08 10 20 23 26"
4901,TK-04901,"02 08 10 20 21 23"
4902,TK-04902,"01 08 10 19 26 27"
4903,TK-04903,"03 08 10 19 25 27"
4904,TK-04904,"06 08 10 19 23 27"
4905,TK-04905,"05 08 10 18 26 27"
4906,TK-04906,"01 08 10 18 23 24"
4907,TK-04907,"02 08 10 18 21 27"
4908,TK-04908,"03 08 10 18 20 24"
4909,TK-04909,"02 08 10 18 19 24"
4910,TK-04910,"02 08 10 17 25 27"
4911,TK-04911,"01 08 10 17 24 26"
4912,TK-04912,"01 08 10 22 23 27"
4913,TK-04913,"04 08 10 17 21 25"
4914,TK-04914,"04 08 10 17 21 22"
4915,TK-04915,"03 08 10 20 25 26"
4916,TK-04916,"06 08 10 17 23 27"
4917,TK-04917,"05 08 10 17 22 26"
4918,TK-04918,"05 08 10 17 24 25"
4919,TK-04919,"03 08 10 17 23 24"
4920,TK-04920,"03 08 10 17 19 20"
4921,TK-04921,"01 08 10 17 18 27"
4922,TK-04922,"05 08 10 17 18 23"
4923,TK-04923,"02 08 10 17 21 24"
4924,TK-04924,"04 08 10 18 19 25"
4925,TK-04925,"02 08 10 16 22 26"
4926,TK-04926,"05 08 10 16 21 27"
4927,TK-04927,"01 08 10 16 21 26"
4928,TK-04928,"01 08 10 21 22 24"
4929,TK-04929,"05 08 10 16 22 23"
4930,TK-04930,"05 08 10 16 20 25"
4931,TK-04931,"06 08 10 16 20 23"
4932,TK-04932,"06 08 10 16 25 26"
4933,TK-04933,"03 08 10 16 24 27"
4934,TK-04934,"03 08 10 16 19 21"
4935,TK-04935,"03 08 10 16 18 26"
4936,TK-04936,"01 08 10 16 18 22"
4937,TK-04937,"01 08 10 16 17 22"
4938,TK-04938,"02 08 10 16 17 19"
4939,TK-04939,"06 08 10 16 17 18"
4940,TK-04940,"02 08 10 15 23 26"
4941,TK-04941,"05 08 10 15 19 26"
4942,TK-04942,"01 08 10 15 19 22"
4943,TK-04943,"04 08 10 18 21 26"
4944,TK-04944,"05 08 10 15 18 24"
4945,TK-04945,"03 08 10 15 18 19"
4946,TK-04946,"01 08 10 15 17 23"
4947,TK-04947,"06 08 10 15 17 20"
4948,TK-04948,"03 10 15 17 19 27"
4949,TK-04949,"08 10 15 17 19 25"
4950,TK-04950,"01 08 10 15 16 21"
4951,TK-04951,"03 08 10 15 16 23"
4952,TK-04952,"04 08 10 15 16 17"
4953,TK-04953,"01 08 10 14 26 27"
4954,TK-04954,"06 08 10 23 24 26"
4955,TK-04955,"02 08 10 14 20 24"
4956,TK-04956,"03 08 10 19 22 26"
4957,TK-04957,"01 08 10 14 19 24"
4958,TK-04958,"04 08 10 14 18 27"
4959,TK-04959,"01 08 10 14 22 23"
4960,TK-04960,"02 08 10 18 20 22"
4961,TK-04961,"04 08 10 14 17 26"
4962,TK-04962,"08 10 14 16 23 24"
4963,TK-04963,"02 08 10 14 16 21"
4964,TK-04964,"02 08 10 16 20 27"
4965,TK-04965,"05 08 10 14 16 26"
4966,TK-04966,"05 08 10 16 19 22"
4967,TK-04967,"04 08 10 16 19 20"
4968,TK-04968,"02 08 10 14 15 22"
4969,TK-04969,"03 08 10 15 20 21"
4970,TK-04970,"01 08 10 14 15 18"
4971,TK-04971,"03 08 14 15 17 21"
4972,TK-04972,"06 08 10 13 22 23"
4973,TK-04973,"03 08 10 13 20 27"
4974,TK-04974,"06 08 10 13 20 21"
4975,TK-04975,"02 08 10 13 19 27"
4976,TK-04976,"01 08 10 13 19 25"
4977,TK-04977,"03 08 10 13 21 26"
4978,TK-04978,"05 08 10 13 18 19"
4979,TK-04979,"06 08 10 13 26 27"
4980,TK-04980,"04 08 10 13 17 27"
4981,TK-04981,"05 08 10 13 16 25"
4982,TK-04982,"08 10 13 16 19 26"
4983,TK-04983,"02 08 10 16 18 23"
4984,TK-04984,"03 08 10 13 16 17"
4985,TK-04985,"08 10 13 15 21 27"
4986,TK-04986,"06 08 10 13 18 25"
4987,TK-04987,"08 10 13 15 18 23"
4988,TK-04988,"02 08 10 13 14 27"
4989,TK-04989,"06 08 10 13 14 26"
4990,TK-04990,"08 10 13 14 20 23"
4991,TK-04991,"01 08 10 13 14 17"
4992,TK-04992,"02 08 10 12 22 27"
4993,TK-04993,"02 08 10 12 21 25"
4994,TK-04994,"06 08 10 12 20 25"
4995,TK-04995,"05 08 10 12 21 22"
4996,TK-04996,"05 08 10 12 19 20"
4997,TK-04997,"05 08 10 12 25 27"
4998,TK-04998,"06 08 10 12 22 26"
4999,TK-04999,"06 08 10 12 18 27"
5000,TK-05000,"08 10 12 18 19 22"
5001,TK-05001,"08 10 12 17 22 25"
5002,TK-05002,"03 08 10 12 16 25"
5003,TK-05003,"05 08 10 12 16 17"
5004,TK-05004,"06 08 10 12 15 21"
5005,TK-05005,"08 10 12 15 18 26"
5006,TK-05006,"02 10 12 15 17 27"
5007,TK-05007,"05 08 10 12 14 26"
5008,TK-05008,"06 08 10 12 14 24"
5009,TK-05009,"03 08 10 12 14 20"
5010,TK-05010,"08 10 12 14 19 25"
5011,TK-05011,"02 08 10 14 17 18"
5012,TK-05012,"04 08 10 12 16 18"
5013,TK-05013,"02 08 10 12 13 26"
5014,TK-05014,"05 08 10 12 13 24"
5015,TK-05015,"06 08 10 12 13 16"
5016,TK-05016,"03 08 10 12 13 15"
5017,TK-05017,"01 08 10 11 23 26"
5018,TK-05018,"04 08 10 11 26 27"
5019,TK-05019,"04 08 10 11 20 22"
5020,TK-05020,"06 08 10 11 22 24"
5021,TK-05021,"03 08 10 11 19 20"
5022,TK-05022,"02 08 10 11 23 27"
5023,TK-05023,"03 08 10 11 18 22"
5024,TK-05024,"04 08 10 11 17 18"
5025,TK-05025,"02 08 10 11 16 25"
5026,TK-05026,"06 08 10 11 16 23"
5027,TK-05027,"01 08 10 11 16 27"
5028,TK-05028,"06 08 10 11 15 25"
5029,TK-05029,"01 08 10 11 15 17"
5030,TK-05030,"06 08 10 11 20 27"
5031,TK-05031,"06 08 10 11 18 26"
5032,TK-05032,"01 08 10 11 14 16"
5033,TK-05033,"03 08 10 11 13 24"
5034,TK-05034,"04 10 11 13 16 18"
5035,TK-05035,"05 08 10 11 15 22"
5036,TK-05036,"04 08 10 11 13 14"
5037,TK-05037,"04 08 10 11 12 21"
5038,TK-05038,"06 08 10 11 13 20"
5039,TK-05039,"03 08 09 23 24 27"
5040,TK-05040,"02 08 09 20 25 26"
5041,TK-05041,"01 08 09 22 25 27"
5042,TK-05042,"05 08 09 20 22 23"
5043,TK-05043,"06 08 09 20 21 22"
5044,TK-05044,"06 08 09 25 26 27"
5045,TK-05045,"02 08 09 23 26 27"
5046,TK-05046,"04 08 09 19 23 27"
5047,TK-05047,"04 08 09 22 24 26"
5048,TK-05048,"08 09 19 20 23 26"
5049,TK-05049,"05 08 09 18 22 25"
5050,TK-05050,"05 08 09 18 21 26"
5051,TK-05051,"03 08 09 18 21 25"
5052,TK-05052,"05 08 09 21 22 24"
5053,TK-05053,"03 08 09 18 24 26"
5054,TK-05054,"02 08 09 18 19 27"
5055,TK-05055,"04 08 09 19 25 26"
5056,TK-05056,"06 08 09 19 21 24"
5057,TK-05057,"03 08 09 19 20 22"
5058,TK-05058,"02 08 09 17 23 25"
5059,TK-05059,"02 08 09 17 24 26"
5060,TK-05060,"06 08 09 17 21 27"
5061,TK-05061,"02 08 09 17 20 27"
5062,TK-05062,"05 08 09 17 20 22"
5063,TK-05063,"02 08 09 17 19 22"
5064,TK-05064,"04 08 09 17 21 25"
5065,TK-05065,"06 08 09 17 18 26"
5066,TK-05066,"04 08 09 17 22 27"
5067,TK-05067,"06 08 09 18 20 25"
5068,TK-05068,"04 08 09 17 18 24"
5069,TK-05069,"04 08 09 17 20 23"
5070,TK-05070,"05 08 09 16 24 26"
5071,TK-05071,"06 08 09 16 24 25"
5072,TK-05072,"08 09 16 23 25 26"
5073,TK-05073,"02 08 09 16 22 27"
5074,TK-05074,"03 08 09 16 20 24"
5075,TK-05075,"06 08 09 16 19 20"
5076,TK-05076,"02 08 09 16 18 22"
5077,TK-05077,"01 08 09 18 20 26"
5078,TK-05078,"02 08 09 16 19 26"
5079,TK-05079,"05 08 09 16 17 27"
5080,TK-05080,"03 08 09 16 17 26"
5081,TK-05081,"06 08 09 16 17 22"
5082,TK-05082,"08 09 16 17 21 24"
5083,TK-05083,"03 08 09 16 17 19"
5084,TK-05084,"04 08 09 15 21 23"
5085,TK-05085,"06 08 09 15 20 24"
5086,TK-05086,"06 08 09 15 23 25"
5087,TK-05087,"08 09 15 18 23 26"
5088,TK-05088,"01 08 09 15 19 24"
5089,TK-05089,"05 08 09 15 17 21"
5090,TK-05090,"06 08 09 15 16 26"
5091,TK-05091,"02 08 09 15 16 23"
5092,TK-05092,"01 08 09 15 20 27"
5093,TK-05093,"05 08 09 15 16 22"
5094,TK-05094,"01 09 15 16 18 24"
5095,TK-05095,"06 08 09 14 26 27"
5096,TK-05096,"05 08 09 14 23 25"
5097,TK-05097,"06 08 09 14 22 25"
5098,TK-05098,"01 08 09 14 21 26"
5099,TK-05099,"03 08 09 14 23 27"
5100,TK-05100,"01 08 09 14 20 22"
5101,TK-05101,"03 08 09 14 19 25"
5102,TK-05102,"02 08 09 14 22 26"
5103,TK-05103,"04 08 09 14 19 22"
5104,TK-05104,"02 08 09 14 21 23"
5105,TK-05105,"08 09 14 18 21 22"
5106,TK-05106,"05 08 09 14 17 25"
5107,TK-05107,"02 08 09 14 19 20"
5108,TK-05108,"04 08 09 14 17 18"
5109,TK-05109,"03 08 09 14 16 21"
5110,TK-05110,"06 08 09 14 16 23"
5111,TK-05111,"01 08 09 16 19 27"
5112,TK-05112,"04 08 09 16 18 25"
5113,TK-05113,"04 08 09 14 15 24"
5114,TK-05114,"05 08 09 14 20 21"
5115,TK-05115,"02 08 09 14 15 19"
5116,TK-05116,"06 08 09 14 15 17"
5117,TK-05117,"08 09 14 15 16 18"
5118,TK-05118,"05 08 09 13 25 26"
5119,TK-05119,"06 08 09 13 23 24"
5120,TK-05120,"02 08 09 13 22 25"
5121,TK-05121,"06 08 09 13 22 27"
5122,TK-05122,"02 08 09 13 26 27"
5123,TK-05123,"03 08 09 13 20 23"
5124,TK-05124,"01 08 09 13 22 26"
5125,TK-05125,"04 08 09 13 19 21"
5126,TK-05126,"03 08 09 13 18 22"
5127,TK-05127,"03 08 09 13 17 25"
5128,TK-05128,"05 08 09 13 17 21"
5129,TK-05129,"01 08 09 13 20 24"
5130,TK-05130,"04 08 09 13 17 19"
5131,TK-05131,"06 08 09 13 21 25"
5132,TK-05132,"04 08 09 13 20 25"
5133,TK-05133,"03 08 13 16 20 21"
5134,TK-05134,"06 08 09 13 16 19"
5135,TK-05135,"02 08 09 13 16 17"
5136,TK-05136,"02 08 09 13 15 20"
5137,TK-05137,"05 08 09 13 15 23"
5138,TK-05138,"03 08 09 13 14 24"
5139,TK-05139,"02 08 09 13 14 26"
5140,TK-05140,"06 09 13 14 17 27"
5141,TK-05141,"06 09 13 14 16 27"
5142,TK-05142,"06 08 09 13 14 15"
5143,TK-05143,"06 08 09 12 21 26"
5144,TK-05144,"05 08 09 12 21 22"
5145,TK-05145,"04 08 09 12 20 27"
5146,TK-05146,"02 08 09 12 19 23"
5147,TK-05147,"03 08 09 12 25 26"
5148,TK-05148,"03 08 09 12 17 23"
5149,TK-05149,"05 08 09 12 17 24"
5150,TK-05150,"02 08 09 12 17 18"
5151,TK-05151,"02 08 09 12 16 22"
5152,TK-05152,"05 08 09 12 16 25"
5153,TK-05153,"02 08 12 15 23 24"
5154,TK-05154,"06 08 09 12 15 22"
5155,TK-05155,"02 08 09 12 15 25"
5156,TK-05156,"03 08 09 12 15 16"
5157,TK-05157,"04 08 09 12 14 22"
5158,TK-05158,"06 08 09 12 14 25"
5159,TK-05159,"04 08 09 12 19 26"
5160,TK-05160,"03 08 09 12 19 24"
5161,TK-05161,"05 08 09 12 14 19"
5162,TK-05162,"06 08 09 12 13 26"
5163,TK-05163,"01 08 09 12 13 25"
5164,TK-05164,"02 08 09 12 13 20"
5165,TK-05165,"01 09 12 13 14 16"
5166,TK-05166,"05 08 09 11 26 27"
5167,TK-05167,"06 08 09 11 22 25"
5168,TK-05168,"04 08 09 11 21 26"
5169,TK-05169,"05 08 09 11 20 22"
5170,TK-05170,"05 08 09 11 21 27"
5171,TK-05171,"04 08 09 11 19 25"
5172,TK-05172,"06 08 09 11 19 21"
5173,TK-05173,"05 08 09 11 18 24"
5174,TK-05174,"06 08 09 11 17 27"
5175,TK-05175,"08 09 11 17 22 24"
5176,TK-05176,"01 08 09 11 18 21"
5177,TK-05177,"01 08 09 11 16 26"
5178,TK-05178,"06 08 09 11 16 19"
5179,TK-05179,"02 08 09 11 16 17"
5180,TK-05180,"06 08 09 15 23 27"
5181,TK-05181,"01 09 11 15 17 25"
5182,TK-05182,"05 08 09 11 15 19"
5183,TK-05183,"08 09 11 14 24 27"
5184,TK-05184,"08 09 11 14 22 23"
5185,TK-05185,"02 09 11 14 18 19"
5186,TK-05186,"02 08 09 11 13 23"
5187,TK-05187,"01 08 09 11 13 19"
5188,TK-05188,"02 08 09 11 13 18"
5189,TK-05189,"08 09 11 13 16 25"
5190,TK-05190,"06 08 09 11 12 20"
5191,TK-05191,"04 08 09 11 12 22"
5192,TK-05192,"05 08 09 12 18 23"
5193,TK-05193,"01 08 11 12 16 24"
5194,TK-05194,"01 09 11 12 14 21"
5195,TK-05195,"02 08 09 11 12 17"
5196,TK-05196,"01 08 09 10 26 27"
5197,TK-05197,"05 08 09 10 22 24"
5198,TK-05198,"03 08 09 10 21 23"
5199,TK-05199,"05 08 09 10 20 27"
5200,TK-05200,"02 08 09 10 20 23"
5201,TK-05201,"04 08 09 10 20 22"
5202,TK-05202,"04 08 09 10 23 24"
5203,TK-05203,"06 08 09 10 21 27"
5204,TK-05204,"02 08 09 10 18 26"
5205,TK-05205,"06 08 09 10 18 22"
5206,TK-05206,"04 08 09 10 18 21"
5207,TK-05207,"06 08 09 10 17 20"
5208,TK-05208,"03 08 09 10 18 25"
5209,TK-05209,"01 08 09 10 16 22"
5210,TK-05210,"01 08 09 10 18 19"
5211,TK-05211,"04 08 09 10 15 26"
5212,TK-05212,"02 08 09 10 15 22"
5213,TK-05213,"02 08 09 10 15 17"
5214,TK-05214,"03 08 09 10 14 20"
5215,TK-05215,"06 08 09 10 14 21"
5216,TK-05216,"05 08 09 10 14 17"
5217,TK-05217,"01 08 09 10 13 27"
5218,TK-05218,"06 08 09 10 13 24"
5219,TK-05219,"05 08 09 10 16 23"
5220,TK-05220,"05 08 09 10 15 25"
5221,TK-05221,"04 08 09 10 13 14"
5222,TK-05222,"06 08 09 10 12 23"
5223,TK-05223,"02 08 09 10 12 19"
5224,TK-05224,"04 08 09 10 12 16"
5225,TK-05225,"08 09 10 12 14 15"
5226,TK-05226,"08 09 10 12 13 22"
5227,TK-05227,"04 08 09 10 11 27"
5228,TK-05228,"05 08 09 10 11 20"
5229,TK-05229,"02 08 09 10 11 24"
5230,TK-05230,"01 08 09 10 11 23"
5231,TK-05231,"08 09 10 11 13 26"
5232,TK-05232,"05 07 22 24 25 27"
5233,TK-05233,"06 07 22 23 24 26"
5234,TK-05234,"04 07 21 22 24 27"
5235,TK-05235,"05 07 21 22 25 26"
5236,TK-05236,"04 07 21 23 26 27"
5237,TK-05237,"05 07 20 23 24 27"
5238,TK-05238,"04 07 20 22 26 27"
5239,TK-05239,"02 07 20 21 23 27"
5240,TK-05240,"06 07 20 21 24 26"
5241,TK-05241,"01 07 20 22 23 24"
5242,TK-05242,"02 07 19 23 24 27"
5243,TK-05243,"04 07 19 23 25 26"
5244,TK-05244,"06 07 19 22 23 27"
5245,TK-05245,"01 07 19 21 26 27"
5246,TK-05246,"03 07 21 24 25 27"
5247,TK-05247,"02 07 19 21 24 25"
5248,TK-05248,"06 07 19 20 24 26"
5249,TK-05249,"04 07 20 21 23 25"
5250,TK-05250,"01 07 19 20 21 24"
5251,TK-05251,"06 07 19 21 22 26"
5252,TK-05252,"07 18 22 24 26 27"
5253,TK-05253,"05 07 18 21 26 27"
5254,TK-05254,"04 07 18 20 24 27"
5255,TK-05255,"06 07 18 21 23 24"
5256,TK-05256,"03 07 20 21 22 27"
5257,TK-05257,"05 07 18 19 25 27"
5258,TK-05258,"05 07 18 24 25 26"
5259,TK-05259,"05 07 18 19 22 24"
5260,TK-05260,"06 07 18 19 23 26"
5261,TK-05261,"02 07 19 21 22 27"
5262,TK-05262,"01 07 19 20 21 22"
5263,TK-05263,"03 07 17 22 25 27"
5264,TK-05264,"06 07 17 22 24 25"
5265,TK-05265,"03 07 17 23 25 26"
5266,TK-05266,"06 07 17 21 24 27"
5267,TK-05267,"05 07 17 21 25 27"
5268,TK-05268,"05 07 17 21 24 26"
5269,TK-05269,"03 07 17 21 22 23"
5270,TK-05270,"06 07 17 20 26 27"
5271,TK-05271,"01 07 17 20 22 26"
5272,TK-05272,"01 07 17 19 25 26"
5273,TK-05273,"03 07 17 19 26 27"
5274,TK-05274,"02 07 19 22 23 26"
5275,TK-05275,"02 07 17 19 22 25"
5276,TK-05276,"06 07 17 19 23 25"
5277,TK-05277,"04 07 17 19 22 24"
5278,TK-05278,"04 07 18 23 24 25"
5279,TK-05279,"05 07 17 18 25 26"
5280,TK-05280,"04 07 17 18 21 27"
5281,TK-05281,"02 07 17 18 21 24"
5282,TK-05282,"05 07 17 18 20 24"
5283,TK-05283,"05 07 17 18 19 27"
5284,TK-05284,"01 07 17 18 19 24"
5285,TK-05285,"02 07 16 24 25 27"
5286,TK-05286,"06 07 16 25 26 27"
5287,TK-05287,"06 07 16 23 25 26"
5288,TK-05288,"04 07 16 21 24 27"
5289,TK-05289,"03 07 16 21 25 27"
5290,TK-05290,"04 07 16 20 23 27"
5291,TK-05291,"03 07 16 20 23 26"
5292,TK-05292,"02 07 16 20 23 24"
5293,TK-05293,"03 07 16 20 22 25"
5294,TK-05294,"06 07 16 20 21 22"
5295,TK-05295,"01 07 16 19 26 27"
5296,TK-05296,"06 07 16 19 23 24"
5297,TK-05297,"02 07 16 19 22 24"
5298,TK-05298,"04 07 16 19 21 22"
5299,TK-05299,"03 07 16 19 24 27"
5300,TK-05300,"01 07 16 18 24 27"
5301,TK-05301,"07 16 18 23 24 26"
5302,TK-05302,"02 07 18 22 25 27"
5303,TK-05303,"04 07 16 18 21 26"
5304,TK-05304,"05 07 16 21 22 27"
5305,TK-05305,"04 07 16 18 20 25"
5306,TK-05306,"02 07 16 18 19 25"
5307,TK-05307,"04 07 16 18 19 27"
5308,TK-05308,"04 07 16 19 20 26"
5309,TK-05309,"01 07 16 19 20 23"
5310,TK-05310,"02 07 16 18 20 21"
5311,TK-05311,"04 07 16 17 26 27"
5312,TK-05312,"03 07 16 17 21 25"
5313,TK-05313,"02 07 16 17 21 22"
5314,TK-05314,"03 07 16 17 20 27"
5315,TK-05315,"04 07 16 17 20 21"
5316,TK-05316,"06 07 16 17 19 26"
5317,TK-05317,"02 07 16 17 24 25"
5318,TK-05318,"06 07 17 19 22 27"
5319,TK-05319,"01 07 16 17 19 21"
5320,TK-05320,"02 07 15 24 25 26"
5321,TK-05321,"04 07 15 22 26 27"
5322,TK-05322,"06 07 15 21 26 27"
5323,TK-05323,"05 07 15 20 24 27"
5324,TK-05324,"01 07 15 20 25 26"
5325,TK-05325,"04 07 15 20 23 24"
5326,TK-05326,"06 07 15 20 22 27"
5327,TK-05327,"05 07 15 20 21 22"
5328,TK-05328,"06 07 15 19 24 25"
5329,TK-05329,"05 07 15 22 23 24"
5330,TK-05330,"01 07 15 19 21 27"
5331,TK-05331,"04 07 15 19 21 23"
5332,TK-05332,"02 07 15 19 20 22"
5333,TK-05333,"04 07 15 18 23 27"
5334,TK-05334,"05 07 15 18 21 24"
5335,TK-05335,"01 07 15 18 21 22"
5336,TK-05336,"06 07 15 18 20 23"
5337,TK-05337,"06 07 15 18 22 24"
5338,TK-05338,"01 07 15 18 19 26"
5339,TK-05339,"04 07 18 19 21 25"
5340,TK-05340,"03 07 15 17 26 27"
5341,TK-05341,"02 07 15 17 24 27"
5342,TK-05342,"03 07 15 17 23 25"
5343,TK-05343,"05 07 15 17 22 27"
5344,TK-05344,"01 07 15 17 24 26"
5345,TK-05345,"01 07 15 17 19 22"
5346,TK-05346,"01 07 15 17 18 25"
5347,TK-05347,"04 07 15 17 18 20"
5348,TK-05348,"01 07 15 16 26 27"
5349,TK-05349,"05 07 15 16 21 25"
5350,TK-05350,"05 07 15 16 20 23"
5351,TK-05351,"01 07 15 16 20 21"
5352,TK-05352,"03 07 15 16 19 26"
5353,TK-05353,"05 07 15 16 23 27"
5354,TK-05354,"02 07 15 16 18 27"
5355,TK-05355,"04 07 15 16 18 26"
5356,TK-05356,"07 15 16 18 24 25"
5357,TK-05357,"07 15 16 18 19 21"
5358,TK-05358,"04 07 15 16 17 27"
5359,TK-05359,"05 07 15 16 17 22"
5360,TK-05360,"05 07 16 17 20 26"
5361,TK-05361,"01 07 15 16 17 25"
5362,TK-05362,"04 07 15 16 19 24"
5363,TK-05363,"04 07 14 22 25 26"
5364,TK-05364,"03 07 14 23 24 25"
5365,TK-05365,"05 07 14 21 24 27"
5366,TK-05366,"02 07 14 21 22 27"
5367,TK-05367,"04 07 14 21 24 25"
5368,TK-05368,"04 07 14 20 22 24"
5369,TK-05369,"03 07 14 22 23 27"
5370,TK-05370,"05 07 14 20 25 27"
5371,TK-05371,"01 07 14 20 21 25"
5372,TK-05372,"02 07 14 20 21 23"
5373,TK-05373,"06 07 14 19 26 27"
5374,TK-05374,"01 07 14 19 24 27"
5375,TK-05375,"05 07 14 19 23 25"
5376,TK-05376,"06 07 14 21 25 26"
5377,TK-05377,"03 07 14 19 22 25"
5378,TK-05378,"04 07 14 19 20 23"
5379,TK-05379,"02 07 14 18 24 25"
5380,TK-05380,"01 07 14 18 23 24"
5381,TK-05381,"06 07 14 18 21 27"
5382,TK-05382,"03 07 14 18 20 25"
5383,TK-05383,"07 14 18 20 22 27"
5384,TK-05384,"03 07 14 18 21 24"
5385,TK-05385,"02 07 14 18 19 26"
5386,TK-05386,"05 07 14 18 19 20"
5387,TK-05387,"01 07 14 17 24 26"
5388,TK-05388,"04 07 14 17 26 27"
5389,TK-05389,"02 07 14 17 22 23"
5390,TK-05390,"06 07 14 17 21 27"
5391,TK-05391,"07 14 17 21 22 25"
5392,TK-05392,"02 07 17 20 23 26"
5393,TK-05393,"01 07 14 17 19 20"
5394,TK-05394,"01 07 14 17 18 27"
5395,TK-05395,"05 07 14 17 18 23"
5396,TK-05396,"02 07 14 17 18 21"
5397,TK-05397,"04 07 14 16 22 27"
5398,TK-05398,"05 07 14 16 23 24"
5399,TK-05399,"06 07 14 16 21 24"
5400,TK-05400,"04 07 14 16 20 25"
5401,TK-05401,"03 07 14 16 20 23"
5402,TK-05402,"01 07 14 16 21 27"
5403,TK-05403,"01 07 14 16 19 26"
5404,TK-05404,"06 07 14 16 19 20"
5405,TK-05405,"05 07 14 16 18 27"
5406,TK-05406,"04 07 14 16 18 23"
5407,TK-05407,"01 07 14 18 21 25"
5408,TK-05408,"02 07 14 16 17 25"
5409,TK-05409,"04 07 14 16 17 24"
5410,TK-05410,"06 07 14 16 17 23"
5411,TK-05411,"02 07 14 16 17 19"
5412,TK-05412,"05 07 14 15 25 27"
5413,TK-05413,"01 07 14 15 23 26"
5414,TK-05414,"04 07 14 15 23 27"
5415,TK-05415,"02 07 14 15 23 25"
5416,TK-05416,"05 07 14 15 19 22"
5417,TK-05417,"04 07 14 15 19 20"
5418,TK-05418,"04 07 14 15 18 25"
5419,TK-05419,"02 07 14 15 18 24"
5420,TK-05420,"01 07 14 15 17 20"
5421,TK-05421,"03 07 14 15 17 27"
5422,TK-05422,"04 07 15 17 19 23"
5423,TK-05423,"03 07 14 15 16 25"
5424,TK-05424,"01 07 14 15 16 24"
5425,TK-05425,"07 14 15 16 19 27"
5426,TK-05426,"07 14 15 16 17 18"
5427,TK-05427,"05 07 13 24 26 27"
5428,TK-05428,"06 07 13 22 25 27"
5429,TK-05429,"03 07 13 21 26 27"
5430,TK-05430,"02 07 13 21 24 25"
5431,TK-05431,"01 07 13 21 23 27"
5432,TK-05432,"04 07 13 21 23 24"
5433,TK-05433,"02 07 13 20 25 27"
5434,TK-05434,"06 07 13 20 22 24"
5435,TK-05435,"03 07 13 20 22 27"
5436,TK-05436,"03 07 13 20 21 24"
5437,TK-05437,"06 07 13 21 23 26"
5438,TK-05438,"05 07 13 19 25 27"
5439,TK-05439,"04 07 13 19 23 27"
5440,TK-05440,"01 07 13 22 24 27"
5441,TK-05441,"05 07 13 19 20 24"
5442,TK-05442,"04 07 13 18 21 27"
5443,TK-05443,"01 07 13 18 21 26"
5444,TK-05444,"03 07 13 18 22 25"
5445,TK-05445,"06 07 18 20 21 25"
5446,TK-05446,"01 07 13 18 19 27"
5447,TK-05447,"04 07 13 18 19 23"
5448,TK-05448,"03 07 13 17 22 26"
5449,TK-05449,"04 07 13 17 20 24"
5450,TK-05450,"05 07 13 17 20 22"
5451,TK-05451,"04 07 13 17 20 27"
5452,TK-05452,"06 07 13 17 24 25"
5453,TK-05453,"07 13 17 19 21 27"
5454,TK-05454,"03 07 13 17 24 26"
5455,TK-05455,"04 07 13 17 18 24"
5456,TK-05456,"03 07 13 17 20 25"
5457,TK-05457,"03 07 13 17 18 21"
5458,TK-05458,"04 07 17 18 19 26"
5459,TK-05459,"04 07 13 16 23 26"
5460,TK-05460,"02 07 13 16 22 25"
5461,TK-05461,"06 07 13 16 20 27"
5462,TK-05462,"01 07 13 16 20 26"
5463,TK-05463,"03 07 13 16 21 23"
5464,TK-05464,"02 07 13 16 17 27"
5465,TK-05465,"01 07 13 16 17 24"
5466,TK-05466,"03 07 13 16 17 19"
5467,TK-05467,"06 07 13 15 23 24"
5468,TK-05468,"02 07 15 21 24 26"
5469,TK-05469,"06 07 13 15 21 25"
5470,TK-05470,"02 07 13 15 21 27"
5471,TK-05471,"01 07 13 15 20 23"
5472,TK-05472,"04 07 13 15 20 26"
5473,TK-05473,"06 07 13 15 18 27"
5474,TK-05474,"02 07 15 18 23 26"
5475,TK-05475,"02 07 13 15 18 20"
5476,TK-05476,"06 07 15 17 21 24"
5477,TK-05477,"05 07 13 15 16 26"
5478,TK-05478,"03 07 13 15 16 22"
5479,TK-05479,"04 07 13 15 16 23"
5480,TK-05480,"03 07 13 15 17 20"
5481,TK-05481,"03 07 13 14 22 27"
5482,TK-05482,"01 07 13 14 25 27"
5483,TK-05483,"01 07 13 14 21 24"
5484,TK-05484,"05 07 13 14 20 23"
5485,TK-05485,"06 07 13 14 19 22"
5486,TK-05486,"04 07 13 14 19 26"
5487,TK-05487,"05 07 13 14 18 25"
5488,TK-05488,"01 07 13 14 18 19"
5489,TK-05489,"02 07 13 14 16 21"
5490,TK-05490,"01 07 13 14 16 22"
5491,TK-05491,"04 07 13 14 16 17"
5492,TK-05492,"02 07 13 14 15 24"
5493,TK-05493,"06 07 13 14 22 23"
5494,TK-05494,"05 07 14 15 18 21"
5495,TK-05495,"04 07 13 14 15 17"
5496,TK-05496,"03 07 12 23 24 26"
5497,TK-05497,"05 07 12 25 26 27"
5498,TK-05498,"07 12 22 23 26 27"
5499,TK-05499,"03 07 12 21 23 25"
5500,TK-05500,"05 07 12 21 24 27"
5501,TK-05501,"05 07 12 20 22 25"
5502,TK-05502,"07 12 20 22 24 27"
5503,TK-05503,"05 07 12 20 21 26"
5504,TK-05504,"02 07 12 20 21 24"
5505,TK-05505,"04 07 12 19 22 25"
5506,TK-05506,"01 07 12 19 23 24"
5507,TK-05507,"01 07 12 19 21 25"
5508,TK-05508,"03 07 12 21 22 24"
5509,TK-05509,"04 07 12 19 20 27"
5510,TK-05510,"03 07 12 18 21 27"
5511,TK-05511,"02 07 12 18 19 26"
5512,TK-05512,"07 12 18 19 23 25"
5513,TK-05513,"03 07 12 19 20 21"
5514,TK-05514,"02 07 12 17 24 27"
5515,TK-05515,"05 07 12 17 24 26"
5516,TK-05516,"06 07 12 17 22 23"
5517,TK-05517,"07 12 17 21 26 27"
5518,TK-05518,"06 07 12 17 19 26"
5519,TK-05519,"01 07 12 17 21 24"
5520,TK-05520,"05 07 12 17 18 25"
5521,TK-05521,"06 07 12 17 18 21"
5522,TK-05522,"01 07 12 17 18 26"
5523,TK-05523,"02 07 12 17 19 20"
5524,TK-05524,"03 07 12 16 21 26"
5525,TK-05525,"02 07 12 16 21 25"
5526,TK-05526,"01 07 12 16 21 23"
5527,TK-05527,"05 07 12 16 20 23"
5528,TK-05528,"02 07 12 16 20 27"
5529,TK-05529,"04 07 12 16 19 27"
5530,TK-05530,"02 07 12 16 19 24"
5531,TK-05531,"02 07 16 19 23 26"
5532,TK-05532,"06 07 12 16 17 27"
5533,TK-05533,"07 12 16 17 25 26"
5534,TK-05534,"02 07 12 16 17 23"
5535,TK-05535,"04 07 12 15 24 27"
5536,TK-05536,"02 07 12 15 24 25"
5537,TK-05537,"03 07 12 15 25 27"
5538,TK-05538,"05 07 12 15 20 21"
5539,TK-05539,"05 07 12 15 19 27"
5540,TK-05540,"06 07 12 15 24 26"
5541,TK-05541,"04 07 12 15 22 24"
5542,TK-05542,"06 07 12 15 19 20"
5543,TK-05543,"01 07 15 18 26 27"
5544,TK-05544,"04 07 12 18 21 25"
5545,TK-05545,"03 07 12 15 17 21"
5546,TK-05546,"05 07 12 17 20 27"
5547,TK-05547,"04 07 12 17 20 22"
5548,TK-05548,"05 07 12 15 17 24"
5549,TK-05549,"05 07 12 15 16 25"
5550,TK-05550,"07 12 15 16 19 23"
5551,TK-05551,"04 07 12 14 21 26"
5552,TK-05552,"05 07 12 14 21 22"
5553,TK-05553,"02 07 12 14 23 24"
5554,TK-05554,"02 07 12 14 19 22"
5555,TK-05555,"05 07 12 14 18 26"
5556,TK-05556,"06 07 12 14 18 24"
5557,TK-05557,"03 07 12 14 18 23"
5558,TK-05558,"04 07 12 14 18 19"
5559,TK-05559,"03 07 12 14 17 22"
5560,TK-05560,"06 07 12 14 20 26"
5561,TK-05561,"03 07 12 14 16 24"
5562,TK-05562,"04 07 12 14 16 20"
5563,TK-05563,"01 07 12 14 15 27"
5564,TK-05564,"02 07 12 14 15 25"
5565,TK-05565,"06 07 14 15 19 26"
5566,TK-05566,"04 07 12 13 24 27"
5567,TK-05567,"01 07 12 13 24 26"
5568,TK-05568,"05 07 12 13 23 24"
5569,TK-05569,"06 07 12 13 21 22"
5570,TK-05570,"04 07 12 13 26 27"
5571,TK-05571,"06 07 12 13 20 25"
5572,TK-05572,"05 07 12 13 22 27"
5573,TK-05573,"04 07 12 13 18 25"
5574,TK-05574,"07 12 13 18 21 24"
5575,TK-05575,"04 07 12 13 16 27"
5576,TK-05576,"05 07 13 16 22 24"
5577,TK-05577,"05 07 12 13 16 21"
5578,TK-05578,"02 07 12 13 16 19"
5579,TK-05579,"04 07 13 16 17 22"
5580,TK-05580,"03 07 13 15 23 27"
5581,TK-05581,"04 07 12 13 15 21"
5582,TK-05582,"05 07 12 13 20 24"
5583,TK-05583,"07 12 13 15 17 23"
5584,TK-05584,"04 07 12 13 14 23"
5585,TK-05585,"05 07 12 13 14 15"
5586,TK-05586,"04 07 11 24 25 27"
5587,TK-05587,"04 07 11 22 26 27"
5588,TK-05588,"02 07 11 21 23 26"
5589,TK-05589,"06 07 11 21 23 24"
5590,TK-05590,"02 07 11 20 25 27"
5591,TK-05591,"05 07 11 20 23 25"
5592,TK-05592,"03 07 11 20 26 27"
5593,TK-05593,"06 07 11 20 24 27"
5594,TK-05594,"06 07 11 19 21 27"
5595,TK-05595,"01 07 11 19 20 26"
5596,TK-05596,"06 07 11 19 20 22"
5597,TK-05597,"02 07 11 19 20 23"
5598,TK-05598,"03 07 11 18 25 27"
5599,TK-05599,"05 07 11 18 22 27"
5600,TK-05600,"03 07 11 18 22 26"
5601,TK-05601,"06 07 11 18 20 24"
5602,TK-05602,"04 07 11 18 20 23"
5603,TK-05603,"04 07 11 18 22 25"
5604,TK-05604,"01 07 11 20 21 27"
5605,TK-05605,"04 07 11 18 19 26"
5606,TK-05606,"05 07 11 18 19 23"
5607,TK-05607,"02 07 11 17 26 27"
5608,TK-05608,"02 07 11 22 25 26"
5609,TK-05609,"04 07 11 17 22 23"
5610,TK-05610,"07 11 17 21 22 27"
5611,TK-05611,"03 07 11 17 20 24"
5612,TK-05612,"07 11 17 19 21 25"
5613,TK-05613,"05 07 11 17 18 24"
5614,TK-05614,"07 11 17 18 23 26"
5615,TK-05615,"06 07 11 17 20 25"
5616,TK-05616,"05 07 11 16 21 25"
5617,TK-05617,"06 07 11 16 24 25"
5618,TK-05618,"04 07 11 16 20 22"
5619,TK-05619,"02 07 11 16 21 23"
5620,TK-05620,"01 07 11 16 18 26"
5621,TK-05621,"05 07 11 16 18 22"
5622,TK-05622,"03 07 11 16 17 27"
5623,TK-05623,"04 07 11 16 17 26"
5624,TK-05624,"06 07 11 17 22 24"
5625,TK-05625,"04 07 11 16 19 22"
5626,TK-05626,"01 07 11 15 22 27"
5627,TK-05627,"05 07 11 15 21 26"
5628,TK-05628,"05 07 11 15 22 25"
5629,TK-05629,"04 07 11 15 19 27"
5630,TK-05630,"07 11 15 19 21 22"
5631,TK-05631,"06 07 11 15 18 26"
5632,TK-05632,"01 07 11 15 18 20"
5633,TK-05633,"02 07 11 15 18 19"
5634,TK-05634,"04 07 11 17 19 20"
5635,TK-05635,"07 11 15 17 18 27"
5636,TK-05636,"02 07 11 15 16 27"
5637,TK-05637,"03 07 11 15 16 24"
5638,TK-05638,"03 07 11 16 18 23"
5639,TK-05639,"06 07 11 14 23 27"
5640,TK-05640,"01 07 11 14 24 27"
5641,TK-05641,"04 07 11 14 22 23"
5642,TK-05642,"07 11 14 21 26 27"
5643,TK-05643,"02 07 11 14 21 25"
5644,TK-05644,"02 07 11 14 20 26"
5645,TK-05645,"02 07 11 14 18 24"
5646,TK-05646,"04 07 11 14 19 25"
5647,TK-05647,"05 07 11 14 21 24"
5648,TK-05648,"07 11 14 17 20 22"
5649,TK-05649,"06 07 11 14 16 25"
5650,TK-05650,"03 07 11 14 16 21"
5651,TK-05651,"01 07 11 14 16 20"
5652,TK-05652,"05 07 11 14 15 23"
5653,TK-05653,"01 07 11 14 15 22"
5654,TK-05654,"03 07 11 13 20 26"
5655,TK-05655,"06 07 11 13 19 27"
5656,TK-05656,"03 07 11 13 19 21"
5657,TK-05657,"03 07 11 13 22 23"
5658,TK-05658,"04 07 11 13 18 20"
5659,TK-05659,"05 07 11 13 19 22"
5660,TK-05660,"05 07 11 13 16 27"
5661,TK-05661,"06 07 11 13 16 23"
5662,TK-05662,"03 07 11 13 16 20"
5663,TK-05663,"05 07 13 16 18 19"
5664,TK-05664,"02 07 11 13 17 21"
5665,TK-05665,"02 07 11 13 15 26"
5666,TK-05666,"05 07 11 13 15 24"
5667,TK-05667,"05 07 11 13 15 20"
5668,TK-05668,"07 11 13 15 18 25"
5669,TK-05669,"04 07 11 13 15 22"
5670,TK-05670,"06 07 11 13 14 24"
5671,TK-05671,"03 07 11 13 14 19"
5672,TK-05672,"07 11 13 14 15 21"
5673,TK-05673,"02 07 11 12 24 25"
5674,TK-05674,"05 07 11 12 23 25"
5675,TK-05675,"01 07 11 12 21 26"
5676,TK-05676,"06 07 11 12 20 22"
5677,TK-05677,"05 07 11 12 18 21"
5678,TK-05678,"04 07 11 12 17 25"
5679,TK-05679,"03 07 11 12 17 23"
5680,TK-05680,"02 07 11 12 16 19"
5681,TK-05681,"01 07 11 12 16 18"
5682,TK-05682,"04 07 11 12 14 26"
5683,TK-05683,"06 07 11 12 14 18"
5684,TK-05684,"02 07 11 12 14 17"
5685,TK-05685,"05 07 12 14 16 23"
5686,TK-05686,"02 07 11 12 13 23"
5687,TK-05687,"03 07 10 23 24 27"
5688,TK-05688,"02 07 10 22 23 27"
5689,TK-05689,"05 07 10 21 26 27"
5690,TK-05690,"03 07 10 21 25 27"
5691,TK-05691,"03 07 10 21 22 23"
5692,TK-05692,"06 07 10 20 23 26"
5693,TK-05693,"05 07 10 20 21 24"
5694,TK-05694,"02 07 10 19 26 27"
5695,TK-05695,"03 07 10 19 23 25"
5696,TK-05696,"01 07 10 19 21 23"
5697,TK-05697,"01 07 10 19 20 22"
5698,TK-05698,"05 07 10 18 22 24"
5699,TK-05699,"07 10 18 21 24 27"
5700,TK-05700,"04 07 10 18 20 27"
5701,TK-05701,"01 07 10 18 20 23"
5702,TK-05702,"02 07 10 18 19 24"
5703,TK-05703,"06 07 10 17 26 27"
5704,TK-05704,"02 07 10 17 22 25"
5705,TK-05705,"02 07 10 21 25 26"
5706,TK-05706,"02 07 10 17 21 23"
5707,TK-05707,"04 07 10 17 20 26"
5708,TK-05708,"05 07 10 19 23 26"
5709,TK-05709,"06 07 10 18 23 25"
5710,TK-05710,"03 07 10 16 26 27"
5711,TK-05711,"01 07 10 16 24 25"
5712,TK-05712,"06 07 10 16 21 24"
5713,TK-05713,"01 07 10 16 23 27"
5714,TK-05714,"02 07 10 16 21 22"
5715,TK-05715,"03 07 10 16 20 21"
5716,TK-05716,"04 07 10 16 21 27"
5717,TK-05717,"06 07 10 16 25 26"
5718,TK-05718,"01 07 10 16 22 25"
5719,TK-05719,"05 07 10 16 18 21"
5720,TK-05720,"02 07 10 18 20 26"
5721,TK-05721,"06 07 10 16 17 24"
5722,TK-05722,"05 07 10 16 17 22"
5723,TK-05723,"01 07 10 16 17 19"
5724,TK-05724,"04 07 10 16 17 18"
5725,TK-05725,"05 07 10 15 25 27"
5726,TK-05726,"02 07 10 15 26 27"
5727,TK-05727,"03 07 10 15 22 27"
5728,TK-05728,"04 07 10 15 22 24"
5729,TK-05729,"06 07 10 15 22 26"
5730,TK-05730,"05 07 10 15 21 23"
5731,TK-05731,"06 07 10 15 20 27"
5732,TK-05732,"02 07 10 15 20 25"
5733,TK-05733,"05 07 10 15 19 20"
5734,TK-05734,"06 07 10 15 18 21"
5735,TK-05735,"01 07 10 15 18 19"
5736,TK-05736,"01 07 10 15 17 21"
5737,TK-05737,"02 07 10 15 17 18"
5738,TK-05738,"02 07 10 15 16 23"
5739,TK-05739,"05 07 10 14 26 27"
5740,TK-05740,"02 07 10 14 22 25"
5741,TK-05741,"03 07 10 14 20 23"
5742,TK-05742,"02 07 10 14 23 24"
5743,TK-05743,"01 07 10 14 19 26"
5744,TK-05744,"05 07 10 14 18 25"
5745,TK-05745,"03 07 10 14 18 22"
5746,TK-05746,"06 07 10 14 18 20"
5747,TK-05747,"02 07 10 14 17 27"
5748,TK-05748,"05 07 10 14 16 24"
5749,TK-05749,"02 07 10 16 17 20"
5750,TK-05750,"04 07 10 14 15 22"
5751,TK-05751,"01 07 10 14 15 18"
5752,TK-05752,"01 07 10 13 22 23"
5753,TK-05753,"07 10 13 21 23 25"
5754,TK-05754,"02 07 10 13 20 24"
5755,TK-05755,"05 07 10 13 18 26"
5756,TK-05756,"01 07 10 13 18 20"
5757,TK-05757,"07 10 13 17 21 24"
5758,TK-05758,"04 07 10 13 20 23"
5759,TK-05759,"02 07 10 13 17 19"
5760,TK-05760,"01 07 10 13 16 21"
5761,TK-05761,"03 07 10 13 15 26"
5762,TK-05762,"05 07 10 13 15 21"
5763,TK-05763,"03 07 13 15 18 24"
5764,TK-05764,"05 07 10 13 17 27"
5765,TK-05765,"05 07 10 13 16 25"
5766,TK-05766,"03 07 10 15 16 19"
5767,TK-05767,"06 07 10 13 15 17"
5768,TK-05768,"06 07 10 13 18 21"
5769,TK-05769,"03 07 10 13 14 25"
5770,TK-05770,"02 07 10 13 14 15"
5771,TK-05771,"03 07 10 12 23 26"
5772,TK-05772,"02 07 10 12 22 25"
5773,TK-05773,"07 10 12 22 23 24"
5774,TK-05774,"01 07 10 12 21 26"
5775,TK-05775,"05 07 10 12 20 26"
5776,TK-05776,"01 07 10 12 20 25"
5777,TK-05777,"02 07 10 12 24 27"
5778,TK-05778,"05 07 10 12 19 22"
5779,TK-05779,"06 07 10 18 24 26"
5780,TK-05780,"05 07 10 12 18 27"
5781,TK-05781,"05 07 10 12 17 21"
5782,TK-05782,"02 07 10 12 16 26"
5783,TK-05783,"05 07 10 12 19 25"
5784,TK-05784,"03 07 10 12 21 24"
5785,TK-05785,"01 07 10 12 15 22"
5786,TK-05786,"01 07 10 12 15 24"
5787,TK-05787,"04 07 10 12 15 20"
5788,TK-05788,"03 07 10 12 17 26"
5789,TK-05789,"02 07 10 12 15 19"
5790,TK-05790,"04 07 10 12 15 16"
5791,TK-05791,"03 07 12 14 25 26"
5792,TK-05792,"01 07 10 12 14 21"
5793,TK-05793,"04 07 10 12 14 24"
5794,TK-05794,"05 07 10 12 14 19"
5795,TK-05795,"06 07 10 12 14 17"
5796,TK-05796,"05 07 10 12 13 22"
5797,TK-05797,"04 07 10 13 16 20"
5798,TK-05798,"01 07 10 13 15 27"
5799,TK-05799,"01 07 10 12 14 16"
5800,TK-05800,"05 07 10 11 23 26"
5801,TK-05801,"06 07 10 11 23 24"
5802,TK-05802,"06 07 10 11 25 27"
5803,TK-05803,"05 07 10 11 22 23"
5804,TK-05804,"01 07 10 11 23 27"
5805,TK-05805,"02 07 10 11 20 27"
5806,TK-05806,"06 07 10 11 20 26"
5807,TK-05807,"03 07 11 19 20 25"
5808,TK-05808,"04 07 10 11 18 27"
5809,TK-05809,"02 07 10 11 18 22"
5810,TK-05810,"03 07 10 11 18 20"
5811,TK-05811,"02 07 10 11 17 26"
5812,TK-05812,"07 10 11 17 24 27"
5813,TK-05813,"06 07 10 17 20 21"
5814,TK-05814,"01 07 10 11 17 18"
5815,TK-05815,"01 07 10 11 16 26"
5816,TK-05816,"02 07 10 11 16 23"
5817,TK-05817,"06 07 10 11 16 19"
5818,TK-05818,"05 07 10 11 16 18"
5819,TK-05819,"03 07 10 11 16 17"
5820,TK-05820,"02 07 10 11 15 24"
5821,TK-05821,"03 07 10 15 17 22"
5822,TK-05822,"02 07 10 11 14 23"
5823,TK-05823,"06 07 10 11 14 22"
5824,TK-05824,"04 07 11 14 18 21"
5825,TK-05825,"01 07 10 11 14 19"
5826,TK-05826,"04 07 10 11 14 15"
5827,TK-05827,"01 07 10 11 13 26"
5828,TK-05828,"03 07 10 11 13 20"
5829,TK-05829,"06 07 10 11 13 17"
5830,TK-05830,"02 07 10 11 12 27"
5831,TK-05831,"01 07 10 11 12 19"
5832,TK-05832,"04 07 11 12 13 21"
5833,TK-05833,"06 07 09 23 24 27"
5834,TK-05834,"02 07 09 24 26 27"
5835,TK-05835,"02 07 09 23 25 26"
5836,TK-05836,"04 07 09 21 23 24"
5837,TK-05837,"01 07 09 20 23 27"
5838,TK-05838,"02 07 09 20 23 24"
5839,TK-05839,"04 07 09 20 21 27"
5840,TK-05840,"04 07 09 21 22 24"
5841,TK-05841,"04 07 09 23 26 27"
5842,TK-05842,"05 07 09 19 21 27"
5843,TK-05843,"06 07 09 20 22 27"
5844,TK-05844,"06 07 09 18 21 23"
5845,TK-05845,"05 07 09 18 25 27"
5846,TK-05846,"03 07 09 18 19 26"
5847,TK-05847,"02 07 09 18 19 24"
5848,TK-05848,"01 07 09 19 20 23"
5849,TK-05849,"03 07 09 17 25 27"
5850,TK-05850,"01 07 09 17 25 26"
5851,TK-05851,"02 07 09 17 23 24"
5852,TK-05852,"06 07 09 17 21 22"
5853,TK-05853,"04 07 09 17 24 25"
5854,TK-05854,"03 07 09 18 21 25"
5855,TK-05855,"03 07 09 16 23 25"
5856,TK-05856,"01 07 09 16 24 27"
5857,TK-05857,"01 07 09 16 20 24"
5858,TK-05858,"02 07 09 16 18 27"
5859,TK-05859,"05 07 09 16 18 24"
5860,TK-05860,"02 07 09 16 22 23"
5861,TK-05861,"04 07 09 16 19 23"
5862,TK-05862,"05 07 09 16 19 20"
5863,TK-05863,"06 07 09 16 17 27"
5864,TK-05864,"01 07 09 16 17 23"
5865,TK-05865,"05 07 09 17 19 25"
5866,TK-05866,"02 07 09 15 23 24"
5867,TK-05867,"06 07 09 15 23 26"
5868,TK-05868,"02 07 09 15 21 22"
5869,TK-05869,"03 07 09 15 20 23"
5870,TK-05870,"06 07 09 15 19 23"
5871,TK-05871,"03 07 09 19 22 27"
5872,TK-05872,"06 07 09 15 20 26"
5873,TK-05873,"04 07 09 15 24 27"
5874,TK-05874,"02 07 09 15 18 26"
5875,TK-05875,"01 07 09 15 17 18"
5876,TK-05876,"01 07 09 15 16 21"
5877,TK-05877,"02 07 09 15 16 20"
5878,TK-05878,"04 07 09 16 17 26"
5879,TK-05879,"05 07 09 14 25 26"
5880,TK-05880,"06 07 09 14 23 25"
5881,TK-05881,"01 07 09 14 19 26"
5882,TK-05882,"05 07 09 14 19 27"
5883,TK-05883,"05 07 09 14 23 24"
5884,TK-05884,"02 07 09 14 19 22"
5885,TK-05885,"01 07 09 14 18 27"
5886,TK-05886,"03 07 09 14 18 23"
5887,TK-05887,"05 07 09 14 17 18"
5888,TK-05888,"03 07 09 14 16 27"
5889,TK-05889,"05 07 09 14 16 22"
5890,TK-05890,"06 07 09 14 15 27"
5891,TK-05891,"02 07 09 14 15 17"
5892,TK-05892,"03 07 09 13 23 26"
5893,TK-05893,"06 07 09 13 22 23"
5894,TK-05894,"03 07 09 13 21 27"
5895,TK-05895,"05 07 09 13 26 27"
5896,TK-05896,"01 07 09 13 19 20"
5897,TK-05897,"04 07 09 13 23 24"
5898,TK-05898,"02 07 09 13 18 25"
5899,TK-05899,"04 07 09 13 21 25"
5900,TK-05900,"03 07 09 13 17 20"
5901,TK-05901,"01 07 09 13 16 26"
5902,TK-05902,"02 07 09 13 22 27"
5903,TK-05903,"03 07 09 13 16 19"
5904,TK-05904,"04 07 09 13 16 18"
5905,TK-05905,"06 07 09 13 15 22"
5906,TK-05906,"03 07 09 13 15 18"
5907,TK-05907,"06 07 09 15 17 21"
5908,TK-05908,"05 07 09 13 16 17"
5909,TK-05909,"03 07 09 13 14 22"
5910,TK-05910,"02 07 09 13 14 26"
5911,TK-05911,"04 07 09 14 17 19"
5912,TK-05912,"01 07 09 13 14 23"
5913,TK-05913,"06 07 09 12 21 26"
5914,TK-05914,"01 07 09 12 20 26"
5915,TK-05915,"05 07 09 12 21 22"
5916,TK-05916,"05 07 09 12 20 25"
5917,TK-05917,"01 07 09 12 19 22"
5918,TK-05918,"03 07 09 12 18 20"
5919,TK-05919,"04 07 09 12 19 21"
5920,TK-05920,"05 07 09 12 16 17"
5921,TK-05921,"03 07 09 12 15 25"
5922,TK-05922,"02 07 09 12 17 22"
5923,TK-05923,"02 07 09 12 16 24"
5924,TK-05924,"05 07 09 12 14 27"
5925,TK-05925,"04 07 09 12 14 23"
5926,TK-05926,"02 07 09 12 14 20"
5927,TK-05927,"06 07 09 12 13 20"
5928,TK-05928,"05 07 09 12 18 19"
5929,TK-05929,"04 07 09 12 17 24"
5930,TK-05930,"06 07 09 12 16 23"
5931,TK-05931,"06 07 09 11 22 24"
5932,TK-05932,"04 07 09 11 24 26"
5933,TK-05933,"03 07 09 11 22 23"
5934,TK-05934,"06 07 09 11 23 26"
5935,TK-05935,"02 07 09 11 19 24"
5936,TK-05936,"04 07 09 11 17 27"
5937,TK-05937,"05 07 09 11 17 20"
5938,TK-05938,"05 07 09 11 18 21"
5939,TK-05939,"06 07 09 11 16 27"
5940,TK-05940,"01 07 09 11 16 23"
5941,TK-05941,"02 07 09 11 16 22"
5942,TK-05942,"03 07 09 11 18 19"
5943,TK-05943,"03 07 09 11 16 17"
5944,TK-05944,"05 07 09 11 15 27"
5945,TK-05945,"03 07 09 11 24 25"
5946,TK-05946,"04 07 09 11 15 23"
5947,TK-05947,"02 07 09 11 15 20"
5948,TK-05948,"01 07 09 11 15 16"
5949,TK-05949,"01 07 09 11 14 25"
5950,TK-05950,"04 07 09 11 14 22"
5951,TK-05951,"06 07 09 11 14 21"
5952,TK-05952,"01 09 11 14 16 18"
5953,TK-05953,"02 07 09 11 13 24"
5954,TK-05954,"05 07 09 11 12 20"
5955,TK-05955,"05 07 11 12 15 22"
5956,TK-05956,"03 07 09 11 12 13"
5957,TK-05957,"05 07 09 10 26 27"
5958,TK-05958,"03 07 09 10 23 25"
5959,TK-05959,"05 07 09 10 22 27"
5960,TK-05960,"01 07 09 10 24 26"
5961,TK-05961,"02 07 09 10 23 27"
5962,TK-05962,"04 07 09 10 20 25"
5963,TK-05963,"06 07 09 10 19 21"
5964,TK-05964,"03 07 09 10 21 26"
5965,TK-05965,"06 07 09 10 18 22"
5966,TK-05966,"05 07 09 10 18 25"
5967,TK-05967,"04 07 09 10 17 27"
5968,TK-05968,"06 07 09 10 16 21"
5969,TK-05969,"03 07 09 10 16 20"
5970,TK-05970,"02 07 09 10 16 18"
5971,TK-05971,"01 07 09 10 15 25"
5972,TK-05972,"06 07 09 10 15 23"
5973,TK-05973,"02 07 09 10 15 27"
5974,TK-05974,"02 07 09 10 19 22"
5975,TK-05975,"05 07 09 10 15 17"
5976,TK-05976,"01 07 10 15 16 26"
5977,TK-05977,"03 07 09 10 14 27"
5978,TK-05978,"02 07 09 10 14 18"
5979,TK-05979,"04 07 10 14 15 16"
5980,TK-05980,"05 07 09 10 13 16"
5981,TK-05981,"05 07 10 13 15 20"
5982,TK-05982,"05 07 09 10 12 21"
5983,TK-05983,"04 07 09 10 12 26"
5984,TK-05984,"01 07 09 10 12 17"
5985,TK-05985,"03 07 09 10 12 22"
5986,TK-05986,"05 07 09 10 11 25"
5987,TK-05987,"02 07 09 10 11 21"
5988,TK-05988,"01 07 09 10 11 20"
5989,TK-05989,"07 09 10 11 17 22"
5990,TK-05990,"03 07 10 11 15 26"
5991,TK-05991,"02 07 09 11 14 16"
5992,TK-05992,"02 07 09 10 11 13"
5993,TK-05993,"02 07 08 22 24 26"
5994,TK-05994,"03 07 08 20 23 27"
5995,TK-05995,"01 07 08 19 23 26"
5996,TK-05996,"04 07 08 19 23 27"
5997,TK-05997,"02 07 08 19 22 27"
5998,TK-05998,"03 07 08 19 22 23"
5999,TK-05999,"01 07 08 19 20 25"
6000,TK-06000,"02 07 08 20 21 23"
6001,TK-06001,"03 07 08 18 20 24"
6002,TK-06002,"02 07 08 18 21 27"
6003,TK-06003,"03 07 08 18 19 21"
6004,TK-06004,"03 07 08 17 24 25"
6005,TK-06005,"05 07 08 17 23 27"
6006,TK-06006,"06 07 08 17 20 24"
6007,TK-06007,"05 07 08 17 19 20"
6008,TK-06008,"06 07 08 18 26 27"
6009,TK-06009,"05 07 08 18 24 27"
6010,TK-06010,"05 07 08 17 18 22"
6011,TK-06011,"04 07 08 18 20 27"
6012,TK-06012,"03 07 08 16 21 26"
6013,TK-06013,"02 07 08 21 22 23"
6014,TK-06014,"02 07 08 16 19 24"
6015,TK-06015,"02 07 08 16 22 25"
6016,TK-06016,"03 07 08 16 20 22"
6017,TK-06017,"05 07 08 16 20 21"
6018,TK-06018,"01 07 08 18 25 26"
6019,TK-06019,"02 07 08 16 18 23"
6020,TK-06020,"06 07 08 16 18 19"
6021,TK-06021,"04 07 08 17 24 26"
6022,TK-06022,"06 07 08 16 17 27"
6023,TK-06023,"04 07 08 16 17 23"
6024,TK-06024,"06 07 08 17 19 22"
6025,TK-06025,"07 08 16 17 18 25"
6026,TK-06026,"01 07 08 15 21 27"
6027,TK-06027,"02 07 08 15 21 26"
6028,TK-06028,"01 07 08 15 19 20"
6029,TK-06029,"02 07 08 15 18 25"
6030,TK-06030,"04 07 08 15 18 24"
6031,TK-06031,"04 07 08 15 21 23"
6032,TK-06032,"05 07 08 15 18 22"
6033,TK-06033,"06 07 08 15 17 27"
6034,TK-06034,"05 07 08 15 17 21"
6035,TK-06035,"06 07 08 14 23 24"
6036,TK-06036,"02 07 08 14 23 25"
6037,TK-06037,"04 07 08 20 22 25"
6038,TK-06038,"03 07 08 14 21 24"
6039,TK-06039,"04 07 08 19 21 22"
6040,TK-06040,"05 07 08 14 19 20"
6041,TK-06041,"05 07 08 14 23 26"
6042,TK-06042,"03 07 08 14 21 23"
6043,TK-06043,"06 07 08 14 18 20"
6044,TK-06044,"03 07 08 14 17 27"
6045,TK-06045,"02 07 08 14 17 24"
6046,TK-06046,"05 07 08 14 18 19"
6047,TK-06047,"05 07 08 14 16 25"
6048,TK-06048,"06 07 08 14 16 17"
6049,TK-06049,"02 07 08 14 15 21"
6050,TK-06050,"05 07 08 14 15 19"
6051,TK-06051,"01 07 08 14 15 18"
6052,TK-06052,"01 07 08 14 17 25"
6053,TK-06053,"07 08 14 15 16 23"
6054,TK-06054,"06 07 08 13 24 27"
6055,TK-06055,"03 07 08 13 21 25"
6056,TK-06056,"02 07 08 13 24 25"
6057,TK-06057,"01 07 08 13 25 27"
6058,TK-06058,"06 07 08 13 16 24"
6059,TK-06059,"02 07 08 13 16 18"
6060,TK-06060,"02 07 08 13 15 20"
6061,TK-06061,"04 07 08 13 15 19"
6062,TK-06062,"07 08 13 15 16 27"
6063,TK-06063,"03 07 08 13 14 20"
6064,TK-06064,"02 07 08 13 14 21"
6065,TK-06065,"01 07 08 13 14 16"
6066,TK-06066,"01 07 08 12 24 27"
6067,TK-06067,"03 07 08 12 21 27"
6068,TK-06068,"03 07 08 12 25 26"
6069,TK-06069,"06 07 08 12 24 26"
6070,TK-06070,"01 07 08 12 23 26"
6071,TK-06071,"01 07 08 12 20 22"
6072,TK-06072,"06 07 08 12 22 26"
6073,TK-06073,"02 07 08 12 17 25"
6074,TK-06074,"03 07 08 12 17 24"
6075,TK-06075,"01 07 08 12 17 18"
6076,TK-06076,"02 07 08 12 16 23"
6077,TK-06077,"03 07 08 12 16 19"
6078,TK-06078,"06 07 08 12 23 27"
6079,TK-06079,"02 07 08 12 15 27"
6080,TK-06080,"06 07 08 12 15 21"
6081,TK-06081,"01 07 08 12 15 22"
6082,TK-06082,"03 07 08 12 15 18"
6083,TK-06083,"03 07 08 12 16 20"
6084,TK-06084,"03 07 08 12 14 21"
6085,TK-06085,"05 07 08 12 14 18"
6086,TK-06086,"06 07 08 12 13 23"
6087,TK-06087,"03 07 08 12 13 22"
6088,TK-06088,"04 07 08 11 23 24"
6089,TK-06089,"06 07 08 11 22 27"
6090,TK-06090,"02 07 08 11 21 24"
6091,TK-06091,"04 07 08 11 21 27"
6092,TK-06092,"04 07 08 11 22 26"
6093,TK-06093,"06 07 08 11 20 23"
6094,TK-06094,"06 07 08 11 19 27"
6095,TK-06095,"05 07 08 11 17 21"
6096,TK-06096,"06 07 08 11 16 25"
6097,TK-06097,"05 07 08 11 19 23"
6098,TK-06098,"04 07 08 11 16 20"
6099,TK-06099,"02 07 08 11 16 17"
6100,TK-06100,"01 07 08 11 15 25"
6101,TK-06101,"05 07 08 11 15 27"
6102,TK-06102,"04 07 08 11 15 20"
6103,TK-06103,"03 08 11 15 16 18"
6104,TK-06104,"02 07 08 11 19 22"
6105,TK-06105,"01 07 08 14 17 26"
6106,TK-06106,"05 07 08 11 16 24"
6107,TK-06107,"03 07 08 14 16 19"
6108,TK-06108,"03 07 08 11 13 23"
6109,TK-06109,"02 07 08 11 13 27"
6110,TK-06110,"03 07 11 13 17 19"
6111,TK-06111,"05 07 08 11 13 14"
6112,TK-06112,"06 07 08 11 12 26"
6113,TK-06113,"04 07 08 11 12 25"
6114,TK-06114,"05 07 08 11 12 22"
6115,TK-06115,"02 07 08 12 20 24"
6116,TK-06116,"06 07 08 11 12 21"
6117,TK-06117,"01 08 11 12 18 20"
6118,TK-06118,"04 07 11 12 15 24"
6119,TK-06119,"07 08 11 12 14 24"
6120,TK-06120,"04 07 08 10 24 27"
6121,TK-06121,"05 07 08 10 22 26"
6122,TK-06122,"03 07 08 10 24 26"
6123,TK-06123,"02 07 08 10 21 22"
6124,TK-06124,"02 07 08 10 20 23"
6125,TK-06125,"03 07 08 10 20 27"
6126,TK-06126,"06 07 08 10 18 23"
6127,TK-06127,"06 07 08 10 17 26"
6128,TK-06128,"01 07 08 10 17 22"
6129,TK-06129,"03 07 08 10 17 21"
6130,TK-06130,"02 07 08 10 19 23"
6131,TK-06131,"02 07 08 10 18 24"
6132,TK-06132,"05 07 08 10 16 23"
6133,TK-06133,"06 07 08 10 16 25"
6134,TK-06134,"02 07 08 10 16 27"
6135,TK-06135,"01 07 08 10 15 27"
6136,TK-06136,"06 07 08 10 15 24"
6137,TK-06137,"04 07 08 10 18 20"
6138,TK-06138,"03 07 08 10 15 18"
6139,TK-06139,"03 08 10 14 25 26"
6140,TK-06140,"06 07 10 14 21 25"
6141,TK-06141,"02 07 08 10 14 22"
6142,TK-06142,"04 07 10 14 17 20"
6143,TK-06143,"02 07 10 14 16 20"
6144,TK-06144,"06 07 10 14 15 17"
6145,TK-06145,"03 07 08 10 13 23"
6146,TK-06146,"01 07 08 13 22 24"
6147,TK-06147,"06 07 08 10 13 20"
6148,TK-06148,"07 08 10 13 17 25"
6149,TK-06149,"07 08 10 13 16 22"
6150,TK-06150,"04 07 10 13 14 24"
6151,TK-06151,"02 07 08 10 12 17"
6152,TK-06152,"04 07 08 10 12 23"
6153,TK-06153,"06 07 08 10 12 13"
6154,TK-06154,"06 07 08 10 11 25"
6155,TK-06155,"02 08 10 11 17 20"
6156,TK-06156,"02 07 08 10 11 12"
6157,TK-06157,"03 07 08 09 25 27"
6158,TK-06158,"01 07 08 09 24 26"
6159,TK-06159,"02 07 08 09 26 27"
6160,TK-06160,"05 07 08 09 22 27"
6161,TK-06161,"02 07 08 09 22 23"
6162,TK-06162,"03 07 08 09 21 23"
6163,TK-06163,"03 07 08 09 22 24"
6164,TK-06164,"05 07 08 09 23 24"
6165,TK-06165,"03 07 08 09 17 24"
6166,TK-06166,"04 07 09 17 22 25"
6167,TK-06167,"01 07 08 09 17 19"
6168,TK-06168,"06 07 08 09 16 21"
6169,TK-06169,"01 07 08 09 16 20"
6170,TK-06170,"02 07 08 09 16 19"
6171,TK-06171,"04 07 08 16 18 26"
6172,TK-06172,"04 07 08 09 15 26"
6173,TK-06173,"01 07 08 09 15 22"
6174,TK-06174,"03 07 08 09 18 19"
6175,TK-06175,"05 07 08 09 15 17"
6176,TK-06176,"02 07 08 09 14 25"
6177,TK-06177,"05 07 08 09 14 21"
6178,TK-06178,"03 07 08 09 14 19"
6179,TK-06179,"06 07 08 09 13 27"
6180,TK-06180,"05 07 08 09 20 22"
6181,TK-06181,"06 08 09 13 14 18"
6182,TK-06182,"02 07 08 09 12 26"
6183,TK-06183,"03 07 08 09 12 27"
6184,TK-06184,"01 07 08 09 12 21"
6185,TK-06185,"06 07 09 12 16 18"
6186,TK-06186,"07 08 09 12 15 24"
6187,TK-06187,"02 07 08 09 13 17"
6188,TK-06188,"02 07 08 09 11 22"
6189,TK-06189,"06 07 08 09 11 25"
6190,TK-06190,"03 08 09 11 13 21"
6191,TK-06191,"02 07 09 11 12 23"
6192,TK-06192,"04 07 09 11 12 16"
6193,TK-06193,"05 07 08 09 10 26"
6194,TK-06194,"04 07 08 09 10 25"
6195,TK-06195,"02 07 08 09 10 24"
6196,TK-06196,"06 07 08 09 10 17"
6197,TK-06197,"07 08 09 10 15 21"
6198,TK-06198,"02 08 09 10 14 16"
6199,TK-06199,"04 07 08 09 13 18"
6200,TK-06200,"04 07 09 10 12 18"
6201,TK-06201,"03 08 09 10 11 16"
6202,TK-06202,"03 06 19 21 22 25"
6203,TK-06203,"05 06 19 20 26 27"
6204,TK-06204,"05 06 16 17 21 23"
6205,TK-06205,"05 06 15 19 24 27"
6206,TK-06206,"05 06 15 21 25 27"
6207,TK-06207,"01 06 19 21 22 27"
6208,TK-06208,"04 06 18 19 25 27"
6209,TK-06209,"05 06 15 16 23 25"
6210,TK-06210,"05 06 15 16 22 27"
6211,TK-06211,"05 06 16 18 21 27"
6212,TK-06212,"03 06 14 18 19 22"
6213,TK-06213,"02 06 14 17 19 23"
6214,TK-06214,"01 06 14 15 17 26"
6215,TK-06215,"01 06 13 14 19 20"
6216,TK-06216,"04 06 13 14 19 24"
6217,TK-06217,"03 06 13 15 17 19"
6218,TK-06218,"04 06 12 20 23 24"
6219,TK-06219,"03 06 12 15 22 26"
6220,TK-06220,"05 06 12 14 19 21"
6221,TK-06221,"02 06 12 14 15 24"
6222,TK-06222,"05 06 13 17 18 25"
6223,TK-06223,"05 06 21 23 25 26"
6224,TK-06224,"01 06 14 17 19 22"
6225,TK-06225,"05 06 13 19 20 25"
6226,TK-06226,"05 06 12 16 20 26"
6227,TK-06227,"03 06 11 12 15 17"
6228,TK-06228,"01 06 11 12 15 26"
6229,TK-06229,"04 06 19 22 24 26"
6230,TK-06230,"02 06 10 19 20 24"
6231,TK-06231,"03 06 10 18 21 25"
6232,TK-06232,"01 06 10 18 19 23"
6233,TK-06233,"03 06 10 17 19 22"
6234,TK-06234,"02 06 10 12 16 17"
6235,TK-06235,"05 06 10 11 24 25"
6236,TK-06236,"05 06 09 21 24 25"
6237,TK-06237,"01 06 19 21 25 26"
6238,TK-06238,"02 06 16 18 21 26"
6239,TK-06239,"05 06 09 12 20 21"
6240,TK-06240,"05 06 09 17 18 23"
6241,TK-06241,"05 06 09 11 18 25"
6242,TK-06242,"01 06 09 10 11 14"
6243,TK-06243,"03 06 08 15 21 26"
6244,TK-06244,"02 06 08 15 22 25"
6245,TK-06245,"01 06 08 15 17 26"
6246,TK-06246,"04 06 17 18 25 27"
6247,TK-06247,"04 06 07 16 23 27"
6248,TK-06248,"03 06 07 16 22 25"
6249,TK-06249,"04 06 07 13 19 25"
6250,TK-06250,"01 06 07 12 21 27"
6251,TK-06251,"05 06 07 18 22 25"
6252,TK-06252,"04 06 12 16 19 21"
6253,TK-06253,"01 06 11 18 22 23"
6254,TK-06254,"02 05 17 19 23 25"
6255,TK-06255,"02 05 16 18 21 26"
6256,TK-06256,"04 05 16 18 20 21"
6257,TK-06257,"04 05 16 19 25 26"
6258,TK-06258,"04 05 17 18 21 26"
6259,TK-06259,"02 05 14 19 25 26"
6260,TK-06260,"03 05 14 17 19 23"
6261,TK-06261,"02 05 14 19 21 26"
6262,TK-06262,"03 05 19 22 24 25"
6263,TK-06263,"03 05 13 19 20 21"
6264,TK-06264,"01 05 13 15 23 25"
6265,TK-06265,"02 05 13 18 19 27"
6266,TK-06266,"02 05 13 15 16 19"
6267,TK-06267,"04 05 14 15 17 19"
6268,TK-06268,"02 05 11 21 23 24"
6269,TK-06269,"01 05 11 14 17 18"
6270,TK-06270,"01 05 11 12 18 22"
6271,TK-06271,"05 06 10 18 19 25"
6272,TK-06272,"05 06 14 15 24 26"
6273,TK-06273,"03 05 09 13 23 25"
6274,TK-06274,"05 06 08 15 23 25"
6275,TK-06275,"02 05 08 12 16 20"
6276,TK-06276,"02 05 08 22 24 26"
6277,TK-06277,"02 05 07 08 24 26"
6278,TK-06278,"02 05 06 24 25 27"
6279,TK-06279,"03 05 06 22 25 26"
6280,TK-06280,"02 05 06 21 22 24"
6281,TK-06281,"03 05 06 21 23 27"
6282,TK-06282,"01 05 06 20 22 24"
6283,TK-06283,"01 05 06 18 23 25"
6284,TK-06284,"01 05 06 18 19 20"
6285,TK-06285,"02 05 06 17 20 21"
6286,TK-06286,"03 05 06 17 19 27"
6287,TK-06287,"03 05 06 17 20 24"
6288,TK-06288,"03 05 06 17 18 21"
6289,TK-06289,"04 05 06 16 22 26"
6290,TK-06290,"03 05 06 16 19 23"
6291,TK-06291,"02 05 06 16 19 21"
6292,TK-06292,"02 05 06 16 18 25"
6293,TK-06293,"02 05 06 16 22 23"
6294,TK-06294,"04 05 06 16 20 23"
6295,TK-06295,"04 05 06 16 18 19"
6296,TK-06296,"04 05 06 16 17 24"
6297,TK-06297,"01 05 06 16 17 18"
6298,TK-06298,"02 05 06 15 23 24"
6299,TK-06299,"02 05 06 15 20 27"
6300,TK-06300,"01 05 06 15 17 25"
6301,TK-06301,"02 05 06 14 26 27"
6302,TK-06302,"02 05 06 14 21 23"
6303,TK-06303,"04 05 06 14 22 27"
6304,TK-06304,"03 05 06 14 25 27"
6305,TK-06305,"01 05 06 14 18 26"
6306,TK-06306,"02 05 06 14 20 22"
6307,TK-06307,"04 05 06 18 20 21"
6308,TK-06308,"03 05 06 17 21 26"
6309,TK-06309,"02 05 06 17 18 27"
6310,TK-06310,"01 05 06 14 17 20"
6311,TK-06311,"03 05 06 16 25 26"
6312,TK-06312,"02 05 06 16 20 24"
6313,TK-06313,"03 05 06 16 20 21"
6314,TK-06314,"02 05 06 14 15 17"
6315,TK-06315,"04 05 06 13 24 27"
6316,TK-06316,"03 05 06 13 22 23"
6317,TK-06317,"01 05 06 13 20 26"
6318,TK-06318,"04 05 06 13 16 21"
6319,TK-06319,"04 05 06 13 25 26"
6320,TK-06320,"01 05 06 13 14 24"
6321,TK-06321,"04 05 06 13 14 15"
6322,TK-06322,"01 05 06 12 23 24"
6323,TK-06323,"01 05 06 12 19 25"
6324,TK-06324,"02 05 06 12 18 24"
6325,TK-06325,"03 05 06 12 23 26"
6326,TK-06326,"02 05 06 17 19 24"
6327,TK-06327,"01 05 06 12 16 19"
6328,TK-06328,"01 05 06 12 15 18"
6329,TK-06329,"03 05 06 12 13 25"
6330,TK-06330,"02 05 06 12 13 21"
6331,TK-06331,"03 05 06 12 16 17"
6332,TK-06332,"03 05 06 12 13 15"
6333,TK-06333,"01 05 06 12 13 14"
6334,TK-06334,"04 05 06 11 22 23"
6335,TK-06335,"03 05 06 11 21 24"
6336,TK-06336,"02 05 06 11 20 23"
6337,TK-06337,"04 05 06 11 17 26"
6338,TK-06338,"03 05 06 11 19 22"
6339,TK-06339,"01 05 06 11 16 26"
6340,TK-06340,"01 05 06 11 18 24"
6341,TK-06341,"03 05 06 11 15 17"
6342,TK-06342,"01 05 06 14 15 27"
6343,TK-06343,"02 05 06 13 14 25"
6344,TK-06344,"02 05 06 11 14 16"
6345,TK-06345,"02 05 06 11 12 26"
6346,TK-06346,"04 05 06 11 12 16"
6347,TK-06347,"04 06 11 12 13 27"
6348,TK-06348,"02 05 06 10 22 26"
6349,TK-06349,"03 05 06 10 20 21"
6350,TK-06350,"04 05 06 10 23 24"
6351,TK-06351,"02 05 06 10 19 23"
6352,TK-06352,"03 05 06 10 17 24"
6353,TK-06353,"02 05 06 10 18 20"
6354,TK-06354,"02 05 06 10 16 27"
6355,TK-06355,"01 05 06 10 15 23"
6356,TK-06356,"04 05 06 10 16 20"
6357,TK-06357,"04 05 06 10 21 27"
6358,TK-06358,"02 05 06 10 14 25"
6359,TK-06359,"03 05 06 10 13 27"
6360,TK-06360,"01 05 06 10 12 20"
6361,TK-06361,"03 05 06 10 12 16"
6362,TK-06362,"01 05 06 10 11 13"
6363,TK-06363,"03 05 06 09 26 27"
6364,TK-06364,"02 05 06 09 22 26"
6365,TK-06365,"03 05 06 09 18 19"
6366,TK-06366,"03 05 06 09 17 25"
6367,TK-06367,"01 05 06 09 16 25"
6368,TK-06368,"04 05 06 09 15 20"
6369,TK-06369,"01 05 06 09 22 23"
6370,TK-06370,"02 05 06 09 18 21"
6371,TK-06371,"04 05 06 09 17 21"
6372,TK-06372,"02 05 06 09 13 24"
6373,TK-06373,"02 05 06 09 12 16"
6374,TK-06374,"03 05 06 09 11 23"
6375,TK-06375,"04 05 06 09 10 22"
6376,TK-06376,"03 05 06 10 20 25"
6377,TK-06377,"01 05 06 09 18 27"
6378,TK-06378,"04 05 06 08 18 23"
6379,TK-06379,"03 05 06 08 18 20"
6380,TK-06380,"03 05 06 08 16 24"
6381,TK-06381,"02 05 06 08 21 26"
6382,TK-06382,"01 05 06 08 17 26"
6383,TK-06383,"03 05 06 08 13 17"
6384,TK-06384,"02 05 06 08 14 15"
6385,TK-06385,"03 05 06 08 10 21"
6386,TK-06386,"01 05 06 08 10 22"
6387,TK-06387,"02 05 06 08 10 20"
6388,TK-06388,"04 05 06 08 09 26"
6389,TK-06389,"04 05 06 07 22 27"
6390,TK-06390,"03 05 06 07 20 24"
6391,TK-06391,"04 05 06 07 20 23"
6392,TK-06392,"01 05 06 07 19 26"
6393,TK-06393,"02 05 06 07 17 25"
6394,TK-06394,"03 05 06 07 25 26"
6395,TK-06395,"02 05 06 07 15 17"
6396,TK-06396,"04 05 06 07 14 24"
6397,TK-06397,"03 05 06 07 14 17"
6398,TK-06398,"04 06 07 13 22 26"
6399,TK-06399,"04 05 06 07 13 19"
6400,TK-06400,"02 05 06 07 13 14"
6401,TK-06401,"04 05 06 07 24 25"
6402,TK-06402,"01 05 06 07 13 18"
6403,TK-06403,"03 05 06 07 21 22"
6404,TK-06404,"01 05 07 11 20 21"
6405,TK-06405,"04 06 07 11 19 24"
6406,TK-06406,"02 05 07 11 17 27"
6407,TK-06407,"02 05 06 07 16 17"
6408,TK-06408,"01 05 06 07 11 12"
6409,TK-06409,"02 05 07 10 19 27"
6410,TK-06410,"01 05 06 07 10 15"
6411,TK-06411,"02 05 06 07 09 20"
6412,TK-06412,"01 05 06 07 09 24"
6413,TK-06413,"02 05 06 07 09 25"
6414,TK-06414,"03 05 06 07 09 18"
6415,TK-06415,"01 05 07 09 11 19"
6416,TK-06416,"01 05 06 07 08 16"
6417,TK-06417,"02 05 06 07 08 26"
6418,TK-06418,"03 05 06 08 15 20"
6419,TK-06419,"04 05 06 08 13 15"
6420,TK-06420,"02 05 06 07 08 27"
6421,TK-06421,"03 04 19 22 23 25"
6422,TK-06422,"01 04 20 21 25 26"
6423,TK-06423,"01 04 18 22 23 26"
6424,TK-06424,"01 04 18 19 20 25"
6425,TK-06425,"03 04 18 19 20 24"
6426,TK-06426,"04 05 15 25 26 27"
6427,TK-06427,"04 05 15 19 24 27"
6428,TK-06428,"01 04 15 17 19 20"
6429,TK-06429,"01 04 15 16 21 23"
6430,TK-06430,"03 04 15 16 19 27"
6431,TK-06431,"02 04 22 23 25 27"
6432,TK-06432,"03 04 14 16 19 21"
6433,TK-06433,"03 04 14 15 22 27"
6434,TK-06434,"01 04 14 19 21 26"
6435,TK-06435,"01 04 14 15 21 25"
6436,TK-06436,"04 05 13 20 22 24"
6437,TK-06437,"02 04 20 21 22 26"
6438,TK-06438,"02 04 19 20 23 26"
6439,TK-06439,"01 04 13 16 22 23"
6440,TK-06440,"01 04 13 20 23 25"
6441,TK-06441,"01 04 12 17 23 26"
6442,TK-06442,"01 04 12 14 16 22"
6443,TK-06443,"01 04 12 15 18 20"
6444,TK-06444,"03 04 11 12 16 23"
6445,TK-06445,"01 04 10 19 20 23"
6446,TK-06446,"04 05 10 16 25 27"
6447,TK-06447,"02 04 10 20 22 27"
6448,TK-06448,"01 04 10 13 20 22"
6449,TK-06449,"02 04 09 21 25 27"
6450,TK-06450,"03 04 09 15 18 27"
6451,TK-06451,"02 04 09 16 21 24"
6452,TK-06452,"04 05 08 19 22 26"
6453,TK-06453,"02 04 08 13 14 16"
6454,TK-06454,"02 04 12 16 17 27"
6455,TK-06455,"01 04 08 12 15 21"
6456,TK-06456,"01 04 10 14 15 19"
6457,TK-06457,"02 04 08 09 22 23"
6458,TK-06458,"02 04 15 18 19 22"
6459,TK-06459,"01 04 07 12 24 26"
6460,TK-06460,"02 04 07 20 25 26"
6461,TK-06461,"02 04 07 11 16 23"
6462,TK-06462,"03 04 07 10 19 24"
6463,TK-06463,"02 04 07 10 15 23"
6464,TK-06464,"03 04 06 21 23 26"
6465,TK-06465,"01 04 06 21 22 25"
6466,TK-06466,"02 04 06 20 21 25"
6467,TK-06467,"01 04 06 19 20 21"
6468,TK-06468,"03 04 06 18 23 25"
6469,TK-06469,"01 04 06 18 20 22"
6470,TK-06470,"02 04 06 18 21 22"
6471,TK-06471,"01 04 06 16 19 23"
6472,TK-06472,"01 04 06 16 18 24"
6473,TK-06473,"03 04 06 16 17 26"
6474,TK-06474,"02 04 06 16 17 18"
6475,TK-06475,"01 04 06 15 18 27"
6476,TK-06476,"01 04 06 15 16 23"
6477,TK-06477,"01 04 06 14 18 25"
6478,TK-06478,"03 04 06 14 18 19"
6479,TK-06479,"02 04 06 16 26 27"
6480,TK-06480,"01 04 06 14 16 25"
6481,TK-06481,"03 04 06 14 22 24"
6482,TK-06482,"03 04 06 14 15 20"
6483,TK-06483,"03 04 06 13 24 25"
6484,TK-06484,"03 04 06 13 19 27"
6485,TK-06485,"01 04 06 18 19 26"
6486,TK-06486,"02 04 06 13 19 22"
6487,TK-06487,"03 04 06 13 17 20"
6488,TK-06488,"02 04 06 13 16 27"
6489,TK-06489,"02 04 06 13 17 25"
6490,TK-06490,"01 04 06 16 17 23"
6491,TK-06491,"01 04 06 13 22 23"
6492,TK-06492,"01 04 06 13 14 27"
6493,TK-06493,"02 04 06 13 14 22"
6494,TK-06494,"02 04 06 12 23 27"
6495,TK-06495,"03 04 06 12 22 26"
6496,TK-06496,"02 04 06 18 21 24"
6497,TK-06497,"01 04 06 12 18 19"
6498,TK-06498,"01 04 06 12 16 26"
6499,TK-06499,"03 04 06 12 15 17"
6500,TK-06500,"03 04 06 12 16 22"
6501,TK-06501,"01 04 06 12 14 23"
6502,TK-06502,"02 04 06 12 14 17"
6503,TK-06503,"03 04 12 14 15 26"
6504,TK-06504,"03 04 06 12 14 18"
6505,TK-06505,"03 04 06 13 22 25"
6506,TK-06506,"02 04 06 11 25 26"
6507,TK-06507,"01 04 06 11 23 25"
6508,TK-06508,"01 04 06 11 19 22"
6509,TK-06509,"03 04 06 11 16 26"
6510,TK-06510,"04 05 11 16 17 19"
6511,TK-06511,"03 04 06 11 14 17"
6512,TK-06512,"02 04 06 11 20 24"
6513,TK-06513,"01 04 11 13 15 26"
6514,TK-06514,"01 04 06 11 13 16"
6515,TK-06515,"03 04 06 11 12 19"
6516,TK-06516,"01 04 11 12 14 21"
6517,TK-06517,"02 04 06 10 25 27"
6518,TK-06518,"02 04 06 10 21 24"
6519,TK-06519,"01 04 06 10 21 22"
6520,TK-06520,"01 04 06 10 18 26"
6521,TK-06521,"03 04 06 10 17 18"
6522,TK-06522,"02 04 06 10 16 23"
6523,TK-06523,"03 04 06 10 16 19"
6524,TK-06524,"02 04 10 16 18 25"
6525,TK-06525,"02 04 06 10 17 22"
6526,TK-06526,"01 04 10 15 16 26"
6527,TK-06527,"03 04 10 15 16 22"
6528,TK-06528,"02 04 06 10 14 23"
6529,TK-06529,"03 04 06 10 12 27"
6530,TK-06530,"01 04 06 12 17 21"
6531,TK-06531,"03 04 06 11 13 21"
6532,TK-06532,"02 04 06 09 18 22"
6533,TK-06533,"02 04 06 09 17 19"
6534,TK-06534,"01 04 09 17 18 20"
6535,TK-06535,"01 04 06 09 16 18"
6536,TK-06536,"03 04 06 09 23 27"
6537,TK-06537,"03 04 06 09 14 18"
6538,TK-06538,"03 04 06 09 13 21"
6539,TK-06539,"03 04 09 12 17 25"
6540,TK-06540,"01 04 06 09 14 19"
6541,TK-06541,"02 04 09 11 19 23"
6542,TK-06542,"01 04 09 10 24 25"
6543,TK-06543,"01 04 06 09 13 27"
6544,TK-06544,"01 04 06 08 21 24"
6545,TK-06545,"03 04 06 08 21 22"
6546,TK-06546,"02 04 06 08 25 27"
6547,TK-06547,"02 04 06 08 24 27"
6548,TK-06548,"03 04 06 08 19 25"
6549,TK-06549,"02 04 06 19 22 23"
6550,TK-06550,"02 04 06 08 15 16"
6551,TK-06551,"01 04 06 08 13 23"
6552,TK-06552,"03 04 06 08 13 17"
6553,TK-06553,"02 04 08 12 21 23"
6554,TK-06554,"02 04 06 08 12 24"
6555,TK-06555,"03 04 06 08 16 23"
6556,TK-06556,"03 04 08 12 14 27"
6557,TK-06557,"01 04 08 10 16 24"
6558,TK-06558,"01 04 06 08 10 14"
6559,TK-06559,"01 04 06 08 11 14"
6560,TK-06560,"03 04 06 07 20 27"
6561,TK-06561,"03 04 06 07 22 24"
6562,TK-06562,"02 04 06 07 16 20"
6563,TK-06563,"02 04 06 07 15 18"
6564,TK-06564,"03 04 06 07 13 14"
6565,TK-06565,"04 05 07 12 25 27"
6566,TK-06566,"03 04 06 07 19 23"
6567,TK-06567,"01 04 06 07 18 20"
6568,TK-06568,"04 05 07 12 16 24"
6569,TK-06569,"01 04 06 07 14 27"
6570,TK-06570,"02 04 07 12 14 22"
6571,TK-06571,"01 04 07 12 14 15"
6572,TK-06572,"02 04 06 07 11 23"
6573,TK-06573,"01 04 06 07 10 26"
6574,TK-06574,"04 05 07 10 21 23"
6575,TK-06575,"01 04 06 07 09 16"
6576,TK-06576,"02 04 07 09 12 25"
6577,TK-06577,"02 04 06 07 09 22"
6578,TK-06578,"01 04 06 07 09 11"
6579,TK-06579,"03 04 06 07 08 26"
6580,TK-06580,"03 04 05 22 25 26"
6581,TK-06581,"02 04 05 20 21 27"
6582,TK-06582,"03 04 05 19 21 22"
6583,TK-06583,"01 04 05 18 23 25"
6584,TK-06584,"01 04 05 22 24 25"
6585,TK-06585,"03 04 05 18 21 25"
6586,TK-06586,"02 04 05 19 23 26"
6587,TK-06587,"03 04 05 18 19 23"
6588,TK-06588,"01 04 05 18 19 21"
6589,TK-06589,"02 04 05 19 20 22"
6590,TK-06590,"02 04 05 17 20 23"
6591,TK-06591,"01 04 05 17 23 27"
6592,TK-06592,"03 04 05 17 21 25"
6593,TK-06593,"01 04 05 17 18 24"
6594,TK-06594,"03 04 05 17 20 27"
6595,TK-06595,"02 04 05 17 18 19"
6596,TK-06596,"02 04 05 16 20 26"
6597,TK-06597,"02 04 05 16 22 24"
6598,TK-06598,"01 04 05 16 18 24"
6599,TK-06599,"03 04 05 16 17 22"
6600,TK-06600,"01 04 05 15 19 20"
6601,TK-06601,"01 04 05 15 17 25"
6602,TK-06602,"02 04 05 15 17 21"
6603,TK-06603,"03 04 05 16 20 25"
6604,TK-06604,"02 04 05 15 16 23"
6605,TK-06605,"01 04 05 14 20 21"
6606,TK-06606,"03 04 05 19 24 26"
6607,TK-06607,"01 04 05 14 18 23"
6608,TK-06608,"01 04 05 14 19 26"
6609,TK-06609,"01 04 05 16 21 26"
6610,TK-06610,"02 04 05 14 16 21"
6611,TK-06611,"01 04 05 14 16 20"
6612,TK-06612,"03 04 05 16 18 22"
6613,TK-06613,"02 04 05 14 15 26"
6614,TK-06614,"02 04 05 15 22 24"
6615,TK-06615,"01 04 05 15 21 27"
6616,TK-06616,"03 04 05 14 18 22"
6617,TK-06617,"01 04 05 13 23 27"
6618,TK-06618,"03 04 05 13 21 26"
6619,TK-06619,"01 04 05 13 18 20"
6620,TK-06620,"01 04 05 13 16 19"
6621,TK-06621,"02 04 05 13 16 17"
6622,TK-06622,"01 04 05 13 24 26"
6623,TK-06623,"01 04 05 14 21 24"
6624,TK-06624,"03 04 05 13 17 18"
6625,TK-06625,"01 04 05 12 18 25"
6626,TK-06626,"03 04 05 12 19 22"
6627,TK-06627,"01 04 05 12 16 23"
6628,TK-06628,"02 04 05 12 14 23"
6629,TK-06629,"03 04 05 12 20 26"
6630,TK-06630,"02 04 05 12 16 26"
6631,TK-06631,"02 05 12 14 16 18"
6632,TK-06632,"03 04 05 12 13 25"
6633,TK-06633,"02 04 05 13 19 27"
6634,TK-06634,"01 04 05 12 13 15"
6635,TK-06635,"03 04 05 11 26 27"
6636,TK-06636,"02 04 05 11 19 21"
6637,TK-06637,"01 04 05 11 18 19"
6638,TK-06638,"03 04 05 11 17 23"
6639,TK-06639,"01 04 05 11 14 25"
6640,TK-06640,"02 04 05 11 14 19"
6641,TK-06641,"03 04 05 11 18 21"
6642,TK-06642,"02 05 11 13 16 26"
6643,TK-06643,"02 04 05 10 24 26"
6644,TK-06644,"02 04 05 10 21 22"
6645,TK-06645,"03 04 05 10 19 20"
6646,TK-06646,"02 05 10 16 18 23"
6647,TK-06647,"01 04 05 10 20 23"
6648,TK-06648,"02 04 05 10 15 19"
6649,TK-06649,"03 05 10 14 19 22"
6650,TK-06650,"01 04 05 10 17 18"
6651,TK-06651,"03 04 10 14 15 24"
6652,TK-06652,"02 04 05 10 13 27"
6653,TK-06653,"02 05 10 13 19 26"
6654,TK-06654,"01 04 05 10 13 21"
6655,TK-06655,"02 04 05 10 17 20"
6656,TK-06656,"01 04 05 10 15 24"
6657,TK-06657,"03 04 05 10 13 26"
6658,TK-06658,"03 05 10 12 18 21"
6659,TK-06659,"02 04 05 11 20 24"
6660,TK-06660,"02 04 05 10 11 18"
6661,TK-06661,"01 04 05 10 11 12"
6662,TK-06662,"02 04 05 09 24 27"
6663,TK-06663,"01 04 05 09 20 24"
6664,TK-06664,"01 04 05 09 21 26"
6665,TK-06665,"03 04 05 09 19 25"
6666,TK-06666,"02 04 05 09 18 23"
6667,TK-06667,"02 04 05 09 18 25"
6668,TK-06668,"02 04 05 09 17 27"
6669,TK-06669,"01 04 05 09 15 22"
6670,TK-06670,"03 04 05 09 18 21"
6671,TK-06671,"01 04 09 14 20 26"
6672,TK-06672,"01 05 09 14 18 20"
6673,TK-06673,"01 04 05 09 16 17"
6674,TK-06674,"02 04 05 09 13 19"
6675,TK-06675,"02 04 05 09 16 26"
6676,TK-06676,"03 05 09 13 15 26"
6677,TK-06677,"01 04 05 09 12 15"
6678,TK-06678,"02 04 05 10 12 17"
6679,TK-06679,"02 04 05 08 23 25"
6680,TK-06680,"03 04 05 08 18 21"
6681,TK-06681,"01 04 05 08 15 21"
6682,TK-06682,"01 04 05 08 14 26"
6683,TK-06683,"03 04 05 08 17 25"
6684,TK-06684,"02 05 08 13 14 21"
6685,TK-06685,"02 04 05 08 16 19"
6686,TK-06686,"01 05 08 12 15 26"
6687,TK-06687,"03 04 05 08 15 22"
6688,TK-06688,"03 04 05 08 16 27"
6689,TK-06689,"03 05 08 10 25 26"
6690,TK-06690,"03 04 05 08 20 24"
6691,TK-06691,"02 04 05 08 20 21"
6692,TK-06692,"03 05 08 10 19 27"
6693,TK-06693,"02 04 05 08 11 25"
6694,TK-06694,"01 04 05 08 10 11"
6695,TK-06695,"01 05 08 09 25 27"
6696,TK-06696,"01 04 05 08 09 20"
6697,TK-06697,"02 05 08 09 13 27"
6698,TK-06698,"01 04 05 09 12 13"
6699,TK-06699,"03 04 05 07 17 24"
6700,TK-06700,"02 04 05 07 17 21"
6701,TK-06701,"02 04 05 07 14 16"
6702,TK-06702,"03 04 05 07 11 20"
6703,TK-06703,"01 04 05 07 11 27"
6704,TK-06704,"03 04 05 07 10 25"
6705,TK-06705,"03 04 05 10 16 26"
6706,TK-06706,"02 04 05 07 10 18"
6707,TK-06707,"03 04 05 07 19 22"
6708,TK-06708,"03 04 05 09 10 24"
6709,TK-06709,"01 04 05 07 08 26"
6710,TK-06710,"03 05 07 08 10 17"
6711,TK-06711,"02 04 05 07 08 09"
6712,TK-06712,"02 04 05 06 23 25"
6713,TK-06713,"01 04 06 21 24 26"
6714,TK-06714,"03 05 06 19 20 24"
6715,TK-06715,"03 05 06 17 18 22"
6716,TK-06716,"01 04 05 06 15 19"
6717,TK-06717,"02 04 05 06 17 23"
6718,TK-06718,"02 05 06 13 17 22"
6719,TK-06719,"02 04 06 12 21 26"
6720,TK-06720,"02 05 06 12 19 26"
6721,TK-06721,"01 04 05 06 12 24"
6722,TK-06722,"01 04 05 06 17 18"
6723,TK-06723,"01 04 06 12 13 20"
6724,TK-06724,"02 04 05 12 13 17"
6725,TK-06725,"03 05 06 10 14 18"
6726,TK-06726,"02 04 06 10 12 13"
6727,TK-06727,"02 05 06 09 19 24"
6728,TK-06728,"01 05 06 09 13 23"
6729,TK-06729,"01 04 06 09 13 18"
6730,TK-06730,"03 04 05 09 11 19"
6731,TK-06731,"01 04 05 06 08 19"
6732,TK-06732,"03 04 06 08 17 27"
6733,TK-06733,"03 05 06 08 14 16"
6734,TK-06734,"01 03 20 24 25 26"
6735,TK-06735,"03 05 22 23 24 27"
6736,TK-06736,"03 06 18 22 23 24"
6737,TK-06737,"02 03 20 23 24 26"
6738,TK-06738,"03 05 19 21 23 26"
6739,TK-06739,"01 03 17 18 24 25"
6740,TK-06740,"01 03 17 18 20 23"
6741,TK-06741,"01 03 17 18 19 22"
6742,TK-06742,"02 03 16 21 22 25"
6743,TK-06743,"02 03 15 18 24 27"
6744,TK-06744,"02 03 15 17 22 27"
6745,TK-06745,"01 03 15 16 20 22"
6746,TK-06746,"02 03 14 22 26 27"
6747,TK-06747,"01 03 14 19 21 27"
6748,TK-06748,"02 03 19 21 25 26"
6749,TK-06749,"01 03 16 18 21 22"
6750,TK-06750,"02 03 14 15 18 19"
6751,TK-06751,"01 03 13 25 26 27"
6752,TK-06752,"01 03 13 14 16 24"
6753,TK-06753,"01 03 13 14 15 27"
6754,TK-06754,"01 03 12 18 22 24"
6755,TK-06755,"02 03 18 20 22 26"
6756,TK-06756,"01 03 12 20 24 27"
6757,TK-06757,"01 03 12 16 17 20"
6758,TK-06758,"02 03 11 19 21 24"
6759,TK-06759,"01 03 11 12 18 21"
6760,TK-06760,"02 03 10 24 25 26"
6761,TK-06761,"02 03 10 18 19 27"
6762,TK-06762,"01 03 17 18 26 27"
6763,TK-06763,"02 03 10 15 17 18"
6764,TK-06764,"01 03 10 14 23 25"
6765,TK-06765,"02 03 10 11 17 27"
6766,TK-06766,"01 03 10 12 13 16"
6767,TK-06767,"01 03 09 17 20 21"
6768,TK-06768,"01 03 09 18 22 26"
6769,TK-06769,"01 03 09 15 20 25"
6770,TK-06770,"03 05 15 17 20 22"
6771,TK-06771,"02 03 09 12 24 26"
6772,TK-06772,"01 03 12 15 21 27"
6773,TK-06773,"02 03 09 11 24 26"
6774,TK-06774,"01 03 08 11 25 26"
6775,TK-06775,"03 05 08 11 21 25"
6776,TK-06776,"01 03 08 11 12 20"
6777,TK-06777,"02 03 08 10 22 24"
6778,TK-06778,"02 03 08 09 10 15"
6779,TK-06779,"03 04 07 17 23 24"
6780,TK-06780,"03 06 07 10 13 16"
6781,TK-06781,"01 03 06 20 21 23"
6782,TK-06782,"02 03 06 19 22 26"
6783,TK-06783,"02 03 06 20 25 26"
6784,TK-06784,"01 03 06 18 19 20"
6785,TK-06785,"02 03 06 17 23 25"
6786,TK-06786,"01 03 06 17 22 25"
6787,TK-06787,"01 03 06 17 19 21"
6788,TK-06788,"01 03 06 16 18 20"
6789,TK-06789,"02 03 06 17 22 24"
6790,TK-06790,"02 03 06 15 24 27"
6791,TK-06791,"01 03 15 22 23 25"
6792,TK-06792,"01 03 06 15 21 27"
6793,TK-06793,"01 03 06 15 19 22"
6794,TK-06794,"01 03 06 15 19 26"
6795,TK-06795,"01 03 06 15 17 24"
6796,TK-06796,"02 03 06 15 17 20"
6797,TK-06797,"01 03 06 15 18 25"
6798,TK-06798,"02 03 06 16 20 23"
6799,TK-06799,"02 03 06 15 16 18"
6800,TK-06800,"01 03 06 14 20 25"
6801,TK-06801,"01 03 06 14 23 26"
6802,TK-06802,"02 03 06 14 21 26"
6803,TK-06803,"02 03 06 19 20 21"
6804,TK-06804,"01 03 06 14 16 26"
6805,TK-06805,"01 03 06 14 15 21"
6806,TK-06806,"01 03 06 13 20 26"
6807,TK-06807,"02 03 06 13 24 26"
6808,TK-06808,"01 03 06 13 18 23"
6809,TK-06809,"01 03 06 18 21 26"
6810,TK-06810,"02 03 06 14 20 27"
6811,TK-06811,"02 03 06 13 14 24"
6812,TK-06812,"01 03 06 12 17 26"
6813,TK-06813,"02 03 06 12 17 21"
6814,TK-06814,"01 03 06 12 19 23"
6815,TK-06815,"02 03 06 12 15 19"
6816,TK-06816,"01 03 06 12 14 22"
6817,TK-06817,"02 03 12 14 20 23"
6818,TK-06818,"02 03 06 14 19 26"
6819,TK-06819,"02 03 12 13 19 24"
6820,TK-06820,"02 03 06 13 17 18"
6821,TK-06821,"01 03 06 11 26 27"
6822,TK-06822,"01 03 06 11 23 25"
6823,TK-06823,"02 03 06 11 20 22"
6824,TK-06824,"02 03 06 11 18 25"
6825,TK-06825,"01 03 06 11 18 21"
6826,TK-06826,"02 03 11 16 17 23"
6827,TK-06827,"01 03 06 11 14 15"
6828,TK-06828,"01 03 06 13 19 25"
6829,TK-06829,"02 03 06 11 23 24"
6830,TK-06830,"02 03 06 12 22 25"
6831,TK-06831,"02 03 06 12 21 27"
6832,TK-06832,"01 03 06 11 12 21"
6833,TK-06833,"02 03 06 10 22 27"
6834,TK-06834,"01 03 06 10 20 24"
6835,TK-06835,"01 03 06 10 19 27"
6836,TK-06836,"01 03 06 10 17 25"
6837,TK-06837,"02 03 06 10 17 23"
6838,TK-06838,"02 03 10 15 26 27"
6839,TK-06839,"02 03 06 10 15 16"
6840,TK-06840,"01 03 06 10 13 26"
6841,TK-06841,"02 03 06 10 14 22"
6842,TK-06842,"01 03 06 10 14 17"
6843,TK-06843,"02 03 06 10 12 26"
6844,TK-06844,"01 03 10 11 17 20"
6845,TK-06845,"02 03 06 11 13 15"
6846,TK-06846,"01 03 06 10 12 25"
6847,TK-06847,"02 03 06 09 23 25"
6848,TK-06848,"01 03 06 09 23 24"
6849,TK-06849,"02 03 09 18 22 25"
6850,TK-06850,"02 03 06 09 17 21"
6851,TK-06851,"02 03 09 15 25 26"
6852,TK-06852,"02 03 09 13 17 24"
6853,TK-06853,"01 03 06 09 13 15"
6854,TK-06854,"03 05 09 12 21 24"
6855,TK-06855,"02 03 06 09 19 21"
6856,TK-06856,"03 04 09 12 17 19"
6857,TK-06857,"01 03 06 09 11 26"
6858,TK-06858,"02 03 06 09 13 27"
6859,TK-06859,"01 03 06 09 10 27"
6860,TK-06860,"02 03 06 09 10 25"
6861,TK-06861,"03 05 09 10 19 23"
6862,TK-06862,"02 03 06 09 16 18"
6863,TK-06863,"01 03 06 10 13 23"
6864,TK-06864,"01 06 09 10 12 19"
6865,TK-06865,"02 03 06 08 21 25"
6866,TK-06866,"01 03 06 08 22 24"
6867,TK-06867,"01 03 06 08 18 26"
6868,TK-06868,"02 03 06 08 18 24"
6869,TK-06869,"01 03 06 08 12 21"
6870,TK-06870,"02 03 08 12 14 17"
6871,TK-06871,"01 03 06 08 15 27"
6872,TK-06872,"01 03 06 08 24 25"
6873,TK-06873,"01 06 08 10 12 17"
6874,TK-06874,"01 03 06 08 09 18"
6875,TK-06875,"01 03 06 07 18 24"
6876,TK-06876,"03 04 07 13 17 27"
6877,TK-06877,"03 05 07 12 13 26"
6878,TK-06878,"01 03 06 07 11 19"
6879,TK-06879,"01 03 06 07 10 19"
6880,TK-06880,"02 03 07 10 14 26"
6881,TK-06881,"01 03 06 07 10 21"
6882,TK-06882,"02 03 07 09 22 26"
6883,TK-06883,"01 03 06 07 09 14"
6884,TK-06884,"01 03 07 09 13 25"
6885,TK-06885,"01 03 07 08 20 25"
6886,TK-06886,"02 03 06 07 18 22"
6887,TK-06887,"02 03 06 07 08 25"
6888,TK-06888,"03 04 06 08 11 24"
6889,TK-06889,"03 04 07 08 10 22"
6890,TK-06890,"02 03 07 08 09 20"
6891,TK-06891,"01 03 05 21 22 23"
6892,TK-06892,"02 03 05 20 26 27"
6893,TK-06893,"01 03 05 20 24 26"
6894,TK-06894,"02 03 05 18 25 27"
6895,TK-06895,"01 03 05 18 19 27"
6896,TK-06896,"02 03 05 16 19 24"
6897,TK-06897,"02 03 05 16 17 23"
6898,TK-06898,"02 03 05 17 19 26"
6899,TK-06899,"02 03 05 15 19 27"
6900,TK-06900,"02 03 05 15 19 25"
6901,TK-06901,"01 03 05 19 23 24"
6902,TK-06902,"02 03 05 15 18 26"
6903,TK-06903,"01 03 05 17 24 26"
6904,TK-06904,"02 03 05 17 21 24"
6905,TK-06905,"02 03 05 17 18 19"
6906,TK-06906,"02 03 05 15 16 22"
6907,TK-06907,"01 03 05 16 17 26"
6908,TK-06908,"01 03 05 14 24 26"
6909,TK-06909,"01 03 05 14 23 25"
6910,TK-06910,"01 03 05 16 21 23"
6911,TK-06911,"02 03 05 14 15 27"
6912,TK-06912,"01 03 05 14 19 20"
6913,TK-06913,"01 03 05 15 17 18"
6914,TK-06914,"01 03 05 13 22 26"
6915,TK-06915,"01 03 05 13 24 25"
6916,TK-06916,"01 03 05 13 16 27"
6917,TK-06917,"02 03 05 13 16 17"
6918,TK-06918,"01 03 05 14 22 24"
6919,TK-06919,"01 03 05 13 21 23"
6920,TK-06920,"02 03 05 13 20 26"
6921,TK-06921,"02 03 05 14 19 24"
6922,TK-06922,"02 03 05 13 18 27"
6923,TK-06923,"02 03 05 14 17 24"
6924,TK-06924,"01 03 05 14 17 21"
6925,TK-06925,"02 03 05 12 22 27"
6926,TK-06926,"01 03 05 12 21 26"
6927,TK-06927,"02 03 05 19 24 27"
6928,TK-06928,"01 03 05 12 18 22"
6929,TK-06929,"02 03 05 12 17 20"
6930,TK-06930,"02 03 05 12 20 23"
6931,TK-06931,"01 03 05 12 14 25"
6932,TK-06932,"02 05 12 13 14 27"
6933,TK-06933,"01 03 05 11 25 26"
6934,TK-06934,"01 03 05 11 20 27"
6935,TK-06935,"02 03 05 17 24 25"
6936,TK-06936,"01 03 05 17 22 27"
6937,TK-06937,"02 03 05 11 16 26"
6938,TK-06938,"01 03 05 11 16 18"
6939,TK-06939,"02 03 11 13 18 23"
6940,TK-06940,"03 04 11 13 17 27"
6941,TK-06941,"03 05 07 12 23 24"
6942,TK-06942,"03 04 11 12 15 16"
6943,TK-06943,"02 03 05 10 18 22"
6944,TK-06944,"02 03 05 10 16 21"
6945,TK-06945,"01 03 05 10 16 17"
6946,TK-06946,"01 03 05 10 15 21"
6947,TK-06947,"01 03 05 10 23 26"
6948,TK-06948,"03 05 07 10 13 23"
6949,TK-06949,"02 03 05 09 20 21"
6950,TK-06950,"01 03 05 09 16 21"
6951,TK-06951,"02 03 05 09 16 17"
6952,TK-06952,"01 03 09 15 18 22"
6953,TK-06953,"02 03 09 15 16 27"
6954,TK-06954,"01 05 09 14 16 19"
6955,TK-06955,"01 03 05 09 14 15"
6956,TK-06956,"02 03 05 09 12 25"
6957,TK-06957,"02 03 05 09 11 26"
6958,TK-06958,"01 03 05 09 10 27"
6959,TK-06959,"03 04 09 10 17 26"
6960,TK-06960,"01 05 09 10 17 22"
6961,TK-06961,"02 03 05 08 17 19"
6962,TK-06962,"01 03 05 08 25 27"
6963,TK-06963,"01 03 05 08 24 26"
6964,TK-06964,"03 04 08 14 24 25"
6965,TK-06965,"02 03 05 08 11 26"
6966,TK-06966,"01 03 05 08 20 23"
6967,TK-06967,"02 03 05 08 09 12"
6968,TK-06968,"02 03 08 09 11 14"
6969,TK-06969,"02 03 05 07 22 23"
6970,TK-06970,"02 03 05 07 23 27"
6971,TK-06971,"02 05 07 19 20 27"
6972,TK-06972,"02 03 05 07 16 26"
6973,TK-06973,"01 03 05 07 15 20"
6974,TK-06974,"02 03 05 07 14 24"
6975,TK-06975,"01 03 05 12 16 27"
6976,TK-06976,"02 03 05 07 10 14"
6977,TK-06977,"01 03 05 07 10 11"
6978,TK-06978,"01 05 07 09 22 25"
6979,TK-06979,"02 03 05 08 22 25"
6980,TK-06980,"01 03 07 08 20 26"
6981,TK-06981,"01 03 07 08 13 24"
6982,TK-06982,"03 04 05 06 24 25"
6983,TK-06983,"02 03 05 06 14 23"
6984,TK-06984,"01 03 05 06 09 12"
6985,TK-06985,"01 03 05 06 08 19"
6986,TK-06986,"01 05 06 07 16 27"
6987,TK-06987,"02 03 04 21 22 24"
6988,TK-06988,"01 03 04 21 24 27"
6989,TK-06989,"02 03 04 20 21 26"
6990,TK-06990,"02 03 04 19 22 26"
6991,TK-06991,"02 03 04 19 21 23"
6992,TK-06992,"01 03 04 18 21 26"
6993,TK-06993,"02 03 04 18 20 22"
6994,TK-06994,"01 03 04 17 23 25"
6995,TK-06995,"01 03 04 17 20 24"
6996,TK-06996,"01 03 04 16 26 27"
6997,TK-06997,"02 03 04 16 17 25"
6998,TK-06998,"01 03 04 16 17 21"
6999,TK-06999,"01 03 04 16 18 19"
7000,TK-07000,"01 03 04 15 20 27"
7001,TK-07001,"03 04 07 15 20 21"
7002,TK-07002,"01 03 04 15 18 25"
7003,TK-07003,"02 03 04 15 16 26"
7004,TK-07004,"01 03 04 14 19 23"
7005,TK-07005,"02 03 04 14 17 23"
7006,TK-07006,"02 03 04 14 16 26"
7007,TK-07007,"01 03 04 13 25 26"
7008,TK-07008,"02 03 04 13 22 26"
7009,TK-07009,"01 03 04 13 20 23"
7010,TK-07010,"01 03 04 13 16 22"
7011,TK-07011,"02 03 04 13 16 19"
7012,TK-07012,"02 03 04 16 18 21"
7013,TK-07013,"02 03 13 15 24 26"
7014,TK-07014,"01 03 04 13 15 16"
7015,TK-07015,"02 03 04 14 20 25"
7016,TK-07016,"01 03 04 12 18 23"
7017,TK-07017,"02 03 04 12 16 24"
7018,TK-07018,"01 03 04 12 19 25"
7019,TK-07019,"01 03 04 12 14 21"
7020,TK-07020,"01 03 04 14 16 17"
7021,TK-07021,"01 03 04 11 24 26"
7022,TK-07022,"01 03 04 11 23 24"
7023,TK-07023,"01 03 04 11 25 26"
7024,TK-07024,"02 03 04 11 19 20"
7025,TK-07025,"01 03 04 11 18 26"
7026,TK-07026,"02 03 04 11 17 21"
7027,TK-07027,"01 03 04 11 25 27"
7028,TK-07028,"02 03 04 11 15 22"
7029,TK-07029,"01 03 04 11 14 21"
7030,TK-07030,"01 03 04 14 19 26"
7031,TK-07031,"01 03 04 11 14 16"
7032,TK-07032,"01 03 04 11 13 14"
7033,TK-07033,"01 03 04 11 12 22"
7034,TK-07034,"01 03 04 10 22 26"
7035,TK-07035,"01 03 10 18 20 21"
7036,TK-07036,"01 03 04 10 17 19"
7037,TK-07037,"01 03 04 10 15 20"
7038,TK-07038,"02 03 04 10 14 21"
7039,TK-07039,"02 03 04 10 14 27"
7040,TK-07040,"02 03 04 13 22 27"
7041,TK-07041,"01 03 10 13 20 25"
7042,TK-07042,"02 03 10 13 20 21"
7043,TK-07043,"03 04 08 10 12 24"
7044,TK-07044,"02 03 04 10 12 18"
7045,TK-07045,"01 03 04 10 12 21"
7046,TK-07046,"02 03 04 10 16 24"
7047,TK-07047,"01 04 09 23 25 26"
7048,TK-07048,"02 04 09 21 22 23"
7049,TK-07049,"01 03 04 09 18 20"
7050,TK-07050,"01 03 04 09 17 23"
7051,TK-07051,"02 03 04 09 17 22"
7052,TK-07052,"03 04 08 14 15 16"
7053,TK-07053,"02 03 04 09 13 18"
7054,TK-07054,"03 04 07 13 15 22"
7055,TK-07055,"01 04 09 12 22 24"
7056,TK-07056,"01 03 04 09 12 27"
7057,TK-07057,"01 03 09 11 16 22"
7058,TK-07058,"02 03 04 09 16 27"
7059,TK-07059,"02 03 04 20 22 23"
7060,TK-07060,"01 03 08 19 24 27"
7061,TK-07061,"01 03 04 08 17 26"
7062,TK-07062,"02 03 04 08 16 24"
7063,TK-07063,"02 03 04 08 21 26"
7064,TK-07064,"01 03 04 08 13 20"
7065,TK-07065,"01 03 08 11 22 23"
7066,TK-07066,"01 04 08 11 14 20"
7067,TK-07067,"02 03 04 08 09 13"
7068,TK-07068,"02 03 04 09 11 18"
7069,TK-07069,"02 03 04 08 10 19"
7070,TK-07070,"02 03 04 07 23 26"
7071,TK-07071,"01 03 04 07 22 25"
7072,TK-07072,"02 03 07 20 24 25"
7073,TK-07073,"01 04 07 18 21 23"
7074,TK-07074,"02 04 07 16 22 26"
7075,TK-07075,"02 03 04 07 12 24"
7076,TK-07076,"02 04 07 12 16 17"
7077,TK-07077,"01 03 04 07 15 19"
7078,TK-07078,"02 03 04 07 11 27"
7079,TK-07079,"02 03 04 11 21 26"
7080,TK-07080,"01 03 04 07 18 24"
7081,TK-07081,"01 03 04 11 15 18"
7082,TK-07082,"01 04 07 11 12 18"
7083,TK-07083,"01 04 06 24 26 27"
7084,TK-07084,"01 03 04 20 21 24"
7085,TK-07085,"02 04 06 18 22 27"
7086,TK-07086,"03 04 05 14 26 27"
7087,TK-07087,"01 03 04 06 15 26"
7088,TK-07088,"01 04 06 11 20 23"
7089,TK-07089,"02 03 04 11 15 27"
7090,TK-07090,"01 03 04 10 14 25"
7091,TK-07091,"01 03 06 07 18 21"
7092,TK-07092,"01 03 04 07 16 18"
7093,TK-07093,"02 04 06 07 09 17"
7094,TK-07094,"02 03 04 05 17 26"
7095,TK-07095,"01 04 05 10 22 23"
7096,TK-07096,"02 03 05 08 13 19"
7097,TK-07097,"01 03 04 05 07 21"
7098,TK-07098,"01 03 04 05 07 18"
7099,TK-07099,"01 03 04 05 06 16"
7100,TK-07100,"02 04 16 18 26 27"
7101,TK-07101,"01 02 14 19 23 25"
7102,TK-07102,"01 02 14 18 20 21"
7103,TK-07103,"01 02 14 18 19 21"
7104,TK-07104,"02 05 14 17 19 27"
7105,TK-07105,"01 02 14 15 25 26"
7106,TK-07106,"01 02 13 21 22 26"
7107,TK-07107,"01 02 13 16 23 25"
7108,TK-07108,"02 04 13 14 19 20"
7109,TK-07109,"01 02 10 19 20 25"
7110,TK-07110,"01 02 18 20 21 24"
7111,TK-07111,"01 02 09 17 26 27"
7112,TK-07112,"01 02 08 21 23 24"
7113,TK-07113,"01 02 08 14 17 26"
7114,TK-07114,"01 02 08 12 26 27"
7115,TK-07115,"01 02 07 19 20 24"
7116,TK-07116,"01 02 07 09 21 23"
7117,TK-07117,"01 02 06 21 23 25"
7118,TK-07118,"01 02 06 22 25 26"
7119,TK-07119,"01 02 06 24 26 27"
7120,TK-07120,"01 02 06 18 19 20"
7121,TK-07121,"01 02 06 17 21 25"
7122,TK-07122,"01 02 06 17 19 27"
7123,TK-07123,"01 02 06 17 20 25"
7124,TK-07124,"02 05 17 18 20 22"
7125,TK-07125,"01 02 06 16 22 27"
7126,TK-07126,"01 02 06 16 20 22"
7127,TK-07127,"01 02 06 15 22 24"
7128,TK-07128,"01 02 06 15 19 22"
7129,TK-07129,"01 02 06 15 18 25"
7130,TK-07130,"01 02 06 15 16 17"
7131,TK-07131,"01 02 14 19 21 22"
7132,TK-07132,"01 02 06 14 16 23"
7133,TK-07133,"01 02 06 16 18 19"
7134,TK-07134,"01 02 06 13 23 27"
7135,TK-07135,"01 02 13 19 23 24"
7136,TK-07136,"01 02 06 13 19 20"
7137,TK-07137,"02 05 13 18 24 25"
7138,TK-07138,"01 02 06 13 16 24"
7139,TK-07139,"02 05 13 15 20 25"
7140,TK-07140,"01 02 06 13 15 27"
7141,TK-07141,"01 02 06 13 14 18"
7142,TK-07142,"01 02 06 12 19 22"
7143,TK-07143,"01 02 06 19 21 25"
7144,TK-07144,"01 02 06 11 24 25"
7145,TK-07145,"01 02 06 11 16 17"
7146,TK-07146,"02 06 08 11 14 18"
7147,TK-07147,"01 02 11 13 21 25"
7148,TK-07148,"01 02 11 13 17 27"
7149,TK-07149,"01 02 11 13 16 25"
7150,TK-07150,"01 02 06 13 14 17"
7151,TK-07151,"01 02 06 11 12 27"
7152,TK-07152,"01 02 06 11 17 20"
7153,TK-07153,"02 05 11 12 16 22"
7154,TK-07154,"02 05 06 11 12 20"
7155,TK-07155,"01 02 10 22 23 24"
7156,TK-07156,"01 02 06 10 19 22"
7157,TK-07157,"01 02 06 10 18 26"
7158,TK-07158,"01 02 10 17 18 21"
7159,TK-07159,"01 02 06 10 15 21"
7160,TK-07160,"01 02 10 14 18 19"
7161,TK-07161,"01 02 10 13 16 22"
7162,TK-07162,"01 02 06 10 13 20"
7163,TK-07163,"01 02 10 12 20 22"
7164,TK-07164,"01 02 06 10 12 15"
7165,TK-07165,"01 02 10 11 18 24"
7166,TK-07166,"01 02 06 09 22 27"
7167,TK-07167,"01 02 06 09 21 26"
7168,TK-07168,"01 02 06 09 19 25"
7169,TK-07169,"01 02 09 18 24 27"
7170,TK-07170,"01 02 09 18 24 25"
7171,TK-07171,"01 02 06 09 23 27"
7172,TK-07172,"01 02 09 14 17 18"
7173,TK-07173,"02 06 07 09 13 20"
7174,TK-07174,"01 02 09 12 22 24"
7175,TK-07175,"02 05 09 12 20 22"
7176,TK-07176,"01 02 09 11 14 26"
7177,TK-07177,"01 02 06 08 19 25"
7178,TK-07178,"01 02 08 17 18 25"
7179,TK-07179,"01 02 06 08 16 23"
7180,TK-07180,"02 06 07 08 22 24"
7181,TK-07181,"01 02 08 14 23 26"
7182,TK-07182,"02 03 06 08 21 27"
7183,TK-07183,"01 02 08 14 16 19"
7184,TK-07184,"02 03 06 08 15 23"
7185,TK-07185,"01 02 06 08 12 27"
7186,TK-07186,"01 02 06 12 14 19"
7187,TK-07187,"01 02 06 07 16 21"
7188,TK-07188,"01 02 06 07 14 19"
7189,TK-07189,"01 02 07 11 24 26"
7190,TK-07190,"01 02 06 07 11 18"
7191,TK-07191,"01 02 06 07 09 27"
7192,TK-07192,"01 02 07 09 19 26"
7193,TK-07193,"01 02 06 07 08 23"
7194,TK-07194,"01 02 05 23 26 27"
7195,TK-07195,"01 02 05 20 24 25"
7196,TK-07196,"01 02 05 22 23 24"
7197,TK-07197,"01 02 05 16 25 27"
7198,TK-07198,"01 02 05 16 19 20"
7199,TK-07199,"01 02 05 17 20 27"
7200,TK-07200,"01 02 05 16 18 24"
7201,TK-07201,"01 02 05 20 22 23"
7202,TK-07202,"01 02 05 22 24 27"
7203,TK-07203,"01 02 05 18 23 27"
7204,TK-07204,"01 02 05 14 19 23"
7205,TK-07205,"01 02 05 14 15 19"
7206,TK-07206,"01 02 05 13 23 25"
7207,TK-07207,"01 02 05 19 22 25"
7208,TK-07208,"01 02 05 13 17 26"
7209,TK-07209,"01 02 05 17 21 27"
7210,TK-07210,"01 02 05 17 21 25"
7211,TK-07211,"01 02 05 17 21 23"
7212,TK-07212,"01 02 05 13 17 20"
7213,TK-07213,"01 02 05 13 16 20"
7214,TK-07214,"01 02 05 12 19 21"
7215,TK-07215,"01 02 05 12 17 25"
7216,TK-07216,"01 02 05 12 14 22"
7217,TK-07217,"01 02 05 11 19 27"
7218,TK-07218,"01 02 05 11 18 19"
7219,TK-07219,"02 03 11 14 15 18"
7220,TK-07220,"01 02 05 11 18 21"
7221,TK-07221,"01 02 05 12 24 27"
7222,TK-07222,"01 02 05 10 22 25"
7223,TK-07223,"01 02 05 10 16 24"
7224,TK-07224,"01 02 05 10 14 21"
7225,TK-07225,"01 02 10 14 15 24"
7226,TK-07226,"01 02 05 10 12 15"
7227,TK-07227,"01 02 05 10 11 26"
7228,TK-07228,"02 04 09 17 18 24"
7229,TK-07229,"01 02 05 09 16 23"
7230,TK-07230,"01 02 05 09 15 26"
7231,TK-07231,"01 02 09 15 19 20"
7232,TK-07232,"01 02 09 14 24 26"
7233,TK-07233,"01 02 05 09 13 18"
7234,TK-07234,"01 05 09 13 14 15"
7235,TK-07235,"01 02 09 11 23 25"
7236,TK-07236,"01 02 09 11 17 23"
7237,TK-07237,"02 05 08 09 11 21"
7238,TK-07238,"01 02 05 09 12 24"
7239,TK-07239,"01 02 09 11 12 13"
7240,TK-07240,"01 02 05 09 10 19"
7241,TK-07241,"02 05 07 08 21 25"
7242,TK-07242,"01 02 05 08 20 25"
7243,TK-07243,"01 02 08 20 24 27"
7244,TK-07244,"01 02 05 08 18 21"
7245,TK-07245,"02 03 08 18 19 23"
7246,TK-07246,"01 02 05 08 17 26"
7247,TK-07247,"01 02 05 08 23 27"
7248,TK-07248,"01 02 05 08 16 22"
7249,TK-07249,"01 05 08 14 16 17"
7250,TK-07250,"01 02 05 08 11 15"
7251,TK-07251,"01 02 05 07 22 26"
7252,TK-07252,"01 02 05 07 20 22"
7253,TK-07253,"01 02 05 07 17 24"
7254,TK-07254,"01 02 05 07 23 25"
7255,TK-07255,"01 02 05 07 16 24"
7256,TK-07256,"01 02 05 07 15 19"
7257,TK-07257,"01 02 07 14 17 20"
7258,TK-07258,"02 04 05 07 15 20"
7259,TK-07259,"01 02 07 11 19 25"
7260,TK-07260,"01 02 05 07 18 25"
7261,TK-07261,"01 02 07 10 15 22"
7262,TK-07262,"01 02 07 10 12 23"
7263,TK-07263,"01 02 05 07 21 26"
7264,TK-07264,"01 05 07 08 15 23"
7265,TK-07265,"02 05 07 10 12 19"
7266,TK-07266,"01 05 06 13 23 26"
7267,TK-07267,"02 04 05 08 11 24"
7268,TK-07268,"02 03 05 06 08 23"
7269,TK-07269,"02 03 05 06 10 21"
7270,TK-07270,"01 02 04 20 21 24"
7271,TK-07271,"01 02 04 18 21 23"
7272,TK-07272,"01 02 04 17 25 26"
7273,TK-07273,"01 02 04 17 19 27"
7274,TK-07274,"01 02 04 16 19 21"
7275,TK-07275,"01 02 04 16 18 20"
7276,TK-07276,"01 02 04 17 19 23"
7277,TK-07277,"01 02 04 15 22 26"
7278,TK-07278,"01 02 04 21 23 27"
7279,TK-07279,"01 02 04 15 18 26"
7280,TK-07280,"02 04 15 18 21 25"
7281,TK-07281,"01 02 04 16 20 25"
7282,TK-07282,"01 02 04 14 23 26"
7283,TK-07283,"02 04 07 17 22 26"
7284,TK-07284,"02 04 06 15 21 27"
7285,TK-07285,"01 02 04 14 20 24"
7286,TK-07286,"01 02 04 13 14 24"
7287,TK-07287,"01 02 04 12 23 24"
7288,TK-07288,"01 02 04 12 18 19"
7289,TK-07289,"01 02 04 12 17 25"
7290,TK-07290,"01 02 12 15 22 25"
7291,TK-07291,"01 02 12 15 18 23"
7292,TK-07292,"02 03 12 13 22 23"
7293,TK-07293,"01 02 04 11 19 26"
7294,TK-07294,"01 02 04 13 18 21"
7295,TK-07295,"01 02 04 12 22 26"
7296,TK-07296,"01 02 04 10 23 25"
7297,TK-07297,"01 02 04 20 23 24"
7298,TK-07298,"01 02 04 10 18 27"
7299,TK-07299,"01 02 04 10 16 26"
7300,TK-07300,"01 02 04 15 16 21"
7301,TK-07301,"02 04 07 13 15 16"
7302,TK-07302,"01 02 04 10 12 22"
7303,TK-07303,"01 02 04 09 16 20"
7304,TK-07304,"02 04 08 15 17 20"
7305,TK-07305,"01 02 04 09 10 17"
7306,TK-07306,"01 02 04 08 25 26"
7307,TK-07307,"01 02 04 08 15 19"
7308,TK-07308,"01 04 08 14 15 23"
7309,TK-07309,"01 04 08 13 22 24"
7310,TK-07310,"02 03 08 11 21 22"
7311,TK-07311,"01 02 04 07 23 27"
7312,TK-07312,"01 02 04 07 14 18"
7313,TK-07313,"01 02 04 07 11 14"
7314,TK-07314,"01 02 04 07 09 21"
7315,TK-07315,"02 03 06 13 21 23"
7316,TK-07316,"02 03 06 12 16 25"
7317,TK-07317,"02 03 04 06 18 19"
7318,TK-07318,"01 02 04 06 11 21"
7319,TK-07319,"01 02 06 09 16 25"
7320,TK-07320,"02 04 05 06 22 26"
7321,TK-07321,"02 04 05 06 07 26"
7322,TK-07322,"01 02 06 07 14 25"
7323,TK-07323,"02 04 06 07 13 24"
7324,TK-07324,"01 04 05 07 23 24"
7325,TK-07325,"01 02 03 21 22 23"
7326,TK-07326,"01 02 03 17 24 27"
7327,TK-07327,"01 02 03 18 20 27"
7328,TK-07328,"01 02 03 16 17 26"
7329,TK-07329,"01 02 03 15 20 21"
7330,TK-07330,"01 02 03 15 19 22"
7331,TK-07331,"01 02 03 15 17 23"
7332,TK-07332,"01 02 03 14 16 27"
7333,TK-07333,"01 02 03 16 17 18"
7334,TK-07334,"01 02 03 13 19 22"
7335,TK-07335,"01 02 03 14 17 19"
7336,TK-07336,"01 02 03 12 24 25"
7337,TK-07337,"01 02 03 12 16 20"
7338,TK-07338,"01 02 03 12 17 25"
7339,TK-07339,"02 03 11 23 26 27"
7340,TK-07340,"01 02 03 13 22 24"
7341,TK-07341,"01 02 03 12 15 26"
7342,TK-07342,"01 02 03 10 21 23"
7343,TK-07343,"01 02 03 10 16 19"
7344,TK-07344,"01 02 03 10 14 23"
7345,TK-07345,"01 02 03 10 14 17"
7346,TK-07346,"01 03 10 12 23 27"
7347,TK-07347,"01 02 03 10 11 25"
7348,TK-07348,"01 02 03 10 11 13"
7349,TK-07349,"01 02 03 09 23 27"
7350,TK-07350,"01 02 03 09 15 18"
7351,TK-07351,"02 03 09 12 14 18"
7352,TK-07352,"01 02 03 09 24 27"
7353,TK-07353,"01 02 03 08 25 26"
7354,TK-07354,"01 02 03 08 16 27"
7355,TK-07355,"01 02 03 08 20 26"
7356,TK-07356,"02 03 07 15 18 22"
7357,TK-07357,"01 02 03 14 16 22"
7358,TK-07358,"01 02 03 14 15 26"
7359,TK-07359,"01 02 08 12 15 20"
7360,TK-07360,"01 02 03 07 18 25"
7361,TK-07361,"01 03 07 13 21 22"
7362,TK-07362,"01 02 03 07 13 23"
7363,TK-07363,"01 03 07 13 15 19"
7364,TK-07364,"01 03 07 11 12 18"
7365,TK-07365,"01 02 03 10 11 19"
7366,TK-07366,"01 02 03 08 19 26"
7367,TK-07367,"01 03 06 08 13 20"
7368,TK-07368,"01 02 05 21 22 26"
7369,TK-07369,"01 02 03 05 20 22"
7370,TK-07370,"01 02 03 05 10 24"
7371,TK-07371,"01 02 03 05 15 23"
7372,TK-07372,"01 02 03 05 08 18"
7373,TK-07373,"01 02 03 04 17 19"
7374,TK-07374,"01 02 04 12 25 26"
7375,TK-07375,"01 02 04 11 14 24"
7376,TK-07376,"01 03 04 08 12 22"
7377,TK-07377,"01 02 03 04 07 10"
7378,TK-07378,"01 05 20 21 24 27"
7379,TK-07379,"01 02 20 21 24 26"
7380,TK-07380,"01 02 14 21 22 27"
7381,TK-07381,"01 04 17 20 21 22"
7382,TK-07382,"01 06 12 19 24 26"
7383,TK-07383,"01 06 17 18 21 23"
7384,TK-07384,"01 04 11 16 17 24"
7385,TK-07385,"01 05 10 18 21 24"
7386,TK-07386,"01 06 10 12 18 25"
7387,TK-07387,"01 05 11 13 17 21"
7388,TK-07388,"01 03 17 20 22 27"
7389,TK-07389,"01 05 09 12 17 22"
7390,TK-07390,"01 03 09 13 21 27"
7391,TK-07391,"01 06 09 14 18 24"
7392,TK-07392,"01 05 08 13 20 25"
7393,TK-07393,"01 04 11 17 18 22"
7394,TK-07394,"01 04 13 19 22 25"
7395,TK-07395,"01 04 07 12 20 24"
7396,TK-07396,"01 02 07 25 26 27"
7397,TK-07397,"01 04 07 08 16 27"
7398,TK-07398,"01 08 21 22 23 26"
7399,TK-07399,"01 06 07 20 24 27"
7400,TK-07400,"01 06 18 23 26 27"
7401,TK-07401,"01 02 17 24 25 27"
7402,TK-07402,"01 06 08 17 23 25"
7403,TK-07403,"01 05 17 19 23 26"
7404,TK-07404,"01 02 06 17 22 27"
7405,TK-07405,"01 03 16 18 25 26"
7406,TK-07406,"01 02 15 19 20 27"
7407,TK-07407,"01 03 06 14 23 27"
7408,TK-07408,"01 04 14 21 26 27"
7409,TK-07409,"01 03 14 16 20 21"
7410,TK-07410,"01 05 14 15 23 24"
7411,TK-07411,"01 06 08 15 19 24"
7412,TK-07412,"01 06 08 18 20 21"
7413,TK-07413,"01 06 07 13 17 19"
7414,TK-07414,"01 05 13 15 21 22"
7415,TK-07415,"01 02 13 14 25 26"
7416,TK-07416,"01 04 12 15 19 27"
7417,TK-07417,"01 05 06 11 20 25"
7418,TK-07418,"01 05 06 11 16 21"
7419,TK-07419,"01 06 11 12 22 24"
7420,TK-07420,"01 02 06 10 17 18"
7421,TK-07421,"01 02 10 14 25 26"
7422,TK-07422,"01 06 08 10 11 19"
7423,TK-07423,"01 06 08 10 12 16"
7424,TK-07424,"01 05 09 19 21 23"
7425,TK-07425,"01 05 06 09 15 20"
7426,TK-07426,"01 03 06 09 16 17"
7427,TK-07427,"01 04 06 14 15 16"
7428,TK-07428,"01 02 09 13 22 25"
7429,TK-07429,"01 04 09 11 20 27"
7430,TK-07430,"01 06 07 10 20 21"
7431,TK-07431,"01 05 09 10 17 23"
7432,TK-07432,"01 03 09 10 16 20"
7433,TK-07433,"01 03 08 19 22 23"
7434,TK-07434,"01 05 08 09 19 22"
7435,TK-07435,"01 06 07 24 25 26"
7436,TK-07436,"01 05 07 11 21 22"
7437,TK-07437,"01 03 05 19 22 24"
7438,TK-07438,"01 02 05 16 20 26"
7439,TK-07439,"01 05 07 16 19 22"
7440,TK-07440,"01 04 05 17 20 25"
7441,TK-07441,"01 03 05 17 19 25"
7442,TK-07442,"01 05 08 16 19 24"
7443,TK-07443,"01 05 07 14 24 25"
7444,TK-07444,"01 04 13 19 26 27"
7445,TK-07445,"01 05 07 19 20 23"
7446,TK-07446,"01 05 13 15 26 27"
7447,TK-07447,"01 04 12 15 20 25"
7448,TK-07448,"01 04 05 12 15 23"
7449,TK-07449,"01 03 12 13 16 26"
7450,TK-07450,"01 05 08 11 14 16"
7451,TK-07451,"01 05 08 11 21 25"
7452,TK-07452,"01 04 05 10 16 25"
7453,TK-07453,"01 04 05 10 18 27"
7454,TK-07454,"01 05 10 14 15 25"
7455,TK-07455,"01 04 09 19 24 27"
7456,TK-07456,"01 04 09 15 17 24"
7457,TK-07457,"01 05 09 13 22 27"
7458,TK-07458,"01 05 09 11 14 27"
7459,TK-07459,"01 04 09 10 12 25"
7460,TK-07460,"01 04 08 19 25 26"
7461,TK-07461,"01 02 08 18 22 24"
7462,TK-07462,"01 04 05 08 13 15"
7463,TK-07463,"01 04 05 12 17 27"
7464,TK-07464,"01 03 04 19 21 25"
7465,TK-07465,"01 02 04 20 24 26"
7466,TK-07466,"01 04 16 23 24 26"
7467,TK-07467,"01 03 15 17 21 26"
7468,TK-07468,"01 04 13 16 17 27"
7469,TK-07469,"01 04 07 13 15 20"
7470,TK-07470,"01 02 12 13 16 21"
7471,TK-07471,"01 02 04 11 15 25"
7472,TK-07472,"01 04 08 14 17 27"
7473,TK-07473,"01 03 11 12 17 19"
7474,TK-07474,"01 03 10 18 19 22"
7475,TK-07475,"01 02 04 10 12 20"
7476,TK-07476,"01 04 09 13 16 24"
7477,TK-07477,"01 02 04 09 19 26"
7478,TK-07478,"01 04 08 09 18 23"
7479,TK-07479,"01 04 07 11 15 24"
7480,TK-07480,"01 03 07 14 17 23"
7481,TK-07481,"01 02 07 10 11 22"
7482,TK-07482,"01 04 06 08 17 20"
7483,TK-07483,"01 04 07 08 12 19"
7484,TK-07484,"01 02 04 05 11 20"
7485,TK-07485,"01 04 05 07 15 16"
7486,TK-07486,"01 02 05 07 13 14"
7487,TK-07487,"01 03 05 19 21 23"
7488,TK-07488,"01 03 07 16 19 26"
7489,TK-07489,"01 03 08 18 20 22"
7490,TK-07490,"01 03 12 20 22 23"
7491,TK-07491,"01 03 11 15 19 25"
7492,TK-07492,"01 03 11 13 15 20"
7493,TK-07493,"01 03 08 10 21 26"
7494,TK-07494,"01 03 09 18 21 24"
7495,TK-07495,"01 03 06 08 16 20"
7496,TK-07496,"01 03 06 13 18 27"
7497,TK-07497,"01 03 08 12 13 14"
7498,TK-07498,"01 03 07 09 17 25"
7499,TK-07499,"01 02 07 10 18 26"
7500,TK-07500,"01 03 05 07 09 25"
7501,TK-07501,"01 02 13 17 22 23"
7502,TK-07502,"01 02 05 12 23 26"
7503,TK-07503,"01 02 12 15 17 21"
7504,TK-07504,"01 02 03 19 24 27"
7505,TK-07505,"01 02 07 08 10 12"
7506,TK-07506,"01 02 03 07 09 25"
7507,TK-07507,"01 02 04 10 11 23"
7508,TK-07508,"01 02 04 05 06 10"
7509,TK-07509,"01 02 03 07 15 24"
7510,TK-07510,"01 02 03 11 21 27"
