PriorityRank,TicketID,Numbers
1,TK-0001,"01 02 03 04 05 24"
2,TK-0002,"01 02 03 04 06 26"
3,TK-0003,"01 02 03 04 07 23"
4,TK-0004,"01 02 03 04 08 27"
5,TK-0005,"01 02 03 05 06 15"
6,TK-0006,"01 02 03 05 06 16"
7,TK-0007,"01 02 03 05 07 11"
8,TK-0008,"01 02 03 05 08 25"
9,TK-0009,"01 02 03 06 07 24"
10,TK-0010,"01 02 03 06 08 22"
11,TK-0011,"01 02 03 06 11 14"
12,TK-0012,"01 02 03 07 08 13"
13,TK-0013,"01 02 03 07 08 15"
14,TK-0014,"01 02 03 07 08 26"
15,TK-0015,"01 02 03 07 09 12"
16,TK-0016,"01 02 03 07 12 18"
17,TK-0017,"01 02 03 07 18 27"
18,TK-0018,"01 02 03 08 10 18"
19,TK-0019,"01 02 03 08 14 23"
20,TK-0020,"01 02 03 09 11 15"
21,TK-0021,"01 02 03 09 11 25"
22,TK-0022,"01 02 03 09 16 18"
23,TK-0023,"01 02 03 09 19 21"
24,TK-0024,"01 02 03 09 21 26"
25,TK-0025,"01 02 03 09 23 25"
26,TK-0026,"01 02 03 09 26 27"
27,TK-0027,"01 02 03 10 16 24"
28,TK-0028,"01 02 03 10 18 20"
29,TK-0029,"01 02 03 10 18 22"
30,TK-0030,"01 02 03 11 13 19"
31,TK-0031,"01 02 03 11 15 24"
32,TK-0032,"01 02 03 11 17 20"
33,TK-0033,"01 02 03 11 23 25"
34,TK-0034,"01 02 03 12 13 20"
35,TK-0035,"01 02 03 12 13 21"
36,TK-0036,"01 02 03 12 13 24"
37,TK-0037,"01 02 03 12 14 19"
38,TK-0038,"01 02 03 12 15 26"
39,TK-0039,"01 02 03 12 23 24"
40,TK-0040,"01 02 03 12 24 25"
41,TK-0041,"01 02 03 13 14 21"
42,TK-0042,"01 02 03 13 17 24"
43,TK-0043,"01 02 03 13 22 23"
44,TK-0044,"01 02 03 13 22 26"
45,TK-0045,"01 02 03 14 15 19"
46,TK-0046,"01 02 03 14 16 24"
47,TK-0047,"01 02 03 14 17 23"
48,TK-0048,"01 02 03 14 21 22"
49,TK-0049,"01 02 03 15 16 18"
50,TK-0050,"01 02 03 15 16 27"
51,TK-0051,"01 02 03 15 20 25"
52,TK-0052,"01 02 03 15 23 24"
53,TK-0053,"01 02 03 16 18 27"
54,TK-0054,"01 02 03 16 19 22"
55,TK-0055,"01 02 03 16 21 24"
56,TK-0056,"01 02 03 16 21 27"
57,TK-0057,"01 02 03 17 18 24"
58,TK-0058,"01 02 03 17 21 23"
59,TK-0059,"01 02 03 17 24 26"
60,TK-0060,"01 02 03 17 26 27"
61,TK-0061,"01 02 03 18 20 21"
62,TK-0062,"01 02 03 18 20 25"
63,TK-0063,"01 02 03 19 24 27"
64,TK-0064,"01 02 03 20 23 26"
65,TK-0065,"01 02 03 21 22 26"
66,TK-0066,"01 02 03 21 24 26"
67,TK-0067,"01 02 03 21 26 27"
68,TK-0068,"01 02 03 22 23 25"
69,TK-0069,"01 02 03 22 23 26"
70,TK-0070,"01 02 03 25 26 27"
71,TK-0071,"01 02 04 05 06 13"
72,TK-0072,"01 02 04 05 06 25"
73,TK-0073,"01 02 04 05 07 21"
74,TK-0074,"01 02 04 06 07 22"
75,TK-0075,"01 02 04 06 08 18"
76,TK-0076,"01 02 04 06 11 16"
77,TK-0077,"01 02 04 07 08 17"
78,TK-0078,"01 02 04 07 10 16"
79,TK-0079,"01 02 04 07 15 19"
80,TK-0080,"01 02 04 08 09 11"
81,TK-0081,"01 02 04 08 10 15"
82,TK-0082,"01 02 04 08 10 21"
83,TK-0083,"01 02 04 08 11 18"
84,TK-0084,"01 02 04 08 12 23"
85,TK-0085,"01 02 04 09 12 19"
86,TK-0086,"01 02 04 09 14 21"
87,TK-0087,"01 02 04 09 16 20"
88,TK-0088,"01 02 04 09 20 26"
89,TK-0089,"01 02 04 09 22 25"
90,TK-0090,"01 02 04 09 23 25"
91,TK-0091,"01 02 04 10 11 21"
92,TK-0092,"01 02 04 10 12 27"
93,TK-0093,"01 02 04 10 14 19"
94,TK-0094,"01 02 04 10 17 19"
95,TK-0095,"01 02 04 10 20 26"
96,TK-0096,"01 02 04 11 13 20"
97,TK-0097,"01 02 04 11 13 25"
98,TK-0098,"01 02 04 11 15 19"
99,TK-0099,"01 02 04 11 20 22"
100,TK-0100,"01 02 04 11 23 24"
101,TK-0101,"01 02 04 12 14 23"
102,TK-0102,"01 02 04 12 14 27"
103,TK-0103,"01 02 04 12 15 22"
104,TK-0104,"01 02 04 12 23 27"
105,TK-0105,"01 02 04 12 24 25"
106,TK-0106,"01 02 04 12 24 26"
107,TK-0107,"01 02 04 13 14 23"
108,TK-0108,"01 02 04 13 15 21"
109,TK-0109,"01 02 04 13 17 25"
110,TK-0110,"01 02 04 13 18 25"
111,TK-0111,"01 02 04 13 18 27"
112,TK-0112,"01 02 04 14 16 20"
113,TK-0113,"01 02 04 14 17 27"
114,TK-0114,"01 02 04 14 20 27"
115,TK-0115,"01 02 04 14 22 24"
116,TK-0116,"01 02 04 15 16 26"
117,TK-0117,"01 02 04 15 17 22"
118,TK-0118,"01 02 04 15 18 21"
119,TK-0119,"01 02 04 15 23 26"
120,TK-0120,"01 02 04 16 17 22"
121,TK-0121,"01 02 04 16 17 27"
122,TK-0122,"01 02 04 16 19 22"
123,TK-0123,"01 02 04 16 21 27"
124,TK-0124,"01 02 04 16 24 27"
125,TK-0125,"01 02 04 17 18 23"
126,TK-0126,"01 02 04 17 20 21"
127,TK-0127,"01 02 04 18 19 27"
128,TK-0128,"01 02 04 18 20 23"
129,TK-0129,"01 02 04 18 20 26"
130,TK-0130,"01 02 04 19 20 24"
131,TK-0131,"01 02 04 19 20 25"
132,TK-0132,"01 02 04 19 21 25"
133,TK-0133,"01 02 04 19 22 23"
134,TK-0134,"01 02 04 19 24 27"
135,TK-0135,"01 02 04 20 26 27"
136,TK-0136,"01 02 04 21 22 24"
137,TK-0137,"01 02 05 06 08 15"
138,TK-0138,"01 02 05 06 09 20"
139,TK-0139,"01 02 05 06 11 22"
140,TK-0140,"01 02 05 07 08 18"
141,TK-0141,"01 02 05 07 14 19"
142,TK-0142,"01 02 05 07 14 20"
143,TK-0143,"01 02 05 08 12 21"
144,TK-0144,"01 02 05 09 10 19"
145,TK-0145,"01 02 05 09 10 21"
146,TK-0146,"01 02 05 09 13 26"
147,TK-0147,"01 02 05 09 14 15"
148,TK-0148,"01 02 05 09 16 17"
149,TK-0149,"01 02 05 10 11 20"
150,TK-0150,"01 02 05 10 11 22"
151,TK-0151,"01 02 05 10 11 23"
152,TK-0152,"01 02 05 10 13 27"
153,TK-0153,"01 02 05 10 17 21"
154,TK-0154,"01 02 05 10 18 26"
155,TK-0155,"01 02 05 10 25 26"
156,TK-0156,"01 02 05 11 14 24"
157,TK-0157,"01 02 05 11 16 17"
158,TK-0158,"01 02 05 11 17 19"
159,TK-0159,"01 02 05 11 17 26"
160,TK-0160,"01 02 05 11 21 27"
161,TK-0161,"01 02 05 12 14 18"
162,TK-0162,"01 02 05 12 15 25"
163,TK-0163,"01 02 05 12 16 20"
164,TK-0164,"01 02 05 12 17 22"
165,TK-0165,"01 02 05 12 19 27"
166,TK-0166,"01 02 05 12 20 23"
167,TK-0167,"01 02 05 12 20 26"
168,TK-0168,"01 02 05 13 14 25"
169,TK-0169,"01 02 05 13 15 22"
170,TK-0170,"01 02 05 13 16 24"
171,TK-0171,"01 02 05 13 17 20"
172,TK-0172,"01 02 05 13 17 22"
173,TK-0173,"01 02 05 13 18 20"
174,TK-0174,"01 02 05 13 22 23"
175,TK-0175,"01 02 05 14 17 21"
176,TK-0176,"01 02 05 15 16 19"
177,TK-0177,"01 02 05 15 17 23"
178,TK-0178,"01 02 05 15 20 23"
179,TK-0179,"01 02 05 15 20 24"
180,TK-0180,"01 02 05 15 24 25"
181,TK-0181,"01 02 05 16 18 27"
182,TK-0182,"01 02 05 16 22 25"
183,TK-0183,"01 02 05 16 23 24"
184,TK-0184,"01 02 05 16 23 25"
185,TK-0185,"01 02 05 17 23 27"
186,TK-0186,"01 02 05 17 24 27"
187,TK-0187,"01 02 05 18 20 24"
188,TK-0188,"01 02 05 18 22 24"
189,TK-0189,"01 02 05 18 23 25"
190,TK-0190,"01 02 05 18 23 26"
191,TK-0191,"01 02 05 18 26 27"
192,TK-0192,"01 02 05 19 21 25"
193,TK-0193,"01 02 05 19 22 26"
194,TK-0194,"01 02 05 20 25 27"
195,TK-0195,"01 02 05 21 23 26"
196,TK-0196,"01 02 06 07 08 16"
197,TK-0197,"01 02 06 07 10 14"
198,TK-0198,"01 02 06 07 11 20"
199,TK-0199,"01 02 06 07 12 27"
200,TK-0200,"01 02 06 08 09 12"
201,TK-0201,"01 02 06 08 10 20"
202,TK-0202,"01 02 06 09 15 18"
203,TK-0203,"01 02 06 09 18 19"
204,TK-0204,"01 02 06 09 22 26"
205,TK-0205,"01 02 06 09 22 27"
206,TK-0206,"01 02 06 09 23 24"
207,TK-0207,"01 02 06 10 11 15"
208,TK-0208,"01 02 06 10 12 18"
209,TK-0209,"01 02 06 10 14 16"
210,TK-0210,"01 02 06 10 22 23"
211,TK-0211,"01 02 06 10 24 26"
212,TK-0212,"01 02 06 10 25 26"
213,TK-0213,"01 02 06 11 12 22"
214,TK-0214,"01 02 06 11 13 22"
215,TK-0215,"01 02 06 11 17 26"
216,TK-0216,"01 02 06 11 19 20"
217,TK-0217,"01 02 06 11 21 25"
218,TK-0218,"01 02 06 12 13 26"
219,TK-0219,"01 02 06 12 16 20"
220,TK-0220,"01 02 06 12 17 22"
221,TK-0221,"01 02 06 13 14 20"
222,TK-0222,"01 02 06 13 14 25"
223,TK-0223,"01 02 06 13 18 27"
224,TK-0224,"01 02 06 13 19 25"
225,TK-0225,"01 02 06 13 20 23"
226,TK-0226,"01 02 06 13 23 24"
227,TK-0227,"01 02 06 13 23 27"
228,TK-0228,"01 02 06 14 15 26"
229,TK-0229,"01 02 06 14 16 18"
230,TK-0230,"01 02 06 14 16 20"
231,TK-0231,"01 02 06 14 19 27"
232,TK-0232,"01 02 06 14 20 24"
233,TK-0233,"01 02 06 14 24 27"
234,TK-0234,"01 02 06 14 25 26"
235,TK-0235,"01 02 06 14 25 27"
236,TK-0236,"01 02 06 15 16 20"
237,TK-0237,"01 02 06 15 21 24"
238,TK-0238,"01 02 06 15 21 27"
239,TK-0239,"01 02 06 16 17 24"
240,TK-0240,"01 02 06 16 18 20"
241,TK-0241,"01 02 06 16 21 23"
242,TK-0242,"01 02 06 16 23 26"
243,TK-0243,"01 02 06 17 19 25"
244,TK-0244,"01 02 06 17 20 26"
245,TK-0245,"01 02 06 17 21 23"
246,TK-0246,"01 02 06 17 24 25"
247,TK-0247,"01 02 06 18 25 27"
248,TK-0248,"01 02 06 19 20 25"
249,TK-0249,"01 02 06 19 22 27"
250,TK-0250,"01 02 06 21 22 27"
251,TK-0251,"01 02 07 08 09 25"
252,TK-0252,"01 02 07 09 11 22"
253,TK-0253,"01 02 07 09 14 19"
254,TK-0254,"01 02 07 09 18 24"
255,TK-0255,"01 02 07 09 26 27"
256,TK-0256,"01 02 07 10 11 24"
257,TK-0257,"01 02 07 10 12 25"
258,TK-0258,"01 02 07 10 14 18"
259,TK-0259,"01 02 07 10 14 26"
260,TK-0260,"01 02 07 10 15 17"
261,TK-0261,"01 02 07 11 12 19"
262,TK-0262,"01 02 07 11 13 22"
263,TK-0263,"01 02 07 11 18 19"
264,TK-0264,"01 02 07 11 20 27"
265,TK-0265,"01 02 07 11 21 25"
266,TK-0266,"01 02 07 11 24 26"
267,TK-0267,"01 02 07 12 13 26"
268,TK-0268,"01 02 07 12 14 26"
269,TK-0269,"01 02 07 12 21 22"
270,TK-0270,"01 02 07 13 14 18"
271,TK-0271,"01 02 07 13 15 20"
272,TK-0272,"01 02 07 13 16 19"
273,TK-0273,"01 02 07 13 23 24"
274,TK-0274,"01 02 07 14 17 20"
275,TK-0275,"01 02 07 14 19 22"
276,TK-0276,"01 02 07 14 20 23"
277,TK-0277,"01 02 07 15 16 21"
278,TK-0278,"01 02 07 15 17 24"
279,TK-0279,"01 02 07 15 21 23"
280,TK-0280,"01 02 07 15 21 24"
281,TK-0281,"01 02 07 15 22 23"
282,TK-0282,"01 02 07 15 23 27"
283,TK-0283,"01 02 07 16 23 25"
284,TK-0284,"01 02 07 16 23 26"
285,TK-0285,"01 02 07 16 24 27"
286,TK-0286,"01 02 07 17 18 20"
287,TK-0287,"01 02 07 17 19 21"
288,TK-0288,"01 02 07 17 22 26"
289,TK-0289,"01 02 07 18 21 27"
290,TK-0290,"01 02 07 18 22 24"
291,TK-0291,"01 02 07 18 25 27"
292,TK-0292,"01 02 07 19 20 26"
293,TK-0293,"01 02 07 19 22 27"
294,TK-0294,"01 02 07 20 22 27"
295,TK-0295,"01 02 07 20 25 26"
296,TK-0296,"01 02 07 22 24 27"
297,TK-0297,"01 02 08 09 10 20"
298,TK-0298,"01 02 08 09 12 18"
299,TK-0299,"01 02 08 09 13 27"
300,TK-0300,"01 02 08 09 14 15"
301,TK-0301,"01 02 08 09 17 24"
302,TK-0302,"01 02 08 09 19 22"
303,TK-0303,"01 02 08 09 20 23"
304,TK-0304,"01 02 08 10 14 17"
305,TK-0305,"01 02 08 10 15 26"
306,TK-0306,"01 02 08 10 19 27"
307,TK-0307,"01 02 08 10 21 26"
308,TK-0308,"01 02 08 10 22 27"
309,TK-0309,"01 02 08 10 23 24"
310,TK-0310,"01 02 08 11 12 19"
311,TK-0311,"01 02 08 11 12 27"
312,TK-0312,"01 02 08 11 13 22"
313,TK-0313,"01 02 08 11 16 25"
314,TK-0314,"01 02 08 11 18 24"
315,TK-0315,"01 02 08 11 20 23"
316,TK-0316,"01 02 08 12 13 22"
317,TK-0317,"01 02 08 12 15 23"
318,TK-0318,"01 02 08 12 16 26"
319,TK-0319,"01 02 08 12 18 25"
320,TK-0320,"01 02 08 12 19 24"
321,TK-0321,"01 02 08 12 19 25"
322,TK-0322,"01 02 08 13 16 20"
323,TK-0323,"01 02 08 13 17 18"
324,TK-0324,"01 02 08 13 19 26"
325,TK-0325,"01 02 08 13 19 27"
326,TK-0326,"01 02 08 14 15 20"
327,TK-0327,"01 02 08 14 15 23"
328,TK-0328,"01 02 08 14 17 25"
329,TK-0329,"01 02 08 14 19 27"
330,TK-0330,"01 02 08 14 22 26"
331,TK-0331,"01 02 08 15 17 20"
332,TK-0332,"01 02 08 15 24 27"
333,TK-0333,"01 02 08 15 25 26"
334,TK-0334,"01 02 08 16 17 19"
335,TK-0335,"01 02 08 16 18 23"
336,TK-0336,"01 02 08 16 18 24"
337,TK-0337,"01 02 08 16 19 23"
338,TK-0338,"01 02 08 16 20 25"
339,TK-0339,"01 02 08 17 20 22"
340,TK-0340,"01 02 08 17 21 26"
341,TK-0341,"01 02 08 18 21 24"
342,TK-0342,"01 02 08 18 21 26"
343,TK-0343,"01 02 08 20 23 24"
344,TK-0344,"01 02 08 21 23 27"
345,TK-0345,"01 02 08 22 24 25"
346,TK-0346,"01 02 09 10 11 16"
347,TK-0347,"01 02 09 10 11 24"
348,TK-0348,"01 02 09 10 12 20"
349,TK-0349,"01 02 09 10 13 17"
350,TK-0350,"01 02 09 10 16 23"
351,TK-0351,"01 02 09 10 20 21"
352,TK-0352,"01 02 09 11 13 16"
353,TK-0353,"01 02 09 11 13 27"
354,TK-0354,"01 02 09 12 13 18"
355,TK-0355,"01 02 09 12 14 27"
356,TK-0356,"01 02 09 13 20 27"
357,TK-0357,"01 02 09 13 21 27"
358,TK-0358,"01 02 09 13 22 26"
359,TK-0359,"01 02 09 14 17 19"
360,TK-0360,"01 02 09 15 16 22"
361,TK-0361,"01 02 09 15 18 24"
362,TK-0362,"01 02 09 15 21 22"
363,TK-0363,"01 02 09 16 19 20"
364,TK-0364,"01 02 09 17 19 25"
365,TK-0365,"01 02 09 17 20 22"
366,TK-0366,"01 02 09 20 23 24"
367,TK-0367,"01 02 10 11 12 24"
368,TK-0368,"01 02 10 11 13 25"
369,TK-0369,"01 02 10 11 15 25"
370,TK-0370,"01 02 10 11 17 24"
371,TK-0371,"01 02 10 11 21 24"
372,TK-0372,"01 02 10 13 15 19"
373,TK-0373,"01 02 10 13 15 23"
374,TK-0374,"01 02 10 13 16 25"
375,TK-0375,"01 02 10 13 24 27"
376,TK-0376,"01 02 10 14 15 27"
377,TK-0377,"01 02 10 14 16 24"
378,TK-0378,"01 02 10 14 18 22"
379,TK-0379,"01 02 10 14 20 23"
380,TK-0380,"01 02 10 15 18 20"
381,TK-0381,"01 02 10 15 22 24"
382,TK-0382,"01 02 10 16 17 26"
383,TK-0383,"01 02 10 17 18 23"
384,TK-0384,"01 02 10 18 19 22"
385,TK-0385,"01 02 10 19 23 25"
386,TK-0386,"01 02 10 20 24 27"
387,TK-0387,"01 02 10 21 23 26"
388,TK-0388,"01 02 10 24 25 26"
389,TK-0389,"01 02 11 12 13 14"
390,TK-0390,"01 02 11 12 14 26"
391,TK-0391,"01 02 11 12 15 21"
392,TK-0392,"01 02 11 12 16 17"
393,TK-0393,"01 02 11 14 15 23"
394,TK-0394,"01 02 11 14 17 22"
395,TK-0395,"01 02 11 14 18 27"
396,TK-0396,"01 02 11 15 21 26"
397,TK-0397,"01 02 11 16 17 25"
398,TK-0398,"01 02 11 16 18 26"
399,TK-0399,"01 02 11 16 20 26"
400,TK-0400,"01 02 11 17 25 26"
401,TK-0401,"01 02 11 20 24 25"
402,TK-0402,"01 02 12 13 14 20"
403,TK-0403,"01 02 12 13 15 23"
404,TK-0404,"01 02 12 13 25 26"
405,TK-0405,"01 02 12 14 21 25"
406,TK-0406,"01 02 12 14 24 26"
407,TK-0407,"01 02 12 14 25 27"
408,TK-0408,"01 02 12 15 16 18"
409,TK-0409,"01 02 12 15 16 21"
410,TK-0410,"01 02 12 16 18 27"
411,TK-0411,"01 02 12 17 19 20"
412,TK-0412,"01 02 12 19 21 23"
413,TK-0413,"01 02 13 14 15 25"
414,TK-0414,"01 02 13 14 16 23"
415,TK-0415,"01 02 13 14 22 24"
416,TK-0416,"01 02 13 15 17 27"
417,TK-0417,"01 02 13 16 23 24"
418,TK-0418,"01 02 13 18 23 27"
419,TK-0419,"01 02 13 20 21 25"
420,TK-0420,"01 02 14 15 18 24"
421,TK-0421,"01 02 14 16 22 23"
422,TK-0422,"01 02 14 16 23 27"
423,TK-0423,"01 02 14 17 18 21"
424,TK-0424,"01 02 14 17 22 24"
425,TK-0425,"01 02 14 18 19 23"
426,TK-0426,"01 02 15 16 17 20"
427,TK-0427,"01 02 15 18 23 24"
428,TK-0428,"01 02 16 17 22 25"
429,TK-0429,"01 02 16 18 19 26"
430,TK-0430,"01 02 23 24 25 27"
431,TK-0431,"01 03 04 05 06 23"
432,TK-0432,"01 03 04 05 07 16"
433,TK-0433,"01 03 04 05 10 21"
434,TK-0434,"01 03 04 06 07 17"
435,TK-0435,"01 03 04 06 08 25"
436,TK-0436,"01 03 04 06 12 13"
437,TK-0437,"01 03 04 07 08 25"
438,TK-0438,"01 03 04 07 11 13"
439,TK-0439,"01 03 04 07 12 20"
440,TK-0440,"01 03 04 08 12 14"
441,TK-0441,"01 03 04 09 10 14"
442,TK-0442,"01 03 04 09 13 26"
443,TK-0443,"01 03 04 09 15 16"
444,TK-0444,"01 03 04 09 16 18"
445,TK-0445,"01 03 04 09 17 26"
446,TK-0446,"01 03 04 09 20 24"
447,TK-0447,"01 03 04 09 22 27"
448,TK-0448,"01 03 04 10 11 18"
449,TK-0449,"01 03 04 10 14 25"
450,TK-0450,"01 03 04 10 15 22"
451,TK-0451,"01 03 04 10 19 27"
452,TK-0452,"01 03 04 10 20 25"
453,TK-0453,"01 03 04 10 20 26"
454,TK-0454,"01 03 04 10 21 22"
455,TK-0455,"01 03 04 11 12 17"
456,TK-0456,"01 03 04 11 12 23"
457,TK-0457,"01 03 04 11 13 14"
458,TK-0458,"01 03 04 11 13 16"
459,TK-0459,"01 03 04 11 15 19"
460,TK-0460,"01 03 04 11 15 21"
461,TK-0461,"01 03 04 11 22 27"
462,TK-0462,"01 03 04 12 13 18"
463,TK-0463,"01 03 04 12 14 21"
464,TK-0464,"01 03 04 12 14 25"
465,TK-0465,"01 03 04 12 15 18"
466,TK-0466,"01 03 04 12 16 27"
467,TK-0467,"01 03 04 12 17 22"
468,TK-0468,"01 03 04 13 14 18"
469,TK-0469,"01 03 04 13 14 22"
470,TK-0470,"01 03 04 13 19 25"
471,TK-0471,"01 03 04 13 25 26"
472,TK-0472,"01 03 04 14 16 19"
473,TK-0473,"01 03 04 14 16 20"
474,TK-0474,"01 03 04 14 19 27"
475,TK-0475,"01 03 04 14 21 25"
476,TK-0476,"01 03 04 14 23 24"
477,TK-0477,"01 03 04 14 24 27"
478,TK-0478,"01 03 04 15 17 22"
479,TK-0479,"01 03 04 15 20 26"
480,TK-0480,"01 03 04 15 21 26"
481,TK-0481,"01 03 04 15 25 26"
482,TK-0482,"01 03 04 16 17 26"
483,TK-0483,"01 03 04 16 18 21"
484,TK-0484,"01 03 04 16 25 27"
485,TK-0485,"01 03 04 17 18 20"
486,TK-0486,"01 03 04 17 20 27"
487,TK-0487,"01 03 04 17 21 23"
488,TK-0488,"01 03 04 17 22 24"
489,TK-0489,"01 03 04 17 24 27"
490,TK-0490,"01 03 04 18 19 24"
491,TK-0491,"01 03 04 18 20 22"
492,TK-0492,"01 03 04 18 22 23"
493,TK-0493,"01 03 04 19 26 27"
494,TK-0494,"01 03 05 06 07 26"
495,TK-0495,"01 03 05 06 08 27"
496,TK-0496,"01 03 05 06 16 24"
497,TK-0497,"01 03 05 07 08 22"
498,TK-0498,"01 03 05 08 09 11"
499,TK-0499,"01 03 05 08 09 18"
500,TK-0500,"01 03 05 08 09 26"
501,TK-0501,"01 03 05 08 10 26"
502,TK-0502,"01 03 05 09 13 24"
503,TK-0503,"01 03 05 09 16 25"
504,TK-0504,"01 03 05 09 17 22"
505,TK-0505,"01 03 05 10 11 17"
506,TK-0506,"01 03 05 10 12 26"
507,TK-0507,"01 03 05 10 15 18"
508,TK-0508,"01 03 05 10 20 23"
509,TK-0509,"01 03 05 10 21 22"
510,TK-0510,"01 03 05 10 21 25"
511,TK-0511,"01 03 05 10 23 24"
512,TK-0512,"01 03 05 11 12 24"
513,TK-0513,"01 03 05 11 13 21"
514,TK-0514,"01 03 05 11 17 27"
515,TK-0515,"01 03 05 11 18 26"
516,TK-0516,"01 03 05 11 20 22"
517,TK-0517,"01 03 05 12 14 18"
518,TK-0518,"01 03 05 12 15 21"
519,TK-0519,"01 03 05 12 16 27"
520,TK-0520,"01 03 05 13 14 23"
521,TK-0521,"01 03 05 13 14 25"
522,TK-0522,"01 03 05 13 14 27"
523,TK-0523,"01 03 05 13 16 19"
524,TK-0524,"01 03 05 13 17 25"
525,TK-0525,"01 03 05 13 18 26"
526,TK-0526,"01 03 05 14 17 20"
527,TK-0527,"01 03 05 14 18 26"
528,TK-0528,"01 03 05 14 19 27"
529,TK-0529,"01 03 05 15 17 21"
530,TK-0530,"01 03 05 15 17 26"
531,TK-0531,"01 03 05 15 20 25"
532,TK-0532,"01 03 05 15 21 24"
533,TK-0533,"01 03 05 16 19 20"
534,TK-0534,"01 03 05 16 19 21"
535,TK-0535,"01 03 05 16 23 25"
536,TK-0536,"01 03 05 17 19 26"
537,TK-0537,"01 03 05 17 20 27"
538,TK-0538,"01 03 05 17 23 27"
539,TK-0539,"01 03 05 17 25 26"
540,TK-0540,"01 03 05 18 19 23"
541,TK-0541,"01 03 05 18 19 27"
542,TK-0542,"01 03 05 18 20 24"
543,TK-0543,"01 03 05 19 20 25"
544,TK-0544,"01 03 05 20 21 23"
545,TK-0545,"01 03 05 22 24 26"
546,TK-0546,"01 03 05 22 24 27"
547,TK-0547,"01 03 05 24 26 27"
548,TK-0548,"01 03 06 07 08 17"
549,TK-0549,"01 03 06 09 12 15"
550,TK-0550,"01 03 06 09 13 16"
551,TK-0551,"01 03 06 09 14 27"
552,TK-0552,"01 03 06 09 18 25"
553,TK-0553,"01 03 06 09 21 23"
554,TK-0554,"01 03 06 10 12 14"
555,TK-0555,"01 03 06 10 14 15"
556,TK-0556,"01 03 06 10 15 19"
557,TK-0557,"01 03 06 10 18 26"
558,TK-0558,"01 03 06 10 21 23"
559,TK-0559,"01 03 06 10 22 24"
560,TK-0560,"01 03 06 11 13 21"
561,TK-0561,"01 03 06 11 15 20"
562,TK-0562,"01 03 06 11 16 19"
563,TK-0563,"01 03 06 11 22 24"
564,TK-0564,"01 03 06 12 17 25"
565,TK-0565,"01 03 06 12 18 22"
566,TK-0566,"01 03 06 12 24 27"
567,TK-0567,"01 03 06 12 26 27"
568,TK-0568,"01 03 06 13 16 18"
569,TK-0569,"01 03 06 13 17 24"
570,TK-0570,"01 03 06 13 19 25"
571,TK-0571,"01 03 06 14 18 20"
572,TK-0572,"01 03 06 14 19 22"
573,TK-0573,"01 03 06 15 18 22"
574,TK-0574,"01 03 06 15 21 22"
575,TK-0575,"01 03 06 15 25 27"
576,TK-0576,"01 03 06 16 17 23"
577,TK-0577,"01 03 06 16 21 26"
578,TK-0578,"01 03 06 16 22 27"
579,TK-0579,"01 03 06 16 24 26"
580,TK-0580,"01 03 06 17 19 22"
581,TK-0581,"01 03 06 17 20 25"
582,TK-0582,"01 03 06 17 21 26"
583,TK-0583,"01 03 06 17 24 27"
584,TK-0584,"01 03 06 18 20 23"
585,TK-0585,"01 03 06 18 22 25"
586,TK-0586,"01 03 06 19 20 21"
587,TK-0587,"01 03 06 19 20 22"
588,TK-0588,"01 03 06 19 23 24"
589,TK-0589,"01 03 06 19 25 26"
590,TK-0590,"01 03 06 21 22 23"
591,TK-0591,"01 03 06 22 23 27"
592,TK-0592,"01 03 06 23 25 26"
593,TK-0593,"01 03 07 08 10 27"
594,TK-0594,"01 03 07 09 10 17"
595,TK-0595,"01 03 07 09 10 21"
596,TK-0596,"01 03 07 09 13 18"
597,TK-0597,"01 03 07 09 15 20"
598,TK-0598,"01 03 07 09 16 24"
599,TK-0599,"01 03 07 09 19 27"
600,TK-0600,"01 03 07 10 13 22"
601,TK-0601,"01 03 07 10 16 17"
602,TK-0602,"01 03 07 10 17 23"
603,TK-0603,"01 03 07 10 21 26"
604,TK-0604,"01 03 07 10 22 25"
605,TK-0605,"01 03 07 11 13 25"
606,TK-0606,"01 03 07 11 15 27"
607,TK-0607,"01 03 07 11 20 23"
608,TK-0608,"01 03 07 11 21 23"
609,TK-0609,"01 03 07 12 13 25"
610,TK-0610,"01 03 07 12 15 16"
611,TK-0611,"01 03 07 12 18 24"
612,TK-0612,"01 03 07 12 24 27"
613,TK-0613,"01 03 07 13 15 22"
614,TK-0614,"01 03 07 13 17 26"
615,TK-0615,"01 03 07 13 21 27"
616,TK-0616,"01 03 07 13 25 26"
617,TK-0617,"01 03 07 14 17 20"
618,TK-0618,"01 03 07 14 18 21"
619,TK-0619,"01 03 07 14 22 25"
620,TK-0620,"01 03 07 14 22 27"
621,TK-0621,"01 03 07 15 20 26"
622,TK-0622,"01 03 07 15 23 27"
623,TK-0623,"01 03 07 16 17 22"
624,TK-0624,"01 03 07 16 18 23"
625,TK-0625,"01 03 07 16 18 26"
626,TK-0626,"01 03 07 16 19 24"
627,TK-0627,"01 03 07 16 21 22"
628,TK-0628,"01 03 07 17 19 22"
629,TK-0629,"01 03 07 17 19 27"
630,TK-0630,"01 03 07 17 25 26"
631,TK-0631,"01 03 07 18 22 25"
632,TK-0632,"01 03 07 18 26 27"
633,TK-0633,"01 03 07 19 20 21"
634,TK-0634,"01 03 07 19 23 26"
635,TK-0635,"01 03 07 19 24 27"
636,TK-0636,"01 03 07 20 22 24"
637,TK-0637,"01 03 07 20 24 25"
638,TK-0638,"01 03 07 21 22 26"
639,TK-0639,"01 03 07 21 24 25"
640,TK-0640,"01 03 08 09 10 27"
641,TK-0641,"01 03 08 09 14 22"
642,TK-0642,"01 03 08 10 13 14"
643,TK-0643,"01 03 08 10 20 25"
644,TK-0644,"01 03 08 10 21 23"
645,TK-0645,"01 03 08 11 13 21"
646,TK-0646,"01 03 08 11 18 24"
647,TK-0647,"01 03 08 11 22 25"
648,TK-0648,"01 03 08 11 23 24"
649,TK-0649,"01 03 08 12 13 17"
650,TK-0650,"01 03 08 12 14 24"
651,TK-0651,"01 03 08 12 15 16"
652,TK-0652,"01 03 08 12 15 22"
653,TK-0653,"01 03 08 12 18 19"
654,TK-0654,"01 03 08 12 18 24"
655,TK-0655,"01 03 08 12 24 27"
656,TK-0656,"01 03 08 13 17 26"
657,TK-0657,"01 03 08 13 19 21"
658,TK-0658,"01 03 08 13 20 25"
659,TK-0659,"01 03 08 14 15 25"
660,TK-0660,"01 03 08 14 16 26"
661,TK-0661,"01 03 08 14 17 18"
662,TK-0662,"01 03 08 14 19 27"
663,TK-0663,"01 03 08 15 16 20"
664,TK-0664,"01 03 08 15 17 25"
665,TK-0665,"01 03 08 15 19 22"
666,TK-0666,"01 03 08 15 21 26"
667,TK-0667,"01 03 08 16 18 22"
668,TK-0668,"01 03 08 16 19 25"
669,TK-0669,"01 03 08 16 23 27"
670,TK-0670,"01 03 08 17 20 22"
671,TK-0671,"01 03 08 17 21 27"
672,TK-0672,"01 03 08 17 22 24"
673,TK-0673,"01 03 08 17 23 25"
674,TK-0674,"01 03 08 18 20 23"
675,TK-0675,"01 03 08 18 21 25"
676,TK-0676,"01 03 08 20 25 26"
677,TK-0677,"01 03 08 22 26 27"
678,TK-0678,"01 03 09 10 11 25"
679,TK-0679,"01 03 09 10 12 27"
680,TK-0680,"01 03 09 10 14 24"
681,TK-0681,"01 03 09 11 12 22"
682,TK-0682,"01 03 09 11 12 26"
683,TK-0683,"01 03 09 11 13 23"
684,TK-0684,"01 03 09 11 21 27"
685,TK-0685,"01 03 09 11 25 27"
686,TK-0686,"01 03 09 12 15 20"
687,TK-0687,"01 03 09 13 20 26"
688,TK-0688,"01 03 09 13 23 25"
689,TK-0689,"01 03 09 14 16 20"
690,TK-0690,"01 03 09 14 17 18"
691,TK-0691,"01 03 09 15 16 23"
692,TK-0692,"01 03 09 15 18 26"
693,TK-0693,"01 03 09 15 22 23"
694,TK-0694,"01 03 09 15 24 25"
695,TK-0695,"01 03 09 16 17 26"
696,TK-0696,"01 03 09 19 20 23"
697,TK-0697,"01 03 10 11 12 19"
698,TK-0698,"01 03 10 11 12 20"
699,TK-0699,"01 03 10 11 13 26"
700,TK-0700,"01 03 10 11 16 23"
701,TK-0701,"01 03 10 12 17 26"
702,TK-0702,"01 03 10 13 14 19"
703,TK-0703,"01 03 10 13 17 23"
704,TK-0704,"01 03 10 13 18 20"
705,TK-0705,"01 03 10 14 17 25"
706,TK-0706,"01 03 10 15 16 25"
707,TK-0707,"01 03 10 16 18 22"
708,TK-0708,"01 03 10 17 18 23"
709,TK-0709,"01 03 10 18 20 21"
710,TK-0710,"01 03 10 18 25 27"
711,TK-0711,"01 03 10 20 24 26"
712,TK-0712,"01 03 10 22 25 27"
713,TK-0713,"01 03 11 12 14 22"
714,TK-0714,"01 03 11 12 14 23"
715,TK-0715,"01 03 11 12 25 27"
716,TK-0716,"01 03 11 14 15 26"
717,TK-0717,"01 03 11 15 16 26"
718,TK-0718,"01 03 11 15 18 25"
719,TK-0719,"01 03 11 16 17 24"
720,TK-0720,"01 03 11 16 19 23"
721,TK-0721,"01 03 11 16 20 27"
722,TK-0722,"01 03 11 20 21 26"
723,TK-0723,"01 03 12 13 15 24"
724,TK-0724,"01 03 12 14 15 23"
725,TK-0725,"01 03 12 14 16 21"
726,TK-0726,"01 03 12 15 17 27"
727,TK-0727,"01 03 12 15 19 25"
728,TK-0728,"01 03 12 18 21 24"
729,TK-0729,"01 03 12 19 23 27"
730,TK-0730,"01 03 12 20 22 25"
731,TK-0731,"01 03 13 14 15 27"
732,TK-0732,"01 03 13 14 18 19"
733,TK-0733,"01 03 13 15 25 26"
734,TK-0734,"01 03 14 15 19 24"
735,TK-0735,"01 03 14 16 17 27"
736,TK-0736,"01 03 14 20 22 23"
737,TK-0737,"01 03 15 16 17 19"
738,TK-0738,"01 03 15 16 18 20"
739,TK-0739,"01 03 19 20 21 22"
740,TK-0740,"01 03 20 21 25 27"
741,TK-0741,"01 04 05 07 08 20"
742,TK-0742,"01 04 05 07 09 24"
743,TK-0743,"01 04 05 07 12 26"
744,TK-0744,"01 04 05 08 09 10"
745,TK-0745,"01 04 05 08 10 19"
746,TK-0746,"01 04 05 08 10 27"
747,TK-0747,"01 04 05 08 11 22"
748,TK-0748,"01 04 05 08 13 24"
749,TK-0749,"01 04 05 09 11 12"
750,TK-0750,"01 04 05 09 14 16"
751,TK-0751,"01 04 05 09 19 22"
752,TK-0752,"01 04 05 09 21 26"
753,TK-0753,"01 04 05 10 12 14"
754,TK-0754,"01 04 05 10 13 16"
755,TK-0755,"01 04 05 10 15 19"
756,TK-0756,"01 04 05 10 20 24"
757,TK-0757,"01 04 05 11 12 26"
758,TK-0758,"01 04 05 11 13 20"
759,TK-0759,"01 04 05 11 15 24"
760,TK-0760,"01 04 05 11 15 25"
761,TK-0761,"01 04 05 11 17 20"
762,TK-0762,"01 04 05 11 21 23"
763,TK-0763,"01 04 05 12 14 25"
764,TK-0764,"01 04 05 12 15 18"
765,TK-0765,"01 04 05 12 23 24"
766,TK-0766,"01 04 05 13 14 17"
767,TK-0767,"01 04 05 13 15 16"
768,TK-0768,"01 04 05 13 18 22"
769,TK-0769,"01 04 05 13 20 27"
770,TK-0770,"01 04 05 13 21 25"
771,TK-0771,"01 04 05 14 15 16"
772,TK-0772,"01 04 05 14 17 18"
773,TK-0773,"01 04 05 14 20 21"
774,TK-0774,"01 04 05 14 23 25"
775,TK-0775,"01 04 05 14 24 27"
776,TK-0776,"01 04 05 15 16 27"
777,TK-0777,"01 04 05 15 17 23"
778,TK-0778,"01 04 05 15 18 22"
779,TK-0779,"01 04 05 15 20 23"
780,TK-0780,"01 04 05 16 17 25"
781,TK-0781,"01 04 05 16 19 21"
782,TK-0782,"01 04 05 16 20 22"
783,TK-0783,"01 04 05 17 18 22"
784,TK-0784,"01 04 05 17 22 27"
785,TK-0785,"01 04 05 17 24 26"
786,TK-0786,"01 04 05 18 22 23"
787,TK-0787,"01 04 05 18 22 27"
788,TK-0788,"01 04 05 18 24 25"
789,TK-0789,"01 04 05 19 20 21"
790,TK-0790,"01 04 05 19 22 26"
791,TK-0791,"01 04 05 19 24 25"
792,TK-0792,"01 04 05 20 21 22"
793,TK-0793,"01 04 05 20 25 27"
794,TK-0794,"01 04 05 21 23 25"
795,TK-0795,"01 04 05 21 25 26"
796,TK-0796,"01 04 05 22 23 26"
797,TK-0797,"01 04 05 24 26 27"
798,TK-0798,"01 04 06 07 08 09"
799,TK-0799,"01 04 06 07 08 14"
800,TK-0800,"01 04 06 07 09 17"
801,TK-0801,"01 04 06 07 09 18"
802,TK-0802,"01 04 06 07 10 19"
803,TK-0803,"01 04 06 07 11 24"
804,TK-0804,"01 04 06 07 14 15"
805,TK-0805,"01 04 06 08 09 19"
806,TK-0806,"01 04 06 09 11 20"
807,TK-0807,"01 04 06 09 12 14"
808,TK-0808,"01 04 06 09 14 18"
809,TK-0809,"01 04 06 09 23 24"
810,TK-0810,"01 04 06 10 11 26"
811,TK-0811,"01 04 06 10 13 16"
812,TK-0812,"01 04 06 10 13 23"
813,TK-0813,"01 04 06 10 15 20"
814,TK-0814,"01 04 06 10 17 19"
815,TK-0815,"01 04 06 11 12 15"
816,TK-0816,"01 04 06 11 16 22"
817,TK-0817,"01 04 06 11 18 23"
818,TK-0818,"01 04 06 11 19 25"
819,TK-0819,"01 04 06 11 19 26"
820,TK-0820,"01 04 06 12 13 16"
821,TK-0821,"01 04 06 12 18 19"
822,TK-0822,"01 04 06 12 21 26"
823,TK-0823,"01 04 06 12 23 25"
824,TK-0824,"01 04 06 13 14 22"
825,TK-0825,"01 04 06 13 15 21"
826,TK-0826,"01 04 06 13 16 18"
827,TK-0827,"01 04 06 13 17 27"
828,TK-0828,"01 04 06 14 17 27"
829,TK-0829,"01 04 06 14 20 26"
830,TK-0830,"01 04 06 14 23 24"
831,TK-0831,"01 04 06 15 16 27"
832,TK-0832,"01 04 06 15 17 20"
833,TK-0833,"01 04 06 15 17 22"
834,TK-0834,"01 04 06 15 22 25"
835,TK-0835,"01 04 06 15 24 25"
836,TK-0836,"01 04 06 16 17 27"
837,TK-0837,"01 04 06 16 19 20"
838,TK-0838,"01 04 06 16 19 23"
839,TK-0839,"01 04 06 16 21 24"
840,TK-0840,"01 04 06 17 21 22"
841,TK-0841,"01 04 06 17 22 26"
842,TK-0842,"01 04 06 17 24 25"
843,TK-0843,"01 04 06 18 19 22"
844,TK-0844,"01 04 06 18 20 23"
845,TK-0845,"01 04 06 18 21 25"
846,TK-0846,"01 04 06 18 23 26"
847,TK-0847,"01 04 06 19 21 26"
848,TK-0848,"01 04 06 20 23 26"
849,TK-0849,"01 04 06 20 25 27"
850,TK-0850,"01 04 06 21 23 24"
851,TK-0851,"01 04 06 22 23 25"
852,TK-0852,"01 04 06 22 24 26"
853,TK-0853,"01 04 06 22 26 27"
854,TK-0854,"01 04 06 23 25 26"
855,TK-0855,"01 04 07 09 13 22"
856,TK-0856,"01 04 07 09 21 27"
857,TK-0857,"01 04 07 09 23 25"
858,TK-0858,"01 04 07 10 12 22"
859,TK-0859,"01 04 07 10 13 25"
860,TK-0860,"01 04 07 10 15 23"
861,TK-0861,"01 04 07 10 18 23"
862,TK-0862,"01 04 07 10 23 24"
863,TK-0863,"01 04 07 10 25 27"
864,TK-0864,"01 04 07 11 12 15"
865,TK-0865,"01 04 07 11 14 21"
866,TK-0866,"01 04 07 11 14 26"
867,TK-0867,"01 04 07 12 17 19"
868,TK-0868,"01 04 07 12 22 24"
869,TK-0869,"01 04 07 13 15 27"
870,TK-0870,"01 04 07 13 16 18"
871,TK-0871,"01 04 07 13 19 26"
872,TK-0872,"01 04 07 14 15 17"
873,TK-0873,"01 04 07 14 16 26"
874,TK-0874,"01 04 07 14 18 25"
875,TK-0875,"01 04 07 14 20 24"
876,TK-0876,"01 04 07 15 16 23"
877,TK-0877,"01 04 07 15 21 22"
878,TK-0878,"01 04 07 16 17 27"
879,TK-0879,"01 04 07 16 21 25"
880,TK-0880,"01 04 07 16 22 23"
881,TK-0881,"01 04 07 16 25 26"
882,TK-0882,"01 04 07 17 18 20"
883,TK-0883,"01 04 07 17 20 23"
884,TK-0884,"01 04 07 17 21 22"
885,TK-0885,"01 04 07 18 19 22"
886,TK-0886,"01 04 07 18 24 27"
887,TK-0887,"01 04 07 19 26 27"
888,TK-0888,"01 04 07 20 22 25"
889,TK-0889,"01 04 07 21 22 23"
890,TK-0890,"01 04 07 24 25 26"
891,TK-0891,"01 04 08 09 15 23"
892,TK-0892,"01 04 08 09 18 27"
893,TK-0893,"01 04 08 09 19 24"
894,TK-0894,"01 04 08 09 21 23"
895,TK-0895,"01 04 08 10 11 20"
896,TK-0896,"01 04 08 10 12 24"
897,TK-0897,"01 04 08 10 13 17"
898,TK-0898,"01 04 08 10 15 16"
899,TK-0899,"01 04 08 10 18 22"
900,TK-0900,"01 04 08 11 14 26"
901,TK-0901,"01 04 08 11 17 19"
902,TK-0902,"01 04 08 11 18 23"
903,TK-0903,"01 04 08 11 24 25"
904,TK-0904,"01 04 08 12 17 22"
905,TK-0905,"01 04 08 12 20 25"
906,TK-0906,"01 04 08 13 14 27"
907,TK-0907,"01 04 08 13 16 26"
908,TK-0908,"01 04 08 13 20 26"
909,TK-0909,"01 04 08 13 23 25"
910,TK-0910,"01 04 08 14 15 22"
911,TK-0911,"01 04 08 14 16 20"
912,TK-0912,"01 04 08 14 19 20"
913,TK-0913,"01 04 08 14 21 26"
914,TK-0914,"01 04 08 14 25 27"
915,TK-0915,"01 04 08 15 16 21"
916,TK-0916,"01 04 08 15 18 19"
917,TK-0917,"01 04 08 15 20 26"
918,TK-0918,"01 04 08 15 24 27"
919,TK-0919,"01 04 08 16 17 18"
920,TK-0920,"01 04 08 16 17 22"
921,TK-0921,"01 04 08 16 25 27"
922,TK-0922,"01 04 08 17 21 24"
923,TK-0923,"01 04 08 18 20 21"
924,TK-0924,"01 04 08 19 21 24"
925,TK-0925,"01 04 08 19 22 25"
926,TK-0926,"01 04 08 19 23 26"
927,TK-0927,"01 04 08 20 22 25"
928,TK-0928,"01 04 08 21 24 26"
929,TK-0929,"01 04 08 22 25 26"
930,TK-0930,"01 04 08 22 25 27"
931,TK-0931,"01 04 08 23 24 25"
932,TK-0932,"01 04 08 23 26 27"
933,TK-0933,"01 04 09 10 11 26"
934,TK-0934,"01 04 09 10 13 27"
935,TK-0935,"01 04 09 12 13 26"
936,TK-0936,"01 04 09 12 15 26"
937,TK-0937,"01 04 09 12 16 17"
938,TK-0938,"01 04 09 12 20 22"
939,TK-0939,"01 04 09 13 15 17"
940,TK-0940,"01 04 09 14 15 20"
941,TK-0941,"01 04 09 15 18 22"
942,TK-0942,"01 04 10 11 21 27"
943,TK-0943,"01 04 10 12 18 24"
944,TK-0944,"01 04 10 12 19 21"
945,TK-0945,"01 04 10 13 18 25"
946,TK-0946,"01 04 10 13 22 24"
947,TK-0947,"01 04 10 14 17 23"
948,TK-0948,"01 04 10 14 19 21"
949,TK-0949,"01 04 10 16 17 18"
950,TK-0950,"01 04 11 12 13 27"
951,TK-0951,"01 04 11 12 14 18"
952,TK-0952,"01 04 11 12 15 25"
953,TK-0953,"01 04 11 12 19 26"
954,TK-0954,"01 04 11 13 22 24"
955,TK-0955,"01 04 11 14 17 25"
956,TK-0956,"01 04 11 16 17 27"
957,TK-0957,"01 04 12 13 15 16"
958,TK-0958,"01 04 12 13 23 27"
959,TK-0959,"01 04 12 14 16 22"
960,TK-0960,"01 04 12 14 18 24"
961,TK-0961,"01 04 12 18 24 26"
962,TK-0962,"01 04 13 14 20 25"
963,TK-0963,"01 04 13 14 23 26"
964,TK-0964,"01 04 13 15 19 20"
965,TK-0965,"01 04 13 16 22 25"
966,TK-0966,"01 04 13 18 19 24"
967,TK-0967,"01 04 14 15 24 26"
968,TK-0968,"01 04 14 18 26 27"
969,TK-0969,"01 04 14 22 26 27"
970,TK-0970,"01 04 15 16 24 25"
971,TK-0971,"01 04 15 17 26 27"
972,TK-0972,"01 04 16 18 24 26"
973,TK-0973,"01 05 06 07 08 17"
974,TK-0974,"01 05 06 07 11 13"
975,TK-0975,"01 05 06 08 12 21"
976,TK-0976,"01 05 06 08 13 16"
977,TK-0977,"01 05 06 09 10 12"
978,TK-0978,"01 05 06 09 10 16"
979,TK-0979,"01 05 06 09 13 24"
980,TK-0980,"01 05 06 09 14 25"
981,TK-0981,"01 05 06 09 15 19"
982,TK-0982,"01 05 06 09 18 23"
983,TK-0983,"01 05 06 09 19 27"
984,TK-0984,"01 05 06 10 13 15"
985,TK-0985,"01 05 06 10 13 27"
986,TK-0986,"01 05 06 10 14 22"
987,TK-0987,"01 05 06 10 15 18"
988,TK-0988,"01 05 06 10 20 26"
989,TK-0989,"01 05 06 10 21 25"
990,TK-0990,"01 05 06 11 12 17"
991,TK-0991,"01 05 06 11 14 23"
992,TK-0992,"01 05 06 11 15 17"
993,TK-0993,"01 05 06 11 18 19"
994,TK-0994,"01 05 06 11 22 27"
995,TK-0995,"01 05 06 11 24 25"
996,TK-0996,"01 05 06 12 13 14"
997,TK-0997,"01 05 06 12 16 22"
998,TK-0998,"01 05 06 12 17 18"
999,TK-0999,"01 05 06 12 19 22"
1000,TK-1000,"01 05 06 12 20 27"
1001,TK-1001,"01 05 06 12 23 24"
1002,TK-1002,"01 05 06 13 16 20"
1003,TK-1003,"01 05 06 13 19 26"
1004,TK-1004,"01 05 06 13 21 25"
1005,TK-1005,"01 05 06 14 15 22"
1006,TK-1006,"01 05 06 14 16 26"
1007,TK-1007,"01 05 06 14 19 24"
1008,TK-1008,"01 05 06 15 16 21"
1009,TK-1009,"01 05 06 15 18 27"
1010,TK-1010,"01 05 06 15 20 21"
1011,TK-1011,"01 05 06 15 24 25"
1012,TK-1012,"01 05 06 15 26 27"
1013,TK-1013,"01 05 06 16 17 24"
1014,TK-1014,"01 05 06 16 18 21"
1015,TK-1015,"01 05 06 16 19 21"
1016,TK-1016,"01 05 06 16 22 23"
1017,TK-1017,"01 05 06 17 18 21"
1018,TK-1018,"01 05 06 17 19 20"
1019,TK-1019,"01 05 06 17 22 26"
1020,TK-1020,"01 05 06 18 20 25"
1021,TK-1021,"01 05 06 18 22 24"
1022,TK-1022,"01 05 06 19 21 27"
1023,TK-1023,"01 05 06 19 22 23"
1024,TK-1024,"01 05 06 19 24 26"
1025,TK-1025,"01 05 06 20 21 24"
1026,TK-1026,"01 05 06 20 21 26"
1027,TK-1027,"01 05 06 21 22 25"
1028,TK-1028,"01 05 06 21 25 26"
1029,TK-1029,"01 05 06 23 26 27"
1030,TK-1030,"01 05 07 08 09 14"
1031,TK-1031,"01 05 07 08 11 25"
1032,TK-1032,"01 05 07 08 18 21"
1033,TK-1033,"01 05 07 09 17 23"
1034,TK-1034,"01 05 07 09 18 19"
1035,TK-1035,"01 05 07 09 21 24"
1036,TK-1036,"01 05 07 09 25 27"
1037,TK-1037,"01 05 07 10 11 12"
1038,TK-1038,"01 05 07 10 11 25"
1039,TK-1039,"01 05 07 10 18 19"
1040,TK-1040,"01 05 07 11 14 16"
1041,TK-1041,"01 05 07 11 15 18"
1042,TK-1042,"01 05 07 11 17 23"
1043,TK-1043,"01 05 07 11 18 25"
1044,TK-1044,"01 05 07 12 13 17"
1045,TK-1045,"01 05 07 12 14 16"
1046,TK-1046,"01 05 07 12 14 24"
1047,TK-1047,"01 05 07 12 18 21"
1048,TK-1048,"01 05 07 12 19 20"
1049,TK-1049,"01 05 07 12 22 23"
1050,TK-1050,"01 05 07 12 24 25"
1051,TK-1051,"01 05 07 13 15 21"
1052,TK-1052,"01 05 07 13 19 27"
1053,TK-1053,"01 05 07 13 20 22"
1054,TK-1054,"01 05 07 13 24 26"
1055,TK-1055,"01 05 07 14 15 26"
1056,TK-1056,"01 05 07 14 17 27"
1057,TK-1057,"01 05 07 14 20 27"
1058,TK-1058,"01 05 07 14 21 23"
1059,TK-1059,"01 05 07 15 16 27"
1060,TK-1060,"01 05 07 15 19 25"
1061,TK-1061,"01 05 07 16 18 25"
1062,TK-1062,"01 05 07 16 22 26"
1063,TK-1063,"01 05 07 17 20 25"
1064,TK-1064,"01 05 07 18 19 22"
1065,TK-1065,"01 05 07 18 19 23"
1066,TK-1066,"01 05 07 19 21 27"
1067,TK-1067,"01 05 07 19 22 24"
1068,TK-1068,"01 05 07 20 21 24"
1069,TK-1069,"01 05 07 21 22 26"
1070,TK-1070,"01 05 07 22 23 25"
1071,TK-1071,"01 05 07 24 26 27"
1072,TK-1072,"01 05 08 09 12 23"
1073,TK-1073,"01 05 08 09 22 26"
1074,TK-1074,"01 05 08 10 16 24"
1075,TK-1075,"01 05 08 11 12 18"
1076,TK-1076,"01 05 08 11 14 15"
1077,TK-1077,"01 05 08 11 17 20"
1078,TK-1078,"01 05 08 11 24 26"
1079,TK-1079,"01 05 08 12 13 17"
1080,TK-1080,"01 05 08 12 16 21"
1081,TK-1081,"01 05 08 13 15 23"
1082,TK-1082,"01 05 08 13 18 27"
1083,TK-1083,"01 05 08 13 21 26"
1084,TK-1084,"01 05 08 13 22 25"
1085,TK-1085,"01 05 08 14 15 24"
1086,TK-1086,"01 05 08 14 18 22"
1087,TK-1087,"01 05 08 14 19 23"
1088,TK-1088,"01 05 08 14 20 21"
1089,TK-1089,"01 05 08 15 17 21"
1090,TK-1090,"01 05 08 15 19 20"
1091,TK-1091,"01 05 08 15 25 27"
1092,TK-1092,"01 05 08 16 17 23"
1093,TK-1093,"01 05 08 16 18 27"
1094,TK-1094,"01 05 08 16 19 22"
1095,TK-1095,"01 05 08 17 18 26"
1096,TK-1096,"01 05 08 17 19 25"
1097,TK-1097,"01 05 08 18 20 22"
1098,TK-1098,"01 05 08 18 23 24"
1099,TK-1099,"01 05 08 19 20 24"
1100,TK-1100,"01 05 08 19 21 24"
1101,TK-1101,"01 05 08 19 26 27"
1102,TK-1102,"01 05 08 20 23 27"
1103,TK-1103,"01 05 08 20 25 26"
1104,TK-1104,"01 05 08 22 23 25"
1105,TK-1105,"01 05 08 22 23 26"
1106,TK-1106,"01 05 08 22 24 26"
1107,TK-1107,"01 05 09 10 14 21"
1108,TK-1108,"01 05 09 10 15 27"
1109,TK-1109,"01 05 09 11 12 25"
1110,TK-1110,"01 05 09 11 18 27"
1111,TK-1111,"01 05 09 11 20 22"
1112,TK-1112,"01 05 09 12 14 19"
1113,TK-1113,"01 05 09 12 17 21"
1114,TK-1114,"01 05 09 13 23 24"
1115,TK-1115,"01 05 09 15 18 24"
1116,TK-1116,"01 05 09 15 21 25"
1117,TK-1117,"01 05 10 11 16 26"
1118,TK-1118,"01 05 10 11 18 20"
1119,TK-1119,"01 05 10 12 14 27"
1120,TK-1120,"01 05 10 12 15 20"
1121,TK-1121,"01 05 10 12 16 17"
1122,TK-1122,"01 05 10 12 19 24"
1123,TK-1123,"01 05 10 12 25 26"
1124,TK-1124,"01 05 10 13 14 26"
1125,TK-1125,"01 05 10 14 16 20"
1126,TK-1126,"01 05 10 14 18 24"
1127,TK-1127,"01 05 11 12 13 24"
1128,TK-1128,"01 05 11 12 16 27"
1129,TK-1129,"01 05 11 13 19 26"
1130,TK-1130,"01 05 11 15 19 23"
1131,TK-1131,"01 05 12 13 15 27"
1132,TK-1132,"01 05 12 13 16 25"
1133,TK-1133,"01 05 12 17 23 25"
1134,TK-1134,"01 05 14 15 18 25"
1135,TK-1135,"01 05 14 17 24 25"
1136,TK-1136,"01 05 15 21 22 27"
1137,TK-1137,"01 05 16 17 18 21"
1138,TK-1138,"01 05 16 17 19 27"
1139,TK-1139,"01 06 07 08 12 13"
1140,TK-1140,"01 06 07 09 14 24"
1141,TK-1141,"01 06 07 09 16 20"
1142,TK-1142,"01 06 07 09 18 26"
1143,TK-1143,"01 06 07 09 21 22"
1144,TK-1144,"01 06 07 10 11 18"
1145,TK-1145,"01 06 07 10 12 14"
1146,TK-1146,"01 06 07 10 13 21"
1147,TK-1147,"01 06 07 10 15 24"
1148,TK-1148,"01 06 07 10 16 20"
1149,TK-1149,"01 06 07 10 17 23"
1150,TK-1150,"01 06 07 11 12 22"
1151,TK-1151,"01 06 07 11 14 21"
1152,TK-1152,"01 06 07 11 16 19"
1153,TK-1153,"01 06 07 11 22 26"
1154,TK-1154,"01 06 07 12 14 25"
1155,TK-1155,"01 06 07 12 15 19"
1156,TK-1156,"01 06 07 12 15 23"
1157,TK-1157,"01 06 07 12 16 25"
1158,TK-1158,"01 06 07 13 15 24"
1159,TK-1159,"01 06 07 13 16 23"
1160,TK-1160,"01 06 07 13 18 26"
1161,TK-1161,"01 06 07 13 19 20"
1162,TK-1162,"01 06 07 13 21 27"
1163,TK-1163,"01 06 07 14 15 16"
1164,TK-1164,"01 06 07 14 15 21"
1165,TK-1165,"01 06 07 14 17 20"
1166,TK-1166,"01 06 07 14 17 23"
1167,TK-1167,"01 06 07 14 18 27"
1168,TK-1168,"01 06 07 15 17 25"
1169,TK-1169,"01 06 07 15 18 26"
1170,TK-1170,"01 06 07 15 20 22"
1171,TK-1171,"01 06 07 16 18 20"
1172,TK-1172,"01 06 07 16 19 22"
1173,TK-1173,"01 06 07 16 23 27"
1174,TK-1174,"01 06 07 17 18 24"
1175,TK-1175,"01 06 07 17 19 26"
1176,TK-1176,"01 06 07 17 20 23"
1177,TK-1177,"01 06 07 17 21 25"
1178,TK-1178,"01 06 07 17 22 23"
1179,TK-1179,"01 06 07 18 19 23"
1180,TK-1180,"01 06 07 18 21 27"
1181,TK-1181,"01 06 07 18 22 27"
1182,TK-1182,"01 06 07 19 20 24"
1183,TK-1183,"01 06 07 19 24 25"
1184,TK-1184,"01 06 07 19 25 27"
1185,TK-1185,"01 06 07 20 21 26"
1186,TK-1186,"01 06 07 20 25 27"
1187,TK-1187,"01 06 07 21 23 24"
1188,TK-1188,"01 06 07 22 24 25"
1189,TK-1189,"01 06 07 23 25 26"
1190,TK-1190,"01 06 07 24 26 27"
1191,TK-1191,"01 06 08 09 17 23"
1192,TK-1192,"01 06 08 09 18 24"
1193,TK-1193,"01 06 08 09 19 20"
1194,TK-1194,"01 06 08 09 25 27"
1195,TK-1195,"01 06 08 10 18 27"
1196,TK-1196,"01 06 08 10 19 23"
1197,TK-1197,"01 06 08 11 13 20"
1198,TK-1198,"01 06 08 11 14 27"
1199,TK-1199,"01 06 08 11 15 21"
1200,TK-1200,"01 06 08 11 17 22"
1201,TK-1201,"01 06 08 11 18 26"
1202,TK-1202,"01 06 08 12 13 26"
1203,TK-1203,"01 06 08 12 14 22"
1204,TK-1204,"01 06 08 12 16 23"
1205,TK-1205,"01 06 08 12 19 27"
1206,TK-1206,"01 06 08 13 14 21"
1207,TK-1207,"01 06 08 13 15 26"
1208,TK-1208,"01 06 08 13 20 23"
1209,TK-1209,"01 06 08 13 22 24"
1210,TK-1210,"01 06 08 14 16 26"
1211,TK-1211,"01 06 08 14 18 24"
1212,TK-1212,"01 06 08 14 21 22"
1213,TK-1213,"01 06 08 14 22 23"
1214,TK-1214,"01 06 08 14 25 27"
1215,TK-1215,"01 06 08 15 16 22"
1216,TK-1216,"01 06 08 15 17 19"
1217,TK-1217,"01 06 08 15 20 25"
1218,TK-1218,"01 06 08 16 19 23"
1219,TK-1219,"01 06 08 16 20 21"
1220,TK-1220,"01 06 08 17 18 27"
1221,TK-1221,"01 06 08 17 19 25"
1222,TK-1222,"01 06 08 17 20 24"
1223,TK-1223,"01 06 08 17 21 23"
1224,TK-1224,"01 06 08 18 19 20"
1225,TK-1225,"01 06 08 18 20 22"
1226,TK-1226,"01 06 08 18 22 24"
1227,TK-1227,"01 06 08 18 23 26"
1228,TK-1228,"01 06 08 19 21 24"
1229,TK-1229,"01 06 08 19 26 27"
1230,TK-1230,"01 06 08 23 24 25"
1231,TK-1231,"01 06 08 24 26 27"
1232,TK-1232,"01 06 09 10 13 23"
1233,TK-1233,"01 06 09 10 15 20"
1234,TK-1234,"01 06 09 11 13 17"
1235,TK-1235,"01 06 09 11 16 27"
1236,TK-1236,"01 06 09 11 18 21"
1237,TK-1237,"01 06 10 11 14 25"
1238,TK-1238,"01 06 10 11 17 18"
1239,TK-1239,"01 06 10 12 21 27"
1240,TK-1240,"01 06 10 14 24 27"
1241,TK-1241,"01 06 10 15 16 22"
1242,TK-1242,"01 06 10 17 20 27"
1243,TK-1243,"01 06 11 12 15 20"
1244,TK-1244,"01 06 11 12 16 24"
1245,TK-1245,"01 06 11 13 25 26"
1246,TK-1246,"01 06 11 15 17 23"
1247,TK-1247,"01 06 11 18 22 27"
1248,TK-1248,"01 06 12 13 17 21"
1249,TK-1249,"01 06 12 13 19 24"
1250,TK-1250,"01 06 12 14 15 25"
1251,TK-1251,"01 06 13 15 18 23"
1252,TK-1252,"01 06 13 16 19 27"
1253,TK-1253,"01 06 13 17 23 25"
1254,TK-1254,"01 06 13 18 19 22"
1255,TK-1255,"01 06 14 16 24 25"
1256,TK-1256,"01 06 15 18 23 25"
1257,TK-1257,"01 06 16 17 22 26"
1258,TK-1258,"01 07 08 09 13 21"
1259,TK-1259,"01 07 08 09 15 26"
1260,TK-1260,"01 07 08 09 20 25"
1261,TK-1261,"01 07 08 10 13 20"
1262,TK-1262,"01 07 08 10 14 22"
1263,TK-1263,"01 07 08 10 15 26"
1264,TK-1264,"01 07 08 10 18 25"
1265,TK-1265,"01 07 08 10 19 27"
1266,TK-1266,"01 07 08 11 12 14"
1267,TK-1267,"01 07 08 11 13 18"
1268,TK-1268,"01 07 08 11 16 20"
1269,TK-1269,"01 07 08 11 17 25"
1270,TK-1270,"01 07 08 11 23 27"
1271,TK-1271,"01 07 08 12 16 22"
1272,TK-1272,"01 07 08 12 18 21"
1273,TK-1273,"01 07 08 13 14 16"
1274,TK-1274,"01 07 08 13 17 24"
1275,TK-1275,"01 07 08 13 19 26"
1276,TK-1276,"01 07 08 14 17 21"
1277,TK-1277,"01 07 08 14 19 22"
1278,TK-1278,"01 07 08 14 20 27"
1279,TK-1279,"01 07 08 14 24 25"
1280,TK-1280,"01 07 08 15 16 20"
1281,TK-1281,"01 07 08 15 18 24"
1282,TK-1282,"01 07 08 15 19 22"
1283,TK-1283,"01 07 08 15 21 23"
1284,TK-1284,"01 07 08 15 23 27"
1285,TK-1285,"01 07 08 15 25 26"
1286,TK-1286,"01 07 08 16 17 26"
1287,TK-1287,"01 07 08 16 18 23"
1288,TK-1288,"01 07 08 16 19 21"
1289,TK-1289,"01 07 08 16 23 24"
1290,TK-1290,"01 07 08 16 25 27"
1291,TK-1291,"01 07 08 17 18 26"
1292,TK-1292,"01 07 08 17 20 24"
1293,TK-1293,"01 07 08 17 21 24"
1294,TK-1294,"01 07 08 17 22 24"
1295,TK-1295,"01 07 08 17 23 25"
1296,TK-1296,"01 07 08 18 19 23"
1297,TK-1297,"01 07 08 18 20 26"
1298,TK-1298,"01 07 08 18 21 25"
1299,TK-1299,"01 07 08 18 22 25"
1300,TK-1300,"01 07 08 18 25 27"
1301,TK-1301,"01 07 08 19 22 23"
1302,TK-1302,"01 07 08 19 24 26"
1303,TK-1303,"01 07 08 20 21 27"
1304,TK-1304,"01 07 08 21 22 26"
1305,TK-1305,"01 07 08 22 26 27"
1306,TK-1306,"01 07 08 23 25 26"
1307,TK-1307,"01 07 08 24 25 27"
1308,TK-1308,"01 07 09 10 11 13"
1309,TK-1309,"01 07 09 10 14 26"
1310,TK-1310,"01 07 09 10 16 24"
1311,TK-1311,"01 07 09 11 15 27"
1312,TK-1312,"01 07 09 11 17 18"
1313,TK-1313,"01 07 09 12 13 19"
1314,TK-1314,"01 07 09 12 15 21"
1315,TK-1315,"01 07 09 12 17 21"
1316,TK-1316,"01 07 09 12 20 27"
1317,TK-1317,"01 07 09 12 23 25"
1318,TK-1318,"01 07 09 13 14 23"
1319,TK-1319,"01 07 09 14 20 22"
1320,TK-1320,"01 07 10 11 12 17"
1321,TK-1321,"01 07 10 11 14 19"
1322,TK-1322,"01 07 10 12 22 27"
1323,TK-1323,"01 07 10 13 16 18"
1324,TK-1324,"01 07 10 20 22 26"
1325,TK-1325,"01 07 11 12 18 25"
1326,TK-1326,"01 07 11 13 15 22"
1327,TK-1327,"01 07 11 13 16 26"
1328,TK-1328,"01 07 11 13 17 20"
1329,TK-1329,"01 07 11 14 16 22"
1330,TK-1330,"01 07 12 13 15 20"
1331,TK-1331,"01 07 12 13 18 23"
1332,TK-1332,"01 07 12 14 17 22"
1333,TK-1333,"01 07 12 17 23 27"
1334,TK-1334,"01 07 13 15 16 27"
1335,TK-1335,"01 07 13 15 19 24"
1336,TK-1336,"01 07 13 15 23 25"
1337,TK-1337,"01 07 13 16 20 25"
1338,TK-1338,"01 07 15 18 19 21"
1339,TK-1339,"01 07 16 17 19 23"
1340,TK-1340,"01 08 09 10 12 19"
1341,TK-1341,"01 08 09 10 13 25"
1342,TK-1342,"01 08 09 10 14 18"
1343,TK-1343,"01 08 09 11 13 24"
1344,TK-1344,"01 08 09 11 14 20"
1345,TK-1345,"01 08 09 11 17 19"
1346,TK-1346,"01 08 09 11 21 22"
1347,TK-1347,"01 08 09 12 14 26"
1348,TK-1348,"01 08 09 12 17 27"
1349,TK-1349,"01 08 09 12 20 21"
1350,TK-1350,"01 08 09 13 17 26"
1351,TK-1351,"01 08 09 18 19 24"
1352,TK-1352,"01 08 09 20 22 27"
1353,TK-1353,"01 08 09 21 24 25"
1354,TK-1354,"01 08 10 11 12 13"
1355,TK-1355,"01 08 10 11 14 24"
1356,TK-1356,"01 08 10 11 15 22"
1357,TK-1357,"01 08 10 11 16 21"
1358,TK-1358,"01 08 10 12 14 23"
1359,TK-1359,"01 08 10 12 16 25"
1360,TK-1360,"01 08 10 12 18 22"
1361,TK-1361,"01 08 10 17 19 24"
1362,TK-1362,"01 08 10 18 20 24"
1363,TK-1363,"01 08 11 13 25 26"
1364,TK-1364,"01 08 11 19 25 27"
1365,TK-1365,"01 08 11 20 21 25"
1366,TK-1366,"01 08 12 13 15 24"
1367,TK-1367,"01 08 12 15 18 25"
1368,TK-1368,"01 08 13 14 19 23"
1369,TK-1369,"01 08 13 15 18 21"
1370,TK-1370,"01 08 14 16 17 24"
1371,TK-1371,"01 08 15 16 20 25"
1372,TK-1372,"01 09 10 11 12 23"
1373,TK-1373,"01 09 10 12 13 22"
1374,TK-1374,"01 09 10 13 14 17"
1375,TK-1375,"01 09 10 13 14 21"
1376,TK-1376,"01 09 10 13 16 19"
1377,TK-1377,"01 09 10 13 18 19"
1378,TK-1378,"01 09 10 14 15 21"
1379,TK-1379,"01 09 10 14 16 24"
1380,TK-1380,"01 09 10 14 18 19"
1381,TK-1381,"01 09 10 14 22 23"
1382,TK-1382,"01 09 10 15 16 24"
1383,TK-1383,"01 09 10 15 17 23"
1384,TK-1384,"01 09 10 15 18 26"
1385,TK-1385,"01 09 10 15 19 20"
1386,TK-1386,"01 09 10 15 21 27"
1387,TK-1387,"01 09 10 15 22 25"
1388,TK-1388,"01 09 10 16 17 27"
1389,TK-1389,"01 09 10 16 20 25"
1390,TK-1390,"01 09 10 16 21 22"
1391,TK-1391,"01 09 10 16 24 26"
1392,TK-1392,"01 09 10 17 18 22"
1393,TK-1393,"01 09 10 17 19 21"
1394,TK-1394,"01 09 10 17 20 26"
1395,TK-1395,"01 09 10 17 21 25"
1396,TK-1396,"01 09 10 17 24 27"
1397,TK-1397,"01 09 10 18 19 21"
1398,TK-1398,"01 09 10 18 20 26"
1399,TK-1399,"01 09 10 18 21 27"
1400,TK-1400,"01 09 10 18 22 25"
1401,TK-1401,"01 09 10 18 23 24"
1402,TK-1402,"01 09 10 19 22 23"
1403,TK-1403,"01 09 10 19 24 25"
1404,TK-1404,"01 09 10 19 26 27"
1405,TK-1405,"01 09 10 20 22 24"
1406,TK-1406,"01 09 10 20 23 25"
1407,TK-1407,"01 09 10 21 22 25"
1408,TK-1408,"01 09 10 21 23 24"
1409,TK-1409,"01 09 10 21 25 26"
1410,TK-1410,"01 09 10 22 26 27"
1411,TK-1411,"01 09 10 23 26 27"
1412,TK-1412,"01 09 10 24 25 27"
1413,TK-1413,"01 09 11 12 13 16"
1414,TK-1414,"01 09 11 13 15 20"
1415,TK-1415,"01 09 11 14 15 25"
1416,TK-1416,"01 09 11 14 15 27"
1417,TK-1417,"01 09 11 14 16 19"
1418,TK-1418,"01 09 11 14 17 22"
1419,TK-1419,"01 09 11 14 20 26"
1420,TK-1420,"01 09 11 15 16 24"
1421,TK-1421,"01 09 11 15 17 23"
1422,TK-1422,"01 09 11 15 22 26"
1423,TK-1423,"01 09 11 16 18 26"
1424,TK-1424,"01 09 11 16 19 27"
1425,TK-1425,"01 09 11 16 20 23"
1426,TK-1426,"01 09 11 16 21 25"
1427,TK-1427,"01 09 11 17 20 23"
1428,TK-1428,"01 09 11 17 24 26"
1429,TK-1429,"01 09 11 18 19 22"
1430,TK-1430,"01 09 11 18 21 27"
1431,TK-1431,"01 09 11 18 23 25"
1432,TK-1432,"01 09 11 19 20 25"
1433,TK-1433,"01 09 11 19 21 24"
1434,TK-1434,"01 09 11 19 23 26"
1435,TK-1435,"01 09 11 20 21 27"
1436,TK-1436,"01 09 11 20 25 26"
1437,TK-1437,"01 09 11 21 22 23"
1438,TK-1438,"01 09 11 22 23 24"
1439,TK-1439,"01 09 11 22 23 25"
1440,TK-1440,"01 09 11 22 26 27"
1441,TK-1441,"01 09 11 24 25 27"
1442,TK-1442,"01 09 12 13 14 20"
1443,TK-1443,"01 09 12 13 15 18"
1444,TK-1444,"01 09 12 14 15 25"
1445,TK-1445,"01 09 12 14 16 24"
1446,TK-1446,"01 09 12 14 18 23"
1447,TK-1447,"01 09 12 15 16 26"
1448,TK-1448,"01 09 12 15 19 20"
1449,TK-1449,"01 09 12 15 23 24"
1450,TK-1450,"01 09 12 16 17 25"
1451,TK-1451,"01 09 12 16 19 22"
1452,TK-1452,"01 09 12 16 23 27"
1453,TK-1453,"01 09 12 17 18 21"
1454,TK-1454,"01 09 12 17 19 23"
1455,TK-1455,"01 09 12 17 24 27"
1456,TK-1456,"01 09 12 18 19 24"
1457,TK-1457,"01 09 12 18 20 22"
1458,TK-1458,"01 09 12 18 26 27"
1459,TK-1459,"01 09 12 19 21 25"
1460,TK-1460,"01 09 12 19 23 24"
1461,TK-1461,"01 09 12 20 21 27"
1462,TK-1462,"01 09 12 20 22 24"
1463,TK-1463,"01 09 12 20 22 26"
1464,TK-1464,"01 09 12 20 23 25"
1465,TK-1465,"01 09 12 21 22 23"
1466,TK-1466,"01 09 12 21 24 26"
1467,TK-1467,"01 09 12 22 25 27"
1468,TK-1468,"01 09 12 23 24 26"
1469,TK-1469,"01 09 12 24 25 26"
1470,TK-1470,"01 09 13 14 15 22"
1471,TK-1471,"01 09 13 14 16 20"
1472,TK-1472,"01 09 13 14 19 23"
1473,TK-1473,"01 09 13 15 16 26"
1474,TK-1474,"01 09 13 15 17 18"
1475,TK-1475,"01 09 13 15 19 21"
1476,TK-1476,"01 09 13 16 17 21"
1477,TK-1477,"01 09 13 16 17 22"
1478,TK-1478,"01 09 13 16 18 23"
1479,TK-1479,"01 09 13 16 24 27"
1480,TK-1480,"01 09 13 17 19 22"
1481,TK-1481,"01 09 13 17 21 23"
1482,TK-1482,"01 09 13 17 25 26"
1483,TK-1483,"01 09 13 18 20 24"
1484,TK-1484,"01 09 13 18 23 25"
1485,TK-1485,"01 09 13 18 26 27"
1486,TK-1486,"01 09 13 19 20 26"
1487,TK-1487,"01 09 13 19 21 27"
1488,TK-1488,"01 09 13 19 24 25"
1489,TK-1489,"01 09 13 20 21 22"
1490,TK-1490,"01 09 13 20 23 25"
1491,TK-1491,"01 09 13 20 25 27"
1492,TK-1492,"01 09 13 21 23 24"
1493,TK-1493,"01 09 13 22 23 26"
1494,TK-1494,"01 09 13 22 23 27"
1495,TK-1495,"01 09 13 22 24 25"
1496,TK-1496,"01 09 13 24 26 27"
1497,TK-1497,"01 09 14 16 18 27"
1498,TK-1498,"01 09 14 16 19 23"
1499,TK-1499,"01 09 14 16 20 26"
1500,TK-1500,"01 09 14 17 18 26"
1501,TK-1501,"01 09 14 17 19 20"
1502,TK-1502,"01 09 14 17 21 24"
1503,TK-1503,"01 09 14 18 19 26"
1504,TK-1504,"01 09 14 18 20 25"
1505,TK-1505,"01 09 14 18 21 23"
1506,TK-1506,"01 09 14 19 21 27"
1507,TK-1507,"01 09 14 19 24 25"
1508,TK-1508,"01 09 14 20 23 25"
1509,TK-1509,"01 09 14 20 24 27"
1510,TK-1510,"01 09 14 21 25 26"
1511,TK-1511,"01 09 14 22 23 24"
1512,TK-1512,"01 09 14 22 24 26"
1513,TK-1513,"01 09 14 22 25 27"
1514,TK-1514,"01 09 14 23 26 27"
1515,TK-1515,"01 09 15 16 17 20"
1516,TK-1516,"01 09 15 16 17 24"
1517,TK-1517,"01 09 15 16 18 22"
1518,TK-1518,"01 09 15 17 18 25"
1519,TK-1519,"01 09 15 17 22 26"
1520,TK-1520,"01 09 15 18 19 23"
1521,TK-1521,"01 09 15 18 20 26"
1522,TK-1522,"01 09 15 18 21 22"
1523,TK-1523,"01 09 15 19 20 22"
1524,TK-1524,"01 09 15 19 24 25"
1525,TK-1525,"01 09 15 19 26 27"
1526,TK-1526,"01 09 15 20 21 23"
1527,TK-1527,"01 09 15 20 22 24"
1528,TK-1528,"01 09 15 20 25 27"
1529,TK-1529,"01 09 15 21 24 26"
1530,TK-1530,"01 09 15 22 23 27"
1531,TK-1531,"01 09 16 17 18 26"
1532,TK-1532,"01 09 16 18 20 21"
1533,TK-1533,"01 09 16 19 20 22"
1534,TK-1534,"01 09 16 19 21 25"
1535,TK-1535,"01 09 16 19 24 26"
1536,TK-1536,"01 09 16 19 26 27"
1537,TK-1537,"01 09 16 20 21 27"
1538,TK-1538,"01 09 16 21 23 24"
1539,TK-1539,"01 09 16 21 25 26"
1540,TK-1540,"01 09 16 22 23 26"
1541,TK-1541,"01 09 16 22 25 27"
1542,TK-1542,"01 09 16 23 24 25"
1543,TK-1543,"01 09 17 18 19 22"
1544,TK-1544,"01 09 17 18 20 27"
1545,TK-1545,"01 09 17 18 21 24"
1546,TK-1546,"01 09 17 19 23 27"
1547,TK-1547,"01 09 17 20 21 26"
1548,TK-1548,"01 09 17 20 23 24"
1549,TK-1549,"01 09 17 20 25 27"
1550,TK-1550,"01 09 17 21 22 23"
1551,TK-1551,"01 09 17 22 24 25"
1552,TK-1552,"01 09 17 23 25 26"
1553,TK-1553,"01 09 17 24 26 27"
1554,TK-1554,"01 09 18 20 23 24"
1555,TK-1555,"01 09 18 21 22 27"
1556,TK-1556,"01 09 18 21 25 27"
1557,TK-1557,"01 09 18 22 24 25"
1558,TK-1558,"01 09 18 23 24 26"
1559,TK-1559,"01 09 19 21 22 24"
1560,TK-1560,"01 09 19 21 23 26"
1561,TK-1561,"01 09 19 22 25 26"
1562,TK-1562,"01 09 19 24 25 27"
1563,TK-1563,"01 09 20 23 26 27"
1564,TK-1564,"01 09 20 24 25 26"
1565,TK-1565,"01 09 22 23 24 27"
1566,TK-1566,"01 10 11 12 15 16"
1567,TK-1567,"01 10 11 13 14 18"
1568,TK-1568,"01 10 11 13 15 16"
1569,TK-1569,"01 10 11 14 16 17"
1570,TK-1570,"01 10 11 14 16 25"
1571,TK-1571,"01 10 11 15 18 21"
1572,TK-1572,"01 10 11 15 19 20"
1573,TK-1573,"01 10 11 15 26 27"
1574,TK-1574,"01 10 11 16 19 21"
1575,TK-1575,"01 10 11 16 22 24"
1576,TK-1576,"01 10 11 16 26 27"
1577,TK-1577,"01 10 11 17 19 22"
1578,TK-1578,"01 10 11 17 20 22"
1579,TK-1579,"01 10 11 17 21 27"
1580,TK-1580,"01 10 11 17 23 26"
1581,TK-1581,"01 10 11 18 19 25"
1582,TK-1582,"01 10 11 18 22 23"
1583,TK-1583,"01 10 11 19 20 26"
1584,TK-1584,"01 10 11 19 23 27"
1585,TK-1585,"01 10 11 20 21 24"
1586,TK-1586,"01 10 11 20 23 25"
1587,TK-1587,"01 10 11 21 22 23"
1588,TK-1588,"01 10 11 21 22 25"
1589,TK-1589,"01 10 11 21 26 27"
1590,TK-1590,"01 10 11 22 24 27"
1591,TK-1591,"01 10 11 23 24 26"
1592,TK-1592,"01 10 12 13 14 25"
1593,TK-1593,"01 10 12 13 19 21"
1594,TK-1594,"01 10 12 14 15 26"
1595,TK-1595,"01 10 12 14 19 20"
1596,TK-1596,"01 10 12 15 17 22"
1597,TK-1597,"01 10 12 15 21 24"
1598,TK-1598,"01 10 12 16 17 18"
1599,TK-1599,"01 10 12 16 19 26"
1600,TK-1600,"01 10 12 16 21 27"
1601,TK-1601,"01 10 12 16 22 23"
1602,TK-1602,"01 10 12 17 19 26"
1603,TK-1603,"01 10 12 17 20 23"
1604,TK-1604,"01 10 12 17 24 27"
1605,TK-1605,"01 10 12 18 19 25"
1606,TK-1606,"01 10 12 18 22 26"
1607,TK-1607,"01 10 12 18 23 24"
1608,TK-1608,"01 10 12 19 24 27"
1609,TK-1609,"01 10 12 20 21 22"
1610,TK-1610,"01 10 12 20 22 24"
1611,TK-1611,"01 10 12 20 25 27"
1612,TK-1612,"01 10 12 21 23 25"
1613,TK-1613,"01 10 12 21 23 26"
1614,TK-1614,"01 10 12 24 26 27"
1615,TK-1615,"01 10 13 14 15 25"
1616,TK-1616,"01 10 13 14 17 27"
1617,TK-1617,"01 10 13 14 20 21"
1618,TK-1618,"01 10 13 15 16 23"
1619,TK-1619,"01 10 13 16 17 22"
1620,TK-1620,"01 10 13 16 17 24"
1621,TK-1621,"01 10 13 16 19 25"
1622,TK-1622,"01 10 13 17 18 21"
1623,TK-1623,"01 10 13 17 19 20"
1624,TK-1624,"01 10 13 17 19 26"
1625,TK-1625,"01 10 13 18 20 22"
1626,TK-1626,"01 10 13 18 22 26"
1627,TK-1627,"01 10 13 18 23 25"
1628,TK-1628,"01 10 13 19 21 24"
1629,TK-1629,"01 10 13 19 22 23"
1630,TK-1630,"01 10 13 20 23 24"
1631,TK-1631,"01 10 13 20 23 26"
1632,TK-1632,"01 10 13 21 22 25"
1633,TK-1633,"01 10 13 21 26 27"
1634,TK-1634,"01 10 13 22 24 27"
1635,TK-1635,"01 10 13 22 25 26"
1636,TK-1636,"01 10 13 23 26 27"
1637,TK-1637,"01 10 13 24 25 27"
1638,TK-1638,"01 10 14 15 17 24"
1639,TK-1639,"01 10 14 15 18 22"
1640,TK-1640,"01 10 14 15 20 23"
1641,TK-1641,"01 10 14 16 18 19"
1642,TK-1642,"01 10 14 17 18 21"
1643,TK-1643,"01 10 14 17 19 22"
1644,TK-1644,"01 10 14 17 24 27"
1645,TK-1645,"01 10 14 18 22 26"
1646,TK-1646,"01 10 14 18 23 25"
1647,TK-1647,"01 10 14 19 24 26"
1648,TK-1648,"01 10 14 19 25 27"
1649,TK-1649,"01 10 14 20 21 24"
1650,TK-1650,"01 10 14 20 22 25"
1651,TK-1651,"01 10 14 20 23 26"
1652,TK-1652,"01 10 14 20 24 27"
1653,TK-1653,"01 10 14 21 22 23"
1654,TK-1654,"01 10 14 21 25 26"
1655,TK-1655,"01 10 14 22 26 27"
1656,TK-1656,"01 10 14 24 25 26"
1657,TK-1657,"01 10 15 16 17 20"
1658,TK-1658,"01 10 15 16 21 25"
1659,TK-1659,"01 10 15 17 19 21"
1660,TK-1660,"01 10 15 17 22 25"
1661,TK-1661,"01 10 15 18 19 23"
1662,TK-1662,"01 10 15 18 20 25"
1663,TK-1663,"01 10 15 18 21 27"
1664,TK-1664,"01 10 15 19 20 26"
1665,TK-1665,"01 10 15 19 20 27"
1666,TK-1666,"01 10 15 19 24 25"
1667,TK-1667,"01 10 15 20 21 27"
1668,TK-1668,"01 10 15 20 22 24"
1669,TK-1669,"01 10 15 21 23 24"
1670,TK-1670,"01 10 15 22 23 26"
1671,TK-1671,"01 10 15 23 25 27"
1672,TK-1672,"01 10 15 24 26 27"
1673,TK-1673,"01 10 16 17 18 23"
1674,TK-1674,"01 10 16 18 20 27"
1675,TK-1675,"01 10 16 19 20 24"
1676,TK-1676,"01 10 16 19 21 22"
1677,TK-1677,"01 10 16 20 21 23"
1678,TK-1678,"01 10 16 20 22 25"
1679,TK-1679,"01 10 16 21 22 26"
1680,TK-1680,"01 10 16 21 24 27"
1681,TK-1681,"01 10 16 22 25 27"
1682,TK-1682,"01 10 16 23 24 25"
1683,TK-1683,"01 10 16 23 26 27"
1684,TK-1684,"01 10 17 18 19 27"
1685,TK-1685,"01 10 17 18 20 22"
1686,TK-1686,"01 10 17 20 21 24"
1687,TK-1687,"01 10 17 20 25 27"
1688,TK-1688,"01 10 17 21 22 26"
1689,TK-1689,"01 10 17 21 23 27"
1690,TK-1690,"01 10 17 22 23 25"
1691,TK-1691,"01 10 17 24 25 26"
1692,TK-1692,"01 10 18 19 21 24"
1693,TK-1693,"01 10 18 19 23 26"
1694,TK-1694,"01 10 18 21 22 25"
1695,TK-1695,"01 10 18 21 23 24"
1696,TK-1696,"01 10 18 22 23 27"
1697,TK-1697,"01 10 18 24 26 27"
1698,TK-1698,"01 10 19 20 21 26"
1699,TK-1699,"01 10 19 20 22 23"
1700,TK-1700,"01 10 19 21 23 25"
1701,TK-1701,"01 10 19 22 24 25"
1702,TK-1702,"01 10 19 22 26 27"
1703,TK-1703,"01 10 20 23 26 27"
1704,TK-1704,"01 10 21 24 25 26"
1705,TK-1705,"01 11 12 13 14 21"
1706,TK-1706,"01 11 12 14 15 19"
1707,TK-1707,"01 11 12 14 16 20"
1708,TK-1708,"01 11 12 15 17 21"
1709,TK-1709,"01 11 12 16 18 22"
1710,TK-1710,"01 11 12 17 19 23"
1711,TK-1711,"01 11 12 17 20 25"
1712,TK-1712,"01 11 12 17 21 26"
1713,TK-1713,"01 11 12 18 20 27"
1714,TK-1714,"01 11 12 18 23 24"
1715,TK-1715,"01 11 12 19 20 21"
1716,TK-1716,"01 11 12 19 21 26"
1717,TK-1717,"01 11 12 19 22 27"
1718,TK-1718,"01 11 12 19 24 25"
1719,TK-1719,"01 11 12 20 22 26"
1720,TK-1720,"01 11 12 20 24 27"
1721,TK-1721,"01 11 12 21 22 24"
1722,TK-1722,"01 11 12 21 23 27"
1723,TK-1723,"01 11 12 22 23 25"
1724,TK-1724,"01 11 12 23 25 26"
1725,TK-1725,"01 11 12 24 26 27"
1726,TK-1726,"01 11 13 14 19 22"
1727,TK-1727,"01 11 13 15 17 22"
1728,TK-1728,"01 11 13 15 18 27"
1729,TK-1729,"01 11 13 16 17 25"
1730,TK-1730,"01 11 13 16 18 23"
1731,TK-1731,"01 11 13 16 19 27"
1732,TK-1732,"01 11 13 16 21 22"
1733,TK-1733,"01 11 13 17 18 24"
1734,TK-1734,"01 11 13 17 21 27"
1735,TK-1735,"01 11 13 18 19 20"
1736,TK-1736,"01 11 13 18 21 26"
1737,TK-1737,"01 11 13 19 20 27"
1738,TK-1738,"01 11 13 19 21 24"
1739,TK-1739,"01 11 13 19 23 26"
1740,TK-1740,"01 11 13 20 23 24"
1741,TK-1741,"01 11 13 20 26 27"
1742,TK-1742,"01 11 13 22 23 24"
1743,TK-1743,"01 11 13 22 23 25"
1744,TK-1744,"01 11 13 22 26 27"
1745,TK-1745,"01 11 13 24 25 27"
1746,TK-1746,"01 11 14 15 16 23"
1747,TK-1747,"01 11 14 15 21 24"
1748,TK-1748,"01 11 14 16 18 21"
1749,TK-1749,"01 11 14 16 25 26"
1750,TK-1750,"01 11 14 17 18 23"
1751,TK-1751,"01 11 14 17 19 21"
1752,TK-1752,"01 11 14 17 22 24"
1753,TK-1753,"01 11 14 18 19 24"
1754,TK-1754,"01 11 14 18 19 27"
1755,TK-1755,"01 11 14 18 20 26"
1756,TK-1756,"01 11 14 19 20 24"
1757,TK-1757,"01 11 14 19 23 25"
1758,TK-1758,"01 11 14 20 21 23"
1759,TK-1759,"01 11 14 20 22 25"
1760,TK-1760,"01 11 14 21 26 27"
1761,TK-1761,"01 11 14 23 24 25"
1762,TK-1762,"01 11 14 25 26 27"
1763,TK-1763,"01 11 15 16 18 25"
1764,TK-1764,"01 11 15 16 20 24"
1765,TK-1765,"01 11 15 17 18 27"
1766,TK-1766,"01 11 15 17 19 25"
1767,TK-1767,"01 11 15 17 22 23"
1768,TK-1768,"01 11 15 18 20 21"
1769,TK-1769,"01 11 15 18 23 26"
1770,TK-1770,"01 11 15 19 20 22"
1771,TK-1771,"01 11 15 19 24 25"
1772,TK-1772,"01 11 15 20 21 27"
1773,TK-1773,"01 11 15 20 25 26"
1774,TK-1774,"01 11 15 21 22 25"
1775,TK-1775,"01 11 15 22 24 27"
1776,TK-1776,"01 11 15 23 24 26"
1777,TK-1777,"01 11 15 23 25 27"
1778,TK-1778,"01 11 16 17 18 24"
1779,TK-1779,"01 11 16 18 19 26"
1780,TK-1780,"01 11 16 19 20 23"
1781,TK-1781,"01 11 16 19 21 25"
1782,TK-1782,"01 11 16 20 21 27"
1783,TK-1783,"01 11 16 21 24 26"
1784,TK-1784,"01 11 16 22 23 26"
1785,TK-1785,"01 11 16 22 24 25"
1786,TK-1786,"01 11 16 23 24 27"
1787,TK-1787,"01 11 17 18 19 21"
1788,TK-1788,"01 11 17 19 20 27"
1789,TK-1789,"01 11 17 19 23 24"
1790,TK-1790,"01 11 17 20 21 24"
1791,TK-1791,"01 11 17 20 25 26"
1792,TK-1792,"01 11 17 21 22 25"
1793,TK-1793,"01 11 17 21 23 27"
1794,TK-1794,"01 11 17 22 26 27"
1795,TK-1795,"01 11 17 23 24 26"
1796,TK-1796,"01 11 17 24 25 27"
1797,TK-1797,"01 11 18 19 20 24"
1798,TK-1798,"01 11 18 20 21 22"
1799,TK-1799,"01 11 18 20 23 27"
1800,TK-1800,"01 11 18 21 23 24"
1801,TK-1801,"01 11 18 21 25 27"
1802,TK-1802,"01 11 18 22 25 26"
1803,TK-1803,"01 11 18 24 26 27"
1804,TK-1804,"01 11 19 21 22 26"
1805,TK-1805,"01 11 19 21 24 27"
1806,TK-1806,"01 11 19 22 23 27"
1807,TK-1807,"01 11 19 23 25 26"
1808,TK-1808,"01 11 20 22 24 26"
1809,TK-1809,"01 11 20 22 25 27"
1810,TK-1810,"01 11 20 23 24 25"
1811,TK-1811,"01 11 21 22 24 25"
1812,TK-1812,"01 12 13 14 16 19"
1813,TK-1813,"01 12 13 15 16 26"
1814,TK-1814,"01 12 13 16 17 24"
1815,TK-1815,"01 12 13 16 23 27"
1816,TK-1816,"01 12 13 17 20 22"
1817,TK-1817,"01 12 13 17 22 27"
1818,TK-1818,"01 12 13 17 23 26"
1819,TK-1819,"01 12 13 18 22 25"
1820,TK-1820,"01 12 13 18 24 27"
1821,TK-1821,"01 12 13 19 20 25"
1822,TK-1822,"01 12 13 19 22 23"
1823,TK-1823,"01 12 13 20 21 23"
1824,TK-1824,"01 12 13 20 24 25"
1825,TK-1825,"01 12 13 20 26 27"
1826,TK-1826,"01 12 13 21 22 24"
1827,TK-1827,"01 12 13 21 24 26"
1828,TK-1828,"01 12 13 21 25 27"
1829,TK-1829,"01 12 13 23 24 26"
1830,TK-1830,"01 12 14 15 17 26"
1831,TK-1831,"01 12 14 15 18 27"
1832,TK-1832,"01 12 14 16 17 21"
1833,TK-1833,"01 12 14 16 18 24"
1834,TK-1834,"01 12 14 16 20 25"
1835,TK-1835,"01 12 14 17 19 27"
1836,TK-1836,"01 12 14 18 19 21"
1837,TK-1837,"01 12 14 18 20 26"
1838,TK-1838,"01 12 14 19 20 24"
1839,TK-1839,"01 12 14 19 22 23"
1840,TK-1840,"01 12 14 19 23 26"
1841,TK-1841,"01 12 14 20 21 22"
1842,TK-1842,"01 12 14 21 23 25"
1843,TK-1843,"01 12 14 21 26 27"
1844,TK-1844,"01 12 14 22 25 27"
1845,TK-1845,"01 12 14 23 24 27"
1846,TK-1846,"01 12 15 16 17 27"
1847,TK-1847,"01 12 15 17 18 24"
1848,TK-1848,"01 12 15 18 19 27"
1849,TK-1849,"01 12 15 18 20 23"
1850,TK-1850,"01 12 15 19 20 22"
1851,TK-1851,"01 12 15 19 23 26"
1852,TK-1852,"01 12 15 20 21 24"
1853,TK-1853,"01 12 15 20 21 26"
1854,TK-1854,"01 12 15 20 23 25"
1855,TK-1855,"01 12 15 21 22 26"
1856,TK-1856,"01 12 15 21 23 27"
1857,TK-1857,"01 12 15 22 23 24"
1858,TK-1858,"01 12 15 22 25 27"
1859,TK-1859,"01 12 15 24 26 27"
1860,TK-1860,"01 12 16 17 18 25"
1861,TK-1861,"01 12 16 17 20 24"
1862,TK-1862,"01 12 16 18 19 22"
1863,TK-1863,"01 12 16 18 21 26"
1864,TK-1864,"01 12 16 19 20 22"
1865,TK-1865,"01 12 16 19 21 27"
1866,TK-1866,"01 12 16 19 23 26"
1867,TK-1867,"01 12 16 20 22 23"
1868,TK-1868,"01 12 16 20 26 27"
1869,TK-1869,"01 12 16 21 22 23"
1870,TK-1870,"01 12 16 21 25 26"
1871,TK-1871,"01 12 16 22 24 27"
1872,TK-1872,"01 12 17 18 19 23"
1873,TK-1873,"01 12 17 19 21 25"
1874,TK-1874,"01 12 17 19 24 26"
1875,TK-1875,"01 12 17 20 21 27"
1876,TK-1876,"01 12 17 20 23 26"
1877,TK-1877,"01 12 17 21 22 23"
1878,TK-1878,"01 12 17 22 24 25"
1879,TK-1879,"01 12 17 25 26 27"
1880,TK-1880,"01 12 18 19 20 26"
1881,TK-1881,"01 12 18 19 25 27"
1882,TK-1882,"01 12 18 20 24 25"
1883,TK-1883,"01 12 18 21 22 25"
1884,TK-1884,"01 12 18 21 23 27"
1885,TK-1885,"01 12 18 22 24 26"
1886,TK-1886,"01 12 18 23 25 26"
1887,TK-1887,"01 12 19 20 21 25"
1888,TK-1888,"01 12 19 20 23 27"
1889,TK-1889,"01 12 19 21 22 24"
1890,TK-1890,"01 12 19 23 24 25"
1891,TK-1891,"01 12 20 22 25 26"
1892,TK-1892,"01 12 20 24 26 27"
1893,TK-1893,"01 12 21 22 26 27"
1894,TK-1894,"01 12 21 23 24 26"
1895,TK-1895,"01 12 21 24 25 27"
1896,TK-1896,"01 12 22 23 25 27"
1897,TK-1897,"01 13 14 15 16 21"
1898,TK-1898,"01 13 14 16 17 26"
1899,TK-1899,"01 13 14 16 23 27"
1900,TK-1900,"01 13 14 17 18 22"
1901,TK-1901,"01 13 14 17 19 20"
1902,TK-1902,"01 13 14 18 20 26"
1903,TK-1903,"01 13 14 18 24 25"
1904,TK-1904,"01 13 14 19 20 24"
1905,TK-1905,"01 13 14 20 24 27"
1906,TK-1906,"01 13 14 21 22 23"
1907,TK-1907,"01 13 14 21 24 26"
1908,TK-1908,"01 13 14 21 25 27"
1909,TK-1909,"01 13 14 22 26 27"
1910,TK-1910,"01 13 15 16 18 24"
1911,TK-1911,"01 13 15 17 18 25"
1912,TK-1912,"01 13 15 17 19 21"
1913,TK-1913,"01 13 15 18 21 26"
1914,TK-1914,"01 13 15 19 22 27"
1915,TK-1915,"01 13 15 19 25 26"
1916,TK-1916,"01 13 15 20 22 25"
1917,TK-1917,"01 13 15 20 23 26"
1918,TK-1918,"01 13 15 20 24 27"
1919,TK-1919,"01 13 15 21 23 24"
1920,TK-1920,"01 13 15 24 26 27"
1921,TK-1921,"01 13 16 17 18 27"
1922,TK-1922,"01 13 16 18 21 23"
1923,TK-1923,"01 13 16 19 20 21"
1924,TK-1924,"01 13 16 19 22 27"
1925,TK-1925,"01 13 16 19 24 26"
1926,TK-1926,"01 13 16 20 22 24"
1927,TK-1927,"01 13 16 20 25 27"
1928,TK-1928,"01 13 16 21 25 26"
1929,TK-1929,"01 13 16 22 23 26"
1930,TK-1930,"01 13 16 23 24 25"
1931,TK-1931,"01 13 17 18 20 21"
1932,TK-1932,"01 13 17 19 22 27"
1933,TK-1933,"01 13 17 19 23 25"
1934,TK-1934,"01 13 17 20 25 27"
1935,TK-1935,"01 13 17 21 22 23"
1936,TK-1936,"01 13 17 21 24 26"
1937,TK-1937,"01 13 17 22 24 25"
1938,TK-1938,"01 13 17 23 24 27"
1939,TK-1939,"01 13 18 19 21 23"
1940,TK-1940,"01 13 18 19 26 27"
1941,TK-1941,"01 13 18 20 23 27"
1942,TK-1942,"01 13 18 21 25 27"
1943,TK-1943,"01 13 18 22 24 27"
1944,TK-1944,"01 13 18 23 25 26"
1945,TK-1945,"01 13 19 20 22 26"
1946,TK-1946,"01 13 19 21 23 25"
1947,TK-1947,"01 13 19 21 24 27"
1948,TK-1948,"01 13 19 22 24 25"
1949,TK-1949,"01 13 20 21 22 27"
1950,TK-1950,"01 13 20 22 23 25"
1951,TK-1951,"01 13 20 23 26 27"
1952,TK-1952,"01 13 20 24 25 26"
1953,TK-1953,"01 13 21 22 23 26"
1954,TK-1954,"01 13 22 25 26 27"
1955,TK-1955,"01 14 15 16 17 22"
1956,TK-1956,"01 14 15 17 18 23"
1957,TK-1957,"01 14 15 19 20 25"
1958,TK-1958,"01 14 15 19 21 27"
1959,TK-1959,"01 14 15 20 21 26"
1960,TK-1960,"01 14 15 20 22 24"
1961,TK-1961,"01 14 15 22 25 27"
1962,TK-1962,"01 14 15 23 24 25"
1963,TK-1963,"01 14 15 23 24 27"
1964,TK-1964,"01 14 16 17 18 19"
1965,TK-1965,"01 14 16 18 21 27"
1966,TK-1966,"01 14 16 18 22 23"
1967,TK-1967,"01 14 16 19 21 22"
1968,TK-1968,"01 14 16 19 25 27"
1969,TK-1969,"01 14 16 20 21 25"
1970,TK-1970,"01 14 16 20 22 27"
1971,TK-1971,"01 14 16 21 23 24"
1972,TK-1972,"01 14 16 22 24 26"
1973,TK-1973,"01 14 17 19 23 27"
1974,TK-1974,"01 14 17 19 25 26"
1975,TK-1975,"01 14 17 20 21 24"
1976,TK-1976,"01 14 17 20 23 25"
1977,TK-1977,"01 14 17 22 23 26"
1978,TK-1978,"01 14 17 22 25 27"
1979,TK-1979,"01 14 17 24 26 27"
1980,TK-1980,"01 14 18 19 20 22"
1981,TK-1981,"01 14 18 19 21 25"
1982,TK-1982,"01 14 18 20 21 26"
1983,TK-1983,"01 14 18 20 23 24"
1984,TK-1984,"01 14 18 22 24 25"
1985,TK-1985,"01 14 18 23 25 26"
1986,TK-1986,"01 14 19 21 24 27"
1987,TK-1987,"01 14 19 22 24 25"
1988,TK-1988,"01 14 19 22 26 27"
1989,TK-1989,"01 14 19 23 24 26"
1990,TK-1990,"01 14 20 21 22 26"
1991,TK-1991,"01 14 20 23 26 27"
1992,TK-1992,"01 14 21 22 23 24"
1993,TK-1993,"01 14 21 23 25 27"
1994,TK-1994,"01 14 21 24 25 26"
1995,TK-1995,"01 15 16 17 20 23"
1996,TK-1996,"01 15 16 18 19 27"
1997,TK-1997,"01 15 16 19 22 24"
1998,TK-1998,"01 15 16 19 23 26"
1999,TK-1999,"01 15 16 20 24 26"
2000,TK-2000,"01 15 16 22 24 27"
2001,TK-2001,"01 15 16 23 25 27"
2002,TK-2002,"01 15 17 18 20 22"
2003,TK-2003,"01 15 17 19 20 24"
2004,TK-2004,"01 15 17 20 25 27"
2005,TK-2005,"01 15 17 21 22 26"
2006,TK-2006,"01 15 17 21 24 25"
2007,TK-2007,"01 15 17 22 23 25"
2008,TK-2008,"01 15 17 22 24 27"
2009,TK-2009,"01 15 17 23 24 26"
2010,TK-2010,"01 15 18 19 24 26"
2011,TK-2011,"01 15 18 20 25 26"
2012,TK-2012,"01 15 18 21 22 26"
2013,TK-2013,"01 15 18 21 23 24"
2014,TK-2014,"01 15 18 22 23 27"
2015,TK-2015,"01 15 18 24 25 27"
2016,TK-2016,"01 15 19 20 21 23"
2017,TK-2017,"01 15 19 22 23 26"
2018,TK-2018,"01 15 19 23 24 25"
2019,TK-2019,"01 15 19 25 26 27"
2020,TK-2020,"01 15 20 22 23 27"
2021,TK-2021,"01 15 20 22 24 25"
2022,TK-2022,"01 15 21 23 25 26"
2023,TK-2023,"01 15 21 24 26 27"
2024,TK-2024,"01 15 22 23 24 26"
2025,TK-2025,"01 16 17 19 20 26"
2026,TK-2026,"01 16 17 19 21 25"
2027,TK-2027,"01 16 17 20 21 27"
2028,TK-2028,"01 16 17 21 23 27"
2029,TK-2029,"01 16 17 22 25 27"
2030,TK-2030,"01 16 17 23 24 25"
2031,TK-2031,"01 16 17 24 26 27"
2032,TK-2032,"01 16 18 19 24 25"
2033,TK-2033,"01 16 18 20 22 26"
2034,TK-2034,"01 16 18 20 24 27"
2035,TK-2035,"01 16 18 21 22 24"
2036,TK-2036,"01 16 18 21 23 25"
2037,TK-2037,"01 16 18 25 26 27"
2038,TK-2038,"01 16 19 20 23 24"
2039,TK-2039,"01 16 19 22 23 25"
2040,TK-2040,"01 16 19 24 26 27"
2041,TK-2041,"01 16 20 21 22 23"
2042,TK-2042,"01 16 20 23 26 27"
2043,TK-2043,"01 16 20 24 25 26"
2044,TK-2044,"01 16 21 22 25 26"
2045,TK-2045,"01 16 21 24 25 27"
2046,TK-2046,"01 16 22 23 24 27"
2047,TK-2047,"01 17 18 19 20 25"
2048,TK-2048,"01 17 18 21 26 27"
2049,TK-2049,"01 17 18 22 23 26"
2050,TK-2050,"01 17 18 24 25 26"
2051,TK-2051,"01 17 19 21 22 24"
2052,TK-2052,"01 17 19 21 23 26"
2053,TK-2053,"01 17 19 22 26 27"
2054,TK-2054,"01 17 19 24 25 27"
2055,TK-2055,"01 17 20 21 23 25"
2056,TK-2056,"01 17 20 22 23 24"
2057,TK-2057,"01 17 20 22 25 26"
2058,TK-2058,"01 17 21 22 25 27"
2059,TK-2059,"01 17 23 25 26 27"
2060,TK-2060,"01 18 19 20 21 27"
2061,TK-2061,"01 18 19 21 25 26"
2062,TK-2062,"01 18 19 22 23 25"
2063,TK-2063,"01 18 19 23 24 27"
2064,TK-2064,"01 18 20 21 22 24"
2065,TK-2065,"01 18 20 22 25 27"
2066,TK-2066,"01 18 20 23 24 25"
2067,TK-2067,"01 18 21 23 24 26"
2068,TK-2068,"01 18 22 24 26 27"
2069,TK-2069,"01 19 20 23 25 26"
2070,TK-2070,"01 19 20 24 25 27"
2071,TK-2071,"01 19 21 22 23 27"
2072,TK-2072,"01 19 22 24 25 26"
2073,TK-2073,"01 20 21 23 24 27"
2074,TK-2074,"01 20 21 25 26 27"
2075,TK-2075,"02 03 04 05 08 22"
2076,TK-2076,"02 03 04 05 18 26"
2077,TK-2077,"02 03 04 06 07 24"
2078,TK-2078,"02 03 04 06 08 11"
2079,TK-2079,"02 03 04 06 08 19"
2080,TK-2080,"02 03 04 06 09 21"
2081,TK-2081,"02 03 04 07 08 20"
2082,TK-2082,"02 03 04 07 10 17"
2083,TK-2083,"02 03 04 08 09 14"
2084,TK-2084,"02 03 04 08 10 13"
2085,TK-2085,"02 03 04 09 10 18"
2086,TK-2086,"02 03 04 09 11 26"
2087,TK-2087,"02 03 04 09 14 24"
2088,TK-2088,"02 03 04 09 15 27"
2089,TK-2089,"02 03 04 09 18 19"
2090,TK-2090,"02 03 04 10 11 23"
2091,TK-2091,"02 03 04 10 12 24"
2092,TK-2092,"02 03 04 10 14 26"
2093,TK-2093,"02 03 04 10 16 22"
2094,TK-2094,"02 03 04 11 12 25"
2095,TK-2095,"02 03 04 11 19 27"
2096,TK-2096,"02 03 04 11 20 21"
2097,TK-2097,"02 03 04 12 14 16"
2098,TK-2098,"02 03 04 12 15 24"
2099,TK-2099,"02 03 04 12 19 20"
2100,TK-2100,"02 03 04 12 20 26"
2101,TK-2101,"02 03 04 12 22 27"
2102,TK-2102,"02 03 04 13 14 19"
2103,TK-2103,"02 03 04 13 15 25"
2104,TK-2104,"02 03 04 13 17 27"
2105,TK-2105,"02 03 04 13 20 22"
2106,TK-2106,"02 03 04 13 21 24"
2107,TK-2107,"02 03 04 14 17 25"
2108,TK-2108,"02 03 04 14 20 22"
2109,TK-2109,"02 03 04 14 21 24"
2110,TK-2110,"02 03 04 15 17 24"
2111,TK-2111,"02 03 04 15 18 24"
2112,TK-2112,"02 03 04 15 20 23"
2113,TK-2113,"02 03 04 15 21 25"
2114,TK-2114,"02 03 04 15 22 26"
2115,TK-2115,"02 03 04 15 25 27"
2116,TK-2116,"02 03 04 15 26 27"
2117,TK-2117,"02 03 04 16 18 23"
2118,TK-2118,"02 03 04 16 19 26"
2119,TK-2119,"02 03 04 16 21 26"
2120,TK-2120,"02 03 04 16 22 24"
2121,TK-2121,"02 03 04 17 18 21"
2122,TK-2122,"02 03 04 17 18 22"
2123,TK-2123,"02 03 04 17 21 27"
2124,TK-2124,"02 03 04 17 23 25"
2125,TK-2125,"02 03 04 17 23 26"
2126,TK-2126,"02 03 04 18 20 24"
2127,TK-2127,"02 03 04 19 21 27"
2128,TK-2128,"02 03 04 22 23 24"
2129,TK-2129,"02 03 04 22 24 27"
2130,TK-2130,"02 03 05 06 07 12"
2131,TK-2131,"02 03 05 06 08 14"
2132,TK-2132,"02 03 05 06 08 20"
2133,TK-2133,"02 03 05 06 10 17"
2134,TK-2134,"02 03 05 07 14 24"
2135,TK-2135,"02 03 05 07 17 23"
2136,TK-2136,"02 03 05 08 10 16"
2137,TK-2137,"02 03 05 08 10 24"
2138,TK-2138,"02 03 05 09 11 22"
2139,TK-2139,"02 03 05 09 12 23"
2140,TK-2140,"02 03 05 09 15 26"
2141,TK-2141,"02 03 05 09 20 25"
2142,TK-2142,"02 03 05 09 23 27"
2143,TK-2143,"02 03 05 10 12 22"
2144,TK-2144,"02 03 05 10 14 25"
2145,TK-2145,"02 03 05 10 19 26"
2146,TK-2146,"02 03 05 10 20 27"
2147,TK-2147,"02 03 05 10 23 26"
2148,TK-2148,"02 03 05 11 15 17"
2149,TK-2149,"02 03 05 11 16 21"
2150,TK-2150,"02 03 05 11 19 27"
2151,TK-2151,"02 03 05 11 20 24"
2152,TK-2152,"02 03 05 12 17 26"
2153,TK-2153,"02 03 05 12 20 21"
2154,TK-2154,"02 03 05 13 14 18"
2155,TK-2155,"02 03 05 13 14 19"
2156,TK-2156,"02 03 05 13 15 26"
2157,TK-2157,"02 03 05 13 16 22"
2158,TK-2158,"02 03 05 13 21 25"
2159,TK-2159,"02 03 05 13 22 25"
2160,TK-2160,"02 03 05 14 15 20"
2161,TK-2161,"02 03 05 14 16 22"
2162,TK-2162,"02 03 05 14 23 24"
2163,TK-2163,"02 03 05 14 26 27"
2164,TK-2164,"02 03 05 15 17 24"
2165,TK-2165,"02 03 05 15 19 25"
2166,TK-2166,"02 03 05 15 21 22"
2167,TK-2167,"02 03 05 16 17 27"
2168,TK-2168,"02 03 05 16 18 24"
2169,TK-2169,"02 03 05 17 18 22"
2170,TK-2170,"02 03 05 17 19 25"
2171,TK-2171,"02 03 05 17 20 23"
2172,TK-2172,"02 03 05 17 21 26"
2173,TK-2173,"02 03 05 18 19 24"
2174,TK-2174,"02 03 05 18 19 27"
2175,TK-2175,"02 03 05 20 24 27"
2176,TK-2176,"02 03 05 21 23 27"
2177,TK-2177,"02 03 05 24 25 27"
2178,TK-2178,"02 03 06 07 09 10"
2179,TK-2179,"02 03 06 09 14 19"
2180,TK-2180,"02 03 06 09 17 22"
2181,TK-2181,"02 03 06 09 24 27"
2182,TK-2182,"02 03 06 10 11 16"
2183,TK-2183,"02 03 06 10 12 25"
2184,TK-2184,"02 03 06 10 13 20"
2185,TK-2185,"02 03 06 10 14 26"
2186,TK-2186,"02 03 06 10 14 27"
2187,TK-2187,"02 03 06 11 13 16"
2188,TK-2188,"02 03 06 11 13 18"
2189,TK-2189,"02 03 06 11 19 21"
2190,TK-2190,"02 03 06 11 24 26"
2191,TK-2191,"02 03 06 11 25 27"
2192,TK-2192,"02 03 06 12 17 27"
2193,TK-2193,"02 03 06 13 14 23"
2194,TK-2194,"02 03 06 13 14 27"
2195,TK-2195,"02 03 06 13 21 25"
2196,TK-2196,"02 03 06 13 21 27"
2197,TK-2197,"02 03 06 13 22 26"
2198,TK-2198,"02 03 06 14 21 24"
2199,TK-2199,"02 03 06 14 23 26"
2200,TK-2200,"02 03 06 15 16 19"
2201,TK-2201,"02 03 06 15 18 21"
2202,TK-2202,"02 03 06 15 18 27"
2203,TK-2203,"02 03 06 15 21 23"
2204,TK-2204,"02 03 06 15 25 26"
2205,TK-2205,"02 03 06 16 18 26"
2206,TK-2206,"02 03 06 16 19 24"
2207,TK-2207,"02 03 06 16 20 23"
2208,TK-2208,"02 03 06 16 25 26"
2209,TK-2209,"02 03 06 17 18 23"
2210,TK-2210,"02 03 06 17 19 26"
2211,TK-2211,"02 03 06 17 20 22"
2212,TK-2212,"02 03 06 17 21 22"
2213,TK-2213,"02 03 06 19 23 27"
2214,TK-2214,"02 03 06 20 26 27"
2215,TK-2215,"02 03 07 08 11 27"
2216,TK-2216,"02 03 07 08 12 27"
2217,TK-2217,"02 03 07 09 13 14"
2218,TK-2218,"02 03 07 09 16 26"
2219,TK-2219,"02 03 07 09 18 20"
2220,TK-2220,"02 03 07 09 22 24"
2221,TK-2221,"02 03 07 10 11 20"
2222,TK-2222,"02 03 07 10 12 15"
2223,TK-2223,"02 03 07 10 12 17"
2224,TK-2224,"02 03 07 10 13 27"
2225,TK-2225,"02 03 07 10 17 27"
2226,TK-2226,"02 03 07 10 19 25"
2227,TK-2227,"02 03 07 11 14 24"
2228,TK-2228,"02 03 07 11 16 23"
2229,TK-2229,"02 03 07 11 16 26"
2230,TK-2230,"02 03 07 12 21 26"
2231,TK-2231,"02 03 07 13 16 18"
2232,TK-2232,"02 03 07 13 19 24"
2233,TK-2233,"02 03 07 13 20 22"
2234,TK-2234,"02 03 07 13 22 26"
2235,TK-2235,"02 03 07 14 15 27"
2236,TK-2236,"02 03 07 14 16 25"
2237,TK-2237,"02 03 07 14 19 20"
2238,TK-2238,"02 03 07 14 21 23"
2239,TK-2239,"02 03 07 14 22 25"
2240,TK-2240,"02 03 07 14 24 26"
2241,TK-2241,"02 03 07 15 16 20"
2242,TK-2242,"02 03 07 15 17 18"
2243,TK-2243,"02 03 07 15 25 27"
2244,TK-2244,"02 03 07 16 20 23"
2245,TK-2245,"02 03 07 16 20 26"
2246,TK-2246,"02 03 07 16 20 27"
2247,TK-2247,"02 03 07 17 19 26"
2248,TK-2248,"02 03 07 17 21 25"
2249,TK-2249,"02 03 07 17 22 24"
2250,TK-2250,"02 03 07 18 19 23"
2251,TK-2251,"02 03 07 18 22 23"
2252,TK-2252,"02 03 07 19 22 25"
2253,TK-2253,"02 03 07 21 22 27"
2254,TK-2254,"02 03 07 21 25 26"
2255,TK-2255,"02 03 08 09 10 23"
2256,TK-2256,"02 03 08 09 13 15"
2257,TK-2257,"02 03 08 09 15 24"
2258,TK-2258,"02 03 08 09 17 22"
2259,TK-2259,"02 03 08 10 12 15"
2260,TK-2260,"02 03 08 10 12 26"
2261,TK-2261,"02 03 08 10 14 21"
2262,TK-2262,"02 03 08 10 23 27"
2263,TK-2263,"02 03 08 11 12 17"
2264,TK-2264,"02 03 08 11 14 20"
2265,TK-2265,"02 03 08 11 14 22"
2266,TK-2266,"02 03 08 11 16 23"
2267,TK-2267,"02 03 08 11 18 19"
2268,TK-2268,"02 03 08 11 19 26"
2269,TK-2269,"02 03 08 12 13 23"
2270,TK-2270,"02 03 08 12 15 25"
2271,TK-2271,"02 03 08 12 18 21"
2272,TK-2272,"02 03 08 12 19 22"
2273,TK-2273,"02 03 08 13 16 24"
2274,TK-2274,"02 03 08 13 18 19"
2275,TK-2275,"02 03 08 14 16 25"
2276,TK-2276,"02 03 08 14 20 26"
2277,TK-2277,"02 03 08 14 21 25"
2278,TK-2278,"02 03 08 15 17 22"
2279,TK-2279,"02 03 08 15 18 23"
2280,TK-2280,"02 03 08 15 18 26"
2281,TK-2281,"02 03 08 15 25 27"
2282,TK-2282,"02 03 08 16 17 20"
2283,TK-2283,"02 03 08 16 19 27"
2284,TK-2284,"02 03 08 16 23 26"
2285,TK-2285,"02 03 08 17 19 25"
2286,TK-2286,"02 03 08 17 21 24"
2287,TK-2287,"02 03 08 18 21 27"
2288,TK-2288,"02 03 08 18 24 25"
2289,TK-2289,"02 03 08 19 20 24"
2290,TK-2290,"02 03 08 20 22 27"
2291,TK-2291,"02 03 08 21 23 25"
2292,TK-2292,"02 03 08 22 25 26"
2293,TK-2293,"02 03 08 23 24 27"
2294,TK-2294,"02 03 09 10 14 21"
2295,TK-2295,"02 03 09 10 15 19"
2296,TK-2296,"02 03 09 11 12 18"
2297,TK-2297,"02 03 09 11 13 22"
2298,TK-2298,"02 03 09 11 19 20"
2299,TK-2299,"02 03 09 12 14 24"
2300,TK-2300,"02 03 09 12 17 26"
2301,TK-2301,"02 03 09 13 14 17"
2302,TK-2302,"02 03 09 13 25 26"
2303,TK-2303,"02 03 09 15 17 20"
2304,TK-2304,"02 03 09 16 19 23"
2305,TK-2305,"02 03 09 18 20 22"
2306,TK-2306,"02 03 09 18 23 26"
2307,TK-2307,"02 03 10 11 13 17"
2308,TK-2308,"02 03 10 11 14 27"
2309,TK-2309,"02 03 10 14 16 23"
2310,TK-2310,"02 03 10 15 16 21"
2311,TK-2311,"02 03 10 15 19 23"
2312,TK-2312,"02 03 10 15 20 22"
2313,TK-2313,"02 03 10 17 18 27"
2314,TK-2314,"02 03 10 23 24 25"
2315,TK-2315,"02 03 11 12 16 23"
2316,TK-2316,"02 03 11 13 15 26"
2317,TK-2317,"02 03 11 14 15 17"
2318,TK-2318,"02 03 11 14 15 22"
2319,TK-2319,"02 03 11 14 24 25"
2320,TK-2320,"02 03 11 15 18 26"
2321,TK-2321,"02 03 11 16 18 25"
2322,TK-2322,"02 03 12 13 19 27"
2323,TK-2323,"02 03 12 14 18 25"
2324,TK-2324,"02 03 12 14 23 27"
2325,TK-2325,"02 03 12 15 16 22"
2326,TK-2326,"02 03 12 15 18 20"
2327,TK-2327,"02 03 12 16 18 19"
2328,TK-2328,"02 03 12 19 22 24"
2329,TK-2329,"02 03 13 15 23 25"
2330,TK-2330,"02 03 13 16 23 26"
2331,TK-2331,"02 03 13 18 25 26"
2332,TK-2332,"02 03 14 16 17 25"
2333,TK-2333,"02 04 05 06 07 27"
2334,TK-2334,"02 04 05 06 08 26"
2335,TK-2335,"02 04 05 07 09 10"
2336,TK-2336,"02 04 05 08 09 27"
2337,TK-2337,"02 04 05 08 10 16"
2338,TK-2338,"02 04 05 08 14 24"
2339,TK-2339,"02 04 05 09 12 16"
2340,TK-2340,"02 04 05 09 13 23"
2341,TK-2341,"02 04 05 09 17 18"
2342,TK-2342,"02 04 05 09 20 21"
2343,TK-2343,"02 04 05 10 11 27"
2344,TK-2344,"02 04 05 10 13 19"
2345,TK-2345,"02 04 05 10 15 17"
2346,TK-2346,"02 04 05 10 16 27"
2347,TK-2347,"02 04 05 10 22 25"
2348,TK-2348,"02 04 05 11 13 19"
2349,TK-2349,"02 04 05 11 14 19"
2350,TK-2350,"02 04 05 11 15 21"
2351,TK-2351,"02 04 05 11 15 26"
2352,TK-2352,"02 04 05 11 17 25"
2353,TK-2353,"02 04 05 12 13 23"
2354,TK-2354,"02 04 05 12 15 20"
2355,TK-2355,"02 04 05 12 16 22"
2356,TK-2356,"02 04 05 12 16 26"
2357,TK-2357,"02 04 05 12 17 24"
2358,TK-2358,"02 04 05 13 14 27"
2359,TK-2359,"02 04 05 13 15 24"
2360,TK-2360,"02 04 05 14 15 17"
2361,TK-2361,"02 04 05 14 18 23"
2362,TK-2362,"02 04 05 14 21 22"
2363,TK-2363,"02 04 05 14 25 26"
2364,TK-2364,"02 04 05 15 18 27"
2365,TK-2365,"02 04 05 15 20 27"
2366,TK-2366,"02 04 05 15 22 26"
2367,TK-2367,"02 04 05 15 23 24"
2368,TK-2368,"02 04 05 16 17 20"
2369,TK-2369,"02 04 05 16 19 25"
2370,TK-2370,"02 04 05 16 21 24"
2371,TK-2371,"02 04 05 16 21 25"
2372,TK-2372,"02 04 05 16 23 27"
2373,TK-2373,"02 04 05 17 18 24"
2374,TK-2374,"02 04 05 17 21 25"
2375,TK-2375,"02 04 05 17 25 26"
2376,TK-2376,"02 04 05 18 19 23"
2377,TK-2377,"02 04 05 18 21 22"
2378,TK-2378,"02 04 05 19 21 22"
2379,TK-2379,"02 04 05 19 22 27"
2380,TK-2380,"02 04 05 19 24 26"
2381,TK-2381,"02 04 05 20 22 25"
2382,TK-2382,"02 04 05 20 22 26"
2383,TK-2383,"02 04 05 20 23 27"
2384,TK-2384,"02 04 05 21 25 27"
2385,TK-2385,"02 04 05 22 24 25"
2386,TK-2386,"02 04 06 07 08 22"
2387,TK-2387,"02 04 06 07 09 21"
2388,TK-2388,"02 04 06 07 12 19"
2389,TK-2389,"02 04 06 08 12 23"
2390,TK-2390,"02 04 06 09 10 23"
2391,TK-2391,"02 04 06 09 13 15"
2392,TK-2392,"02 04 06 09 13 19"
2393,TK-2393,"02 04 06 09 14 17"
2394,TK-2394,"02 04 06 09 14 22"
2395,TK-2395,"02 04 06 09 16 25"
2396,TK-2396,"02 04 06 10 12 19"
2397,TK-2397,"02 04 06 10 15 25"
2398,TK-2398,"02 04 06 10 17 21"
2399,TK-2399,"02 04 06 11 12 18"
2400,TK-2400,"02 04 06 11 12 20"
2401,TK-2401,"02 04 06 11 13 24"
2402,TK-2402,"02 04 06 11 13 26"
2403,TK-2403,"02 04 06 11 20 27"
2404,TK-2404,"02 04 06 12 14 15"
2405,TK-2405,"02 04 06 12 15 24"
2406,TK-2406,"02 04 06 12 20 22"
2407,TK-2407,"02 04 06 12 26 27"
2408,TK-2408,"02 04 06 13 14 18"
2409,TK-2409,"02 04 06 13 16 17"
2410,TK-2410,"02 04 06 13 16 19"
2411,TK-2411,"02 04 06 13 22 25"
2412,TK-2412,"02 04 06 14 15 21"
2413,TK-2413,"02 04 06 14 17 22"
2414,TK-2414,"02 04 06 14 18 27"
2415,TK-2415,"02 04 06 15 17 18"
2416,TK-2416,"02 04 06 15 17 21"
2417,TK-2417,"02 04 06 15 19 26"
2418,TK-2418,"02 04 06 15 22 23"
2419,TK-2419,"02 04 06 16 18 22"
2420,TK-2420,"02 04 06 16 20 25"
2421,TK-2421,"02 04 06 16 23 27"
2422,TK-2422,"02 04 06 16 24 26"
2423,TK-2423,"02 04 06 17 18 19"
2424,TK-2424,"02 04 06 17 18 26"
2425,TK-2425,"02 04 06 17 19 27"
2426,TK-2426,"02 04 06 17 23 25"
2427,TK-2427,"02 04 06 18 20 21"
2428,TK-2428,"02 04 06 18 21 23"
2429,TK-2429,"02 04 06 18 22 24"
2430,TK-2430,"02 04 06 19 20 22"
2431,TK-2431,"02 04 06 19 20 26"
2432,TK-2432,"02 04 06 19 23 24"
2433,TK-2433,"02 04 06 20 24 25"
2434,TK-2434,"02 04 06 21 22 26"
2435,TK-2435,"02 04 06 24 25 27"
2436,TK-2436,"02 04 07 08 13 21"
2437,TK-2437,"02 04 07 09 15 17"
2438,TK-2438,"02 04 07 09 22 23"
2439,TK-2439,"02 04 07 10 13 20"
2440,TK-2440,"02 04 07 10 17 25"
2441,TK-2441,"02 04 07 10 22 23"
2442,TK-2442,"02 04 07 10 24 27"
2443,TK-2443,"02 04 07 10 25 26"
2444,TK-2444,"02 04 07 11 14 24"
2445,TK-2445,"02 04 07 11 15 25"
2446,TK-2446,"02 04 07 11 16 27"
2447,TK-2447,"02 04 07 12 13 16"
2448,TK-2448,"02 04 07 12 20 24"
2449,TK-2449,"02 04 07 12 21 25"
2450,TK-2450,"02 04 07 12 23 25"
2451,TK-2451,"02 04 07 13 14 25"
2452,TK-2452,"02 04 07 13 18 26"
2453,TK-2453,"02 04 07 13 23 27"
2454,TK-2454,"02 04 07 14 17 24"
2455,TK-2455,"02 04 07 14 18 26"
2456,TK-2456,"02 04 07 14 21 26"
2457,TK-2457,"02 04 07 15 16 18"
2458,TK-2458,"02 04 07 15 22 25"
2459,TK-2459,"02 04 07 16 17 25"
2460,TK-2460,"02 04 07 16 19 21"
2461,TK-2461,"02 04 07 16 22 27"
2462,TK-2462,"02 04 07 17 22 25"
2463,TK-2463,"02 04 07 18 20 25"
2464,TK-2464,"02 04 07 19 20 27"
2465,TK-2465,"02 04 07 20 21 24"
2466,TK-2466,"02 04 07 22 23 24"
2467,TK-2467,"02 04 07 22 23 26"
2468,TK-2468,"02 04 08 09 10 13"
2469,TK-2469,"02 04 08 09 16 26"
2470,TK-2470,"02 04 08 10 14 18"
2471,TK-2471,"02 04 08 11 13 23"
2472,TK-2472,"02 04 08 11 14 20"
2473,TK-2473,"02 04 08 11 15 22"
2474,TK-2474,"02 04 08 11 17 24"
2475,TK-2475,"02 04 08 12 17 25"
2476,TK-2476,"02 04 08 12 18 26"
2477,TK-2477,"02 04 08 12 24 27"
2478,TK-2478,"02 04 08 13 14 22"
2479,TK-2479,"02 04 08 13 17 21"
2480,TK-2480,"02 04 08 13 22 24"
2481,TK-2481,"02 04 08 14 15 19"
2482,TK-2482,"02 04 08 14 15 27"
2483,TK-2483,"02 04 08 14 16 18"
2484,TK-2484,"02 04 08 15 16 20"
2485,TK-2485,"02 04 08 15 20 22"
2486,TK-2486,"02 04 08 15 21 27"
2487,TK-2487,"02 04 08 16 17 23"
2488,TK-2488,"02 04 08 16 18 19"
2489,TK-2489,"02 04 08 16 21 22"
2490,TK-2490,"02 04 08 17 20 25"
2491,TK-2491,"02 04 08 17 24 26"
2492,TK-2492,"02 04 08 18 19 20"
2493,TK-2493,"02 04 08 18 19 25"
2494,TK-2494,"02 04 08 18 22 24"
2495,TK-2495,"02 04 08 18 25 26"
2496,TK-2496,"02 04 08 18 25 27"
2497,TK-2497,"02 04 08 19 21 23"
2498,TK-2498,"02 04 08 19 23 24"
2499,TK-2499,"02 04 08 19 25 26"
2500,TK-2500,"02 04 08 20 21 24"
2501,TK-2501,"02 04 08 22 23 26"
2502,TK-2502,"02 04 09 10 11 26"
2503,TK-2503,"02 04 09 11 12 25"
2504,TK-2504,"02 04 09 11 15 27"
2505,TK-2505,"02 04 09 13 16 23"
2506,TK-2506,"02 04 09 13 24 27"
2507,TK-2507,"02 04 09 19 24 25"
2508,TK-2508,"02 04 09 21 24 26"
2509,TK-2509,"02 04 10 11 16 20"
2510,TK-2510,"02 04 10 12 13 17"
2511,TK-2511,"02 04 10 12 14 20"
2512,TK-2512,"02 04 10 12 21 23"
2513,TK-2513,"02 04 10 13 18 21"
2514,TK-2514,"02 04 11 14 16 25"
2515,TK-2515,"02 04 11 14 21 26"
2516,TK-2516,"02 04 11 15 16 23"
2517,TK-2517,"02 04 11 17 19 20"
2518,TK-2518,"02 04 11 20 21 27"
2519,TK-2519,"02 04 12 13 22 26"
2520,TK-2520,"02 04 13 14 15 24"
2521,TK-2521,"02 04 14 16 19 23"
2522,TK-2522,"02 05 06 07 08 23"
2523,TK-2523,"02 05 06 07 12 23"
2524,TK-2524,"02 05 06 08 09 11"
2525,TK-2525,"02 05 06 08 11 12"
2526,TK-2526,"02 05 06 08 11 21"
2527,TK-2527,"02 05 06 09 14 20"
2528,TK-2528,"02 05 06 09 16 24"
2529,TK-2529,"02 05 06 09 25 26"
2530,TK-2530,"02 05 06 10 13 14"
2531,TK-2531,"02 05 06 10 15 23"
2532,TK-2532,"02 05 06 10 16 21"
2533,TK-2533,"02 05 06 10 17 25"
2534,TK-2534,"02 05 06 10 18 24"
2535,TK-2535,"02 05 06 10 19 22"
2536,TK-2536,"02 05 06 10 20 27"
2537,TK-2537,"02 05 06 11 12 27"
2538,TK-2538,"02 05 06 11 14 19"
2539,TK-2539,"02 05 06 11 18 20"
2540,TK-2540,"02 05 06 11 21 26"
2541,TK-2541,"02 05 06 11 23 24"
2542,TK-2542,"02 05 06 12 13 21"
2543,TK-2543,"02 05 06 12 16 25"
2544,TK-2544,"02 05 06 12 18 24"
2545,TK-2545,"02 05 06 12 18 26"
2546,TK-2546,"02 05 06 12 22 27"
2547,TK-2547,"02 05 06 13 15 16"
2548,TK-2548,"02 05 06 13 17 27"
2549,TK-2549,"02 05 06 13 18 23"
2550,TK-2550,"02 05 06 14 15 17"
2551,TK-2551,"02 05 06 14 16 23"
2552,TK-2552,"02 05 06 14 18 22"
2553,TK-2553,"02 05 06 14 19 26"
2554,TK-2554,"02 05 06 14 21 26"
2555,TK-2555,"02 05 06 15 19 20"
2556,TK-2556,"02 05 06 15 22 24"
2557,TK-2557,"02 05 06 15 23 27"
2558,TK-2558,"02 05 06 16 17 18"
2559,TK-2559,"02 05 06 16 19 22"
2560,TK-2560,"02 05 06 16 24 27"
2561,TK-2561,"02 05 06 17 19 23"
2562,TK-2562,"02 05 06 18 21 25"
2563,TK-2563,"02 05 06 18 21 26"
2564,TK-2564,"02 05 06 19 21 24"
2565,TK-2565,"02 05 06 20 21 27"
2566,TK-2566,"02 05 06 20 24 26"
2567,TK-2567,"02 05 06 21 26 27"
2568,TK-2568,"02 05 06 22 24 25"
2569,TK-2569,"02 05 06 23 25 26"
2570,TK-2570,"02 05 07 08 09 19"
2571,TK-2571,"02 05 07 08 10 27"
2572,TK-2572,"02 05 07 09 13 25"
2573,TK-2573,"02 05 07 09 16 18"
2574,TK-2574,"02 05 07 09 17 19"
2575,TK-2575,"02 05 07 10 11 23"
2576,TK-2576,"02 05 07 10 16 24"
2577,TK-2577,"02 05 07 10 19 27"
2578,TK-2578,"02 05 07 11 12 24"
2579,TK-2579,"02 05 07 11 13 15"
2580,TK-2580,"02 05 07 11 13 20"
2581,TK-2581,"02 05 07 11 16 27"
2582,TK-2582,"02 05 07 11 18 22"
2583,TK-2583,"02 05 07 11 21 23"
2584,TK-2584,"02 05 07 12 15 17"
2585,TK-2585,"02 05 07 12 18 27"
2586,TK-2586,"02 05 07 12 20 22"
2587,TK-2587,"02 05 07 13 14 21"
2588,TK-2588,"02 05 07 13 16 17"
2589,TK-2589,"02 05 07 13 22 27"
2590,TK-2590,"02 05 07 14 15 25"
2591,TK-2591,"02 05 07 14 16 24"
2592,TK-2592,"02 05 07 14 17 18"
2593,TK-2593,"02 05 07 15 16 19"
2594,TK-2594,"02 05 07 15 17 25"
2595,TK-2595,"02 05 07 15 18 21"
2596,TK-2596,"02 05 07 15 19 22"
2597,TK-2597,"02 05 07 15 21 27"
2598,TK-2598,"02 05 07 15 23 26"
2599,TK-2599,"02 05 07 16 17 26"
2600,TK-2600,"02 05 07 16 23 24"
2601,TK-2601,"02 05 07 16 26 27"
2602,TK-2602,"02 05 07 17 19 22"
2603,TK-2603,"02 05 07 17 20 24"
2604,TK-2604,"02 05 07 17 21 23"
2605,TK-2605,"02 05 07 18 19 21"
2606,TK-2606,"02 05 07 18 20 23"
2607,TK-2607,"02 05 07 18 20 26"
2608,TK-2608,"02 05 07 18 24 27"
2609,TK-2609,"02 05 07 19 22 23"
2610,TK-2610,"02 05 07 19 24 26"
2611,TK-2611,"02 05 07 19 25 27"
2612,TK-2612,"02 05 07 20 21 27"
2613,TK-2613,"02 05 07 21 22 25"
2614,TK-2614,"02 05 07 22 26 27"
2615,TK-2615,"02 05 08 09 17 27"
2616,TK-2616,"02 05 08 10 12 17"
2617,TK-2617,"02 05 08 10 20 22"
2618,TK-2618,"02 05 08 11 25 27"
2619,TK-2619,"02 05 08 12 14 16"
2620,TK-2620,"02 05 08 13 14 20"
2621,TK-2621,"02 05 08 13 16 21"
2622,TK-2622,"02 05 08 13 17 24"
2623,TK-2623,"02 05 08 13 18 25"
2624,TK-2624,"02 05 08 14 18 26"
2625,TK-2625,"02 05 08 14 19 24"
2626,TK-2626,"02 05 08 15 16 22"
2627,TK-2627,"02 05 08 15 18 27"
2628,TK-2628,"02 05 08 15 19 21"
2629,TK-2629,"02 05 08 15 21 23"
2630,TK-2630,"02 05 08 15 24 26"
2631,TK-2631,"02 05 08 16 22 26"
2632,TK-2632,"02 05 08 16 24 25"
2633,TK-2633,"02 05 08 17 22 23"
2634,TK-2634,"02 05 08 18 19 23"
2635,TK-2635,"02 05 08 18 20 21"
2636,TK-2636,"02 05 08 19 20 22"
2637,TK-2637,"02 05 08 20 21 25"
2638,TK-2638,"02 05 08 20 21 27"
2639,TK-2639,"02 05 08 21 22 26"
2640,TK-2640,"02 05 08 23 24 25"
2641,TK-2641,"02 05 08 24 26 27"
2642,TK-2642,"02 05 09 10 12 19"
2643,TK-2643,"02 05 09 10 14 23"
2644,TK-2644,"02 05 09 11 12 13"
2645,TK-2645,"02 05 09 11 13 18"
2646,TK-2646,"02 05 09 12 15 24"
2647,TK-2647,"02 05 09 14 22 27"
2648,TK-2648,"02 05 09 15 20 21"
2649,TK-2649,"02 05 09 16 20 24"
2650,TK-2650,"02 05 09 21 23 24"
2651,TK-2651,"02 05 10 11 18 25"
2652,TK-2652,"02 05 10 12 21 24"
2653,TK-2653,"02 05 10 13 21 26"
2654,TK-2654,"02 05 10 14 19 20"
2655,TK-2655,"02 05 11 12 25 26"
2656,TK-2656,"02 05 11 13 21 27"
2657,TK-2657,"02 05 11 14 16 20"
2658,TK-2658,"02 05 11 14 22 23"
2659,TK-2659,"02 05 12 14 15 27"
2660,TK-2660,"02 05 12 14 22 25"
2661,TK-2661,"02 05 13 14 19 23"
2662,TK-2662,"02 05 13 15 20 26"
2663,TK-2663,"02 05 14 15 16 19"
2664,TK-2664,"02 06 07 09 10 13"
2665,TK-2665,"02 06 07 09 12 14"
2666,TK-2666,"02 06 07 09 15 24"
2667,TK-2667,"02 06 07 09 16 21"
2668,TK-2668,"02 06 07 09 19 25"
2669,TK-2669,"02 06 07 10 15 27"
2670,TK-2670,"02 06 07 10 17 21"
2671,TK-2671,"02 06 07 10 18 26"
2672,TK-2672,"02 06 07 11 13 25"
2673,TK-2673,"02 06 07 11 16 18"
2674,TK-2674,"02 06 07 11 17 21"
2675,TK-2675,"02 06 07 11 19 22"
2676,TK-2676,"02 06 07 11 20 23"
2677,TK-2677,"02 06 07 12 13 19"
2678,TK-2678,"02 06 07 12 14 19"
2679,TK-2679,"02 06 07 12 15 26"
2680,TK-2680,"02 06 07 12 16 21"
2681,TK-2681,"02 06 07 12 17 21"
2682,TK-2682,"02 06 07 12 18 23"
2683,TK-2683,"02 06 07 12 20 24"
2684,TK-2684,"02 06 07 13 14 22"
2685,TK-2685,"02 06 07 13 15 19"
2686,TK-2686,"02 06 07 13 16 26"
2687,TK-2687,"02 06 07 13 17 20"
2688,TK-2688,"02 06 07 13 18 24"
2689,TK-2689,"02 06 07 13 23 25"
2690,TK-2690,"02 06 07 14 15 23"
2691,TK-2691,"02 06 07 14 16 27"
2692,TK-2692,"02 06 07 14 18 25"
2693,TK-2693,"02 06 07 14 20 26"
2694,TK-2694,"02 06 07 15 16 25"
2695,TK-2695,"02 06 07 15 19 23"
2696,TK-2696,"02 06 07 15 20 21"
2697,TK-2697,"02 06 07 15 24 27"
2698,TK-2698,"02 06 07 16 17 22"
2699,TK-2699,"02 06 07 16 18 22"
2700,TK-2700,"02 06 07 16 19 24"
2701,TK-2701,"02 06 07 16 20 25"
2702,TK-2702,"02 06 07 17 18 27"
2703,TK-2703,"02 06 07 17 19 20"
2704,TK-2704,"02 06 07 17 19 24"
2705,TK-2705,"02 06 07 17 21 26"
2706,TK-2706,"02 06 07 17 23 25"
2707,TK-2707,"02 06 07 18 20 25"
2708,TK-2708,"02 06 07 18 21 24"
2709,TK-2709,"02 06 07 18 23 27"
2710,TK-2710,"02 06 07 19 21 23"
2711,TK-2711,"02 06 07 19 23 26"
2712,TK-2712,"02 06 07 19 26 27"
2713,TK-2713,"02 06 07 20 21 22"
2714,TK-2714,"02 06 07 20 23 27"
2715,TK-2715,"02 06 07 22 24 26"
2716,TK-2716,"02 06 07 23 24 25"
2717,TK-2717,"02 06 07 25 26 27"
2718,TK-2718,"02 06 08 09 13 22"
2719,TK-2719,"02 06 08 09 17 25"
2720,TK-2720,"02 06 08 09 18 27"
2721,TK-2721,"02 06 08 09 19 21"
2722,TK-2722,"02 06 08 09 20 26"
2723,TK-2723,"02 06 08 10 11 13"
2724,TK-2724,"02 06 08 10 14 26"
2725,TK-2725,"02 06 08 11 20 22"
2726,TK-2726,"02 06 08 11 23 25"
2727,TK-2727,"02 06 08 12 13 20"
2728,TK-2728,"02 06 08 12 18 20"
2729,TK-2729,"02 06 08 12 22 24"
2730,TK-2730,"02 06 08 13 15 17"
2731,TK-2731,"02 06 08 13 16 19"
2732,TK-2732,"02 06 08 13 26 27"
2733,TK-2733,"02 06 08 14 15 22"
2734,TK-2734,"02 06 08 14 16 21"
2735,TK-2735,"02 06 08 14 17 27"
2736,TK-2736,"02 06 08 14 19 24"
2737,TK-2737,"02 06 08 14 23 25"
2738,TK-2738,"02 06 08 15 16 17"
2739,TK-2739,"02 06 08 15 16 24"
2740,TK-2740,"02 06 08 15 19 27"
2741,TK-2741,"02 06 08 15 20 23"
2742,TK-2742,"02 06 08 15 21 25"
2743,TK-2743,"02 06 08 15 22 26"
2744,TK-2744,"02 06 08 16 18 27"
2745,TK-2745,"02 06 08 16 19 22"
2746,TK-2746,"02 06 08 16 20 23"
2747,TK-2747,"02 06 08 16 25 27"
2748,TK-2748,"02 06 08 17 18 24"
2749,TK-2749,"02 06 08 17 18 26"
2750,TK-2750,"02 06 08 17 19 21"
2751,TK-2751,"02 06 08 17 20 25"
2752,TK-2752,"02 06 08 17 22 27"
2753,TK-2753,"02 06 08 18 21 22"
2754,TK-2754,"02 06 08 18 22 23"
2755,TK-2755,"02 06 08 19 20 21"
2756,TK-2756,"02 06 08 19 24 26"
2757,TK-2757,"02 06 08 20 25 26"
2758,TK-2758,"02 06 08 21 24 27"
2759,TK-2759,"02 06 09 11 14 21"
2760,TK-2760,"02 06 09 11 22 23"
2761,TK-2761,"02 06 09 12 16 27"
2762,TK-2762,"02 06 09 12 17 24"
2763,TK-2763,"02 06 09 13 17 19"
2764,TK-2764,"02 06 10 11 12 14"
2765,TK-2765,"02 06 10 11 18 19"
2766,TK-2766,"02 06 10 12 19 21"
2767,TK-2767,"02 06 10 15 17 22"
2768,TK-2768,"02 06 11 12 15 25"
2769,TK-2769,"02 06 11 13 15 18"
2770,TK-2770,"02 06 11 16 21 26"
2771,TK-2771,"02 06 12 13 22 23"
2772,TK-2772,"02 06 13 17 18 20"
2773,TK-2773,"02 07 08 09 16 26"
2774,TK-2774,"02 07 08 10 12 13"
2775,TK-2775,"02 07 08 10 16 22"
2776,TK-2776,"02 07 08 10 18 24"
2777,TK-2777,"02 07 08 10 19 25"
2778,TK-2778,"02 07 08 11 12 20"
2779,TK-2779,"02 07 08 11 14 15"
2780,TK-2780,"02 07 08 11 16 24"
2781,TK-2781,"02 07 08 11 17 26"
2782,TK-2782,"02 07 08 11 19 21"
2783,TK-2783,"02 07 08 12 14 17"
2784,TK-2784,"02 07 08 12 16 25"
2785,TK-2785,"02 07 08 12 19 26"
2786,TK-2786,"02 07 08 13 15 16"
2787,TK-2787,"02 07 08 13 18 19"
2788,TK-2788,"02 07 08 13 20 24"
2789,TK-2789,"02 07 08 13 22 23"
2790,TK-2790,"02 07 08 13 24 25"
2791,TK-2791,"02 07 08 14 16 18"
2792,TK-2792,"02 07 08 14 16 20"
2793,TK-2793,"02 07 08 14 21 23"
2794,TK-2794,"02 07 08 14 22 25"
2795,TK-2795,"02 07 08 14 24 27"
2796,TK-2796,"02 07 08 14 25 26"
2797,TK-2797,"02 07 08 15 18 22"
2798,TK-2798,"02 07 08 15 19 21"
2799,TK-2799,"02 07 08 15 20 26"
2800,TK-2800,"02 07 08 15 24 25"
2801,TK-2801,"02 07 08 16 17 24"
2802,TK-2802,"02 07 08 16 19 27"
2803,TK-2803,"02 07 08 16 20 21"
2804,TK-2804,"02 07 08 16 25 26"
2805,TK-2805,"02 07 08 17 18 21"
2806,TK-2806,"02 07 08 17 18 25"
2807,TK-2807,"02 07 08 17 19 23"
2808,TK-2808,"02 07 08 17 22 27"
2809,TK-2809,"02 07 08 17 24 26"
2810,TK-2810,"02 07 08 18 20 27"
2811,TK-2811,"02 07 08 18 22 26"
2812,TK-2812,"02 07 08 18 23 25"
2813,TK-2813,"02 07 08 19 20 22"
2814,TK-2814,"02 07 08 19 21 24"
2815,TK-2815,"02 07 08 20 23 26"
2816,TK-2816,"02 07 08 21 22 24"
2817,TK-2817,"02 07 08 21 25 27"
2818,TK-2818,"02 07 08 23 24 25"
2819,TK-2819,"02 07 08 23 26 27"
2820,TK-2820,"02 07 08 24 26 27"
2821,TK-2821,"02 07 08 25 26 27"
2822,TK-2822,"02 07 09 10 11 12"
2823,TK-2823,"02 07 09 10 12 16"
2824,TK-2824,"02 07 09 10 14 24"
2825,TK-2825,"02 07 09 11 13 17"
2826,TK-2826,"02 07 09 11 14 23"
2827,TK-2827,"02 07 09 11 18 19"
2828,TK-2828,"02 07 09 12 16 24"
2829,TK-2829,"02 07 09 12 18 26"
2830,TK-2830,"02 07 09 12 19 25"
2831,TK-2831,"02 07 09 12 21 27"
2832,TK-2832,"02 07 09 13 15 23"
2833,TK-2833,"02 07 09 13 21 22"
2834,TK-2834,"02 07 09 14 15 20"
2835,TK-2835,"02 07 10 11 13 19"
2836,TK-2836,"02 07 10 11 14 15"
2837,TK-2837,"02 07 10 12 13 27"
2838,TK-2838,"02 07 10 12 17 27"
2839,TK-2839,"02 07 10 12 20 21"
2840,TK-2840,"02 07 10 15 25 26"
2841,TK-2841,"02 07 11 12 22 25"
2842,TK-2842,"02 07 12 15 18 24"
2843,TK-2843,"02 07 13 14 17 23"
2844,TK-2844,"02 07 13 14 19 26"
2845,TK-2845,"02 08 09 10 12 25"
2846,TK-2846,"02 08 09 10 13 24"
2847,TK-2847,"02 08 09 10 15 19"
2848,TK-2848,"02 08 09 11 14 21"
2849,TK-2849,"02 08 09 11 15 27"
2850,TK-2850,"02 08 09 11 19 23"
2851,TK-2851,"02 08 09 11 20 25"
2852,TK-2852,"02 08 09 11 24 26"
2853,TK-2853,"02 08 09 12 15 22"
2854,TK-2854,"02 08 09 12 16 23"
2855,TK-2855,"02 08 09 12 17 20"
2856,TK-2856,"02 08 09 16 17 21"
2857,TK-2857,"02 08 10 11 14 18"
2858,TK-2858,"02 08 10 11 17 22"
2859,TK-2859,"02 08 10 12 21 23"
2860,TK-2860,"02 08 10 13 14 25"
2861,TK-2861,"02 08 11 13 15 24"
2862,TK-2862,"02 08 11 13 17 23"
2863,TK-2863,"02 08 12 13 15 25"
2864,TK-2864,"02 08 12 13 16 27"
2865,TK-2865,"02 08 12 13 21 26"
2866,TK-2866,"02 08 12 14 18 19"
2867,TK-2867,"02 09 10 13 15 22"
2868,TK-2868,"02 09 10 13 16 18"
2869,TK-2869,"02 09 10 13 18 20"
2870,TK-2870,"02 09 10 13 23 26"
2871,TK-2871,"02 09 10 14 15 24"
2872,TK-2872,"02 09 10 14 16 21"
2873,TK-2873,"02 09 10 14 18 20"
2874,TK-2874,"02 09 10 14 22 25"
2875,TK-2875,"02 09 10 14 26 27"
2876,TK-2876,"02 09 10 15 16 25"
2877,TK-2877,"02 09 10 15 17 19"
2878,TK-2878,"02 09 10 15 18 21"
2879,TK-2879,"02 09 10 15 22 26"
2880,TK-2880,"02 09 10 16 17 22"
2881,TK-2881,"02 09 10 16 19 25"
2882,TK-2882,"02 09 10 16 19 26"
2883,TK-2883,"02 09 10 16 20 24"
2884,TK-2884,"02 09 10 16 20 27"
2885,TK-2885,"02 09 10 17 18 26"
2886,TK-2886,"02 09 10 17 19 24"
2887,TK-2887,"02 09 10 17 20 23"
2888,TK-2888,"02 09 10 17 25 27"
2889,TK-2889,"02 09 10 18 19 23"
2890,TK-2890,"02 09 10 18 20 22"
2891,TK-2891,"02 09 10 18 20 24"
2892,TK-2892,"02 09 10 18 21 25"
2893,TK-2893,"02 09 10 18 23 26"
2894,TK-2894,"02 09 10 19 20 22"
2895,TK-2895,"02 09 10 19 21 24"
2896,TK-2896,"02 09 10 19 23 27"
2897,TK-2897,"02 09 10 20 21 23"
2898,TK-2898,"02 09 10 20 25 26"
2899,TK-2899,"02 09 10 21 22 23"
2900,TK-2900,"02 09 10 21 26 27"
2901,TK-2901,"02 09 10 22 23 26"
2902,TK-2902,"02 09 10 22 24 27"
2903,TK-2903,"02 09 10 23 24 25"
2904,TK-2904,"02 09 10 23 25 27"
2905,TK-2905,"02 09 11 12 13 21"
2906,TK-2906,"02 09 11 13 14 24"
2907,TK-2907,"02 09 11 14 15 18"
2908,TK-2908,"02 09 11 14 16 27"
2909,TK-2909,"02 09 11 15 16 26"
2910,TK-2910,"02 09 11 15 17 19"
2911,TK-2911,"02 09 11 15 21 23"
2912,TK-2912,"02 09 11 15 22 25"
2913,TK-2913,"02 09 11 16 18 23"
2914,TK-2914,"02 09 11 16 19 22"
2915,TK-2915,"02 09 11 16 20 25"
2916,TK-2916,"02 09 11 17 18 22"
2917,TK-2917,"02 09 11 17 18 25"
2918,TK-2918,"02 09 11 17 20 21"
2919,TK-2919,"02 09 11 17 23 26"
2920,TK-2920,"02 09 11 17 23 27"
2921,TK-2921,"02 09 11 17 24 25"
2922,TK-2922,"02 09 11 18 19 26"
2923,TK-2923,"02 09 11 18 20 21"
2924,TK-2924,"02 09 11 18 23 24"
2925,TK-2925,"02 09 11 19 21 25"
2926,TK-2926,"02 09 11 19 22 24"
2927,TK-2927,"02 09 11 20 22 26"
2928,TK-2928,"02 09 11 20 23 25"
2929,TK-2929,"02 09 11 20 24 27"
2930,TK-2930,"02 09 11 21 22 24"
2931,TK-2931,"02 09 11 21 26 27"
2932,TK-2932,"02 09 11 22 23 26"
2933,TK-2933,"02 09 11 22 24 27"
2934,TK-2934,"02 09 11 22 25 26"
2935,TK-2935,"02 09 12 14 15 26"
2936,TK-2936,"02 09 12 14 16 22"
2937,TK-2937,"02 09 12 14 19 21"
2938,TK-2938,"02 09 12 14 20 21"
2939,TK-2939,"02 09 12 15 16 27"
2940,TK-2940,"02 09 12 15 17 21"
2941,TK-2941,"02 09 12 15 18 20"
2942,TK-2942,"02 09 12 15 19 23"
2943,TK-2943,"02 09 12 16 17 20"
2944,TK-2944,"02 09 12 16 19 23"
2945,TK-2945,"02 09 12 16 21 26"
2946,TK-2946,"02 09 12 17 18 19"
2947,TK-2947,"02 09 12 17 19 27"
2948,TK-2948,"02 09 12 17 22 24"
2949,TK-2949,"02 09 12 18 21 22"
2950,TK-2950,"02 09 12 18 24 27"
2951,TK-2951,"02 09 12 19 20 23"
2952,TK-2952,"02 09 12 19 23 26"
2953,TK-2953,"02 09 12 19 24 25"
2954,TK-2954,"02 09 12 20 25 27"
2955,TK-2955,"02 09 12 21 23 24"
2956,TK-2956,"02 09 12 21 25 26"
2957,TK-2957,"02 09 12 22 23 25"
2958,TK-2958,"02 09 12 22 26 27"
2959,TK-2959,"02 09 12 24 26 27"
2960,TK-2960,"02 09 13 14 15 20"
2961,TK-2961,"02 09 13 14 16 25"
2962,TK-2962,"02 09 13 14 17 26"
2963,TK-2963,"02 09 13 16 17 24"
2964,TK-2964,"02 09 13 16 18 19"
2965,TK-2965,"02 09 13 16 20 23"
2966,TK-2966,"02 09 13 16 21 26"
2967,TK-2967,"02 09 13 17 19 23"
2968,TK-2968,"02 09 13 17 20 26"
2969,TK-2969,"02 09 13 17 21 22"
2970,TK-2970,"02 09 13 18 19 27"
2971,TK-2971,"02 09 13 18 20 26"
2972,TK-2972,"02 09 13 18 21 23"
2973,TK-2973,"02 09 13 18 24 25"
2974,TK-2974,"02 09 13 19 20 22"
2975,TK-2975,"02 09 13 19 21 24"
2976,TK-2976,"02 09 13 19 23 26"
2977,TK-2977,"02 09 13 19 25 27"
2978,TK-2978,"02 09 13 20 21 25"
2979,TK-2979,"02 09 13 20 22 24"
2980,TK-2980,"02 09 13 22 23 25"
2981,TK-2981,"02 09 13 22 24 27"
2982,TK-2982,"02 09 13 23 26 27"
2983,TK-2983,"02 09 13 24 25 26"
2984,TK-2984,"02 09 14 15 16 23"
2985,TK-2985,"02 09 14 15 17 25"
2986,TK-2986,"02 09 14 16 17 27"
2987,TK-2987,"02 09 14 16 18 21"
2988,TK-2988,"02 09 14 16 24 26"
2989,TK-2989,"02 09 14 17 18 23"
2990,TK-2990,"02 09 14 17 21 22"
2991,TK-2991,"02 09 14 18 19 24"
2992,TK-2992,"02 09 14 18 22 26"
2993,TK-2993,"02 09 14 18 25 27"
2994,TK-2994,"02 09 14 19 20 23"
2995,TK-2995,"02 09 14 19 26 27"
2996,TK-2996,"02 09 14 20 21 25"
2997,TK-2997,"02 09 14 20 22 24"
2998,TK-2998,"02 09 14 21 23 24"
2999,TK-2999,"02 09 14 21 26 27"
3000,TK-3000,"02 09 14 22 23 25"
3001,TK-3001,"02 09 14 23 24 27"
3002,TK-3002,"02 09 14 25 26 27"
3003,TK-3003,"02 09 15 16 17 26"
3004,TK-3004,"02 09 15 16 18 25"
3005,TK-3005,"02 09 15 16 19 24"
3006,TK-3006,"02 09 15 17 18 23"
3007,TK-3007,"02 09 15 17 19 22"
3008,TK-3008,"02 09 15 17 20 24"
3009,TK-3009,"02 09 15 18 21 25"
3010,TK-3010,"02 09 15 18 26 27"
3011,TK-3011,"02 09 15 19 21 26"
3012,TK-3012,"02 09 15 20 21 27"
3013,TK-3013,"02 09 15 20 22 25"
3014,TK-3014,"02 09 15 21 23 24"
3015,TK-3015,"02 09 15 22 23 26"
3016,TK-3016,"02 09 15 22 24 27"
3017,TK-3017,"02 09 15 23 25 27"
3018,TK-3018,"02 09 15 24 25 26"
3019,TK-3019,"02 09 16 17 23 25"
3020,TK-3020,"02 09 16 19 22 26"
3021,TK-3021,"02 09 16 19 25 27"
3022,TK-3022,"02 09 16 20 21 24"
3023,TK-3023,"02 09 16 20 23 26"
3024,TK-3024,"02 09 16 21 22 23"
3025,TK-3025,"02 09 16 22 24 27"
3026,TK-3026,"02 09 16 23 26 27"
3027,TK-3027,"02 09 16 24 25 26"
3028,TK-3028,"02 09 17 18 19 25"
3029,TK-3029,"02 09 17 19 20 23"
3030,TK-3030,"02 09 17 19 24 26"
3031,TK-3031,"02 09 17 20 21 25"
3032,TK-3032,"02 09 17 20 24 27"
3033,TK-3033,"02 09 17 21 22 24"
3034,TK-3034,"02 09 17 21 23 26"
3035,TK-3035,"02 09 17 22 25 27"
3036,TK-3036,"02 09 17 23 24 25"
3037,TK-3037,"02 09 18 19 20 27"
3038,TK-3038,"02 09 18 19 21 24"
3039,TK-3039,"02 09 18 20 22 25"
3040,TK-3040,"02 09 18 21 26 27"
3041,TK-3041,"02 09 18 22 23 24"
3042,TK-3042,"02 09 18 23 25 26"
3043,TK-3043,"02 09 19 21 22 27"
3044,TK-3044,"02 09 19 22 24 25"
3045,TK-3045,"02 09 19 23 24 27"
3046,TK-3046,"02 09 19 23 25 26"
3047,TK-3047,"02 09 20 21 23 25"
3048,TK-3048,"02 09 20 22 23 27"
3049,TK-3049,"02 09 20 24 26 27"
3050,TK-3050,"02 09 21 23 24 26"
3051,TK-3051,"02 09 21 24 25 27"
3052,TK-3052,"02 10 11 12 13 18"
3053,TK-3053,"02 10 11 13 14 19"
3054,TK-3054,"02 10 11 13 15 21"
3055,TK-3055,"02 10 11 14 15 22"
3056,TK-3056,"02 10 11 14 20 26"
3057,TK-3057,"02 10 11 15 16 24"
3058,TK-3058,"02 10 11 15 17 23"
3059,TK-3059,"02 10 11 15 20 22"
3060,TK-3060,"02 10 11 16 17 27"
3061,TK-3061,"02 10 11 16 18 23"
3062,TK-3062,"02 10 11 16 19 26"
3063,TK-3063,"02 10 11 16 21 22"
3064,TK-3064,"02 10 11 17 18 21"
3065,TK-3065,"02 10 11 17 18 27"
3066,TK-3066,"02 10 11 17 20 23"
3067,TK-3067,"02 10 11 18 21 26"
3068,TK-3068,"02 10 11 18 22 24"
3069,TK-3069,"02 10 11 18 23 25"
3070,TK-3070,"02 10 11 19 20 27"
3071,TK-3071,"02 10 11 19 22 27"
3072,TK-3072,"02 10 11 19 24 25"
3073,TK-3073,"02 10 11 20 21 27"
3074,TK-3074,"02 10 11 20 22 25"
3075,TK-3075,"02 10 11 20 23 24"
3076,TK-3076,"02 10 11 20 25 26"
3077,TK-3077,"02 10 11 21 23 27"
3078,TK-3078,"02 10 11 22 23 26"
3079,TK-3079,"02 10 11 23 25 27"
3080,TK-3080,"02 10 11 24 26 27"
3081,TK-3081,"02 10 12 13 14 24"
3082,TK-3082,"02 10 12 13 16 22"
3083,TK-3083,"02 10 12 14 16 25"
3084,TK-3084,"02 10 12 14 17 23"
3085,TK-3085,"02 10 12 15 16 27"
3086,TK-3086,"02 10 12 15 17 20"
3087,TK-3087,"02 10 12 15 18 19"
3088,TK-3088,"02 10 12 16 17 24"
3089,TK-3089,"02 10 12 16 18 26"
3090,TK-3090,"02 10 12 17 19 27"
3091,TK-3091,"02 10 12 17 23 26"
3092,TK-3092,"02 10 12 18 19 21"
3093,TK-3093,"02 10 12 18 22 23"
3094,TK-3094,"02 10 12 18 22 25"
3095,TK-3095,"02 10 12 18 24 27"
3096,TK-3096,"02 10 12 19 20 22"
3097,TK-3097,"02 10 12 20 21 24"
3098,TK-3098,"02 10 12 20 23 26"
3099,TK-3099,"02 10 12 21 22 26"
3100,TK-3100,"02 10 12 21 23 27"
3101,TK-3101,"02 10 12 21 25 26"
3102,TK-3102,"02 10 12 22 24 27"
3103,TK-3103,"02 10 12 23 25 27"
3104,TK-3104,"02 10 13 14 17 18"
3105,TK-3105,"02 10 13 15 16 24"
3106,TK-3106,"02 10 13 15 18 27"
3107,TK-3107,"02 10 13 15 19 26"
3108,TK-3108,"02 10 13 16 17 23"
3109,TK-3109,"02 10 13 16 19 26"
3110,TK-3110,"02 10 13 17 19 22"
3111,TK-3111,"02 10 13 17 23 26"
3112,TK-3112,"02 10 13 17 24 25"
3113,TK-3113,"02 10 13 18 20 26"
3114,TK-3114,"02 10 13 18 21 23"
3115,TK-3115,"02 10 13 18 22 25"
3116,TK-3116,"02 10 13 19 20 23"
3117,TK-3117,"02 10 13 19 21 25"
3118,TK-3118,"02 10 13 19 22 24"
3119,TK-3119,"02 10 13 19 25 27"
3120,TK-3120,"02 10 13 20 22 24"
3121,TK-3121,"02 10 13 20 23 25"
3122,TK-3122,"02 10 13 20 23 27"
3123,TK-3123,"02 10 13 21 22 26"
3124,TK-3124,"02 10 13 21 23 24"
3125,TK-3125,"02 10 13 22 26 27"
3126,TK-3126,"02 10 14 15 16 21"
3127,TK-3127,"02 10 14 15 17 26"
3128,TK-3128,"02 10 14 15 18 23"
3129,TK-3129,"02 10 14 16 17 19"
3130,TK-3130,"02 10 14 16 20 26"
3131,TK-3131,"02 10 14 17 20 27"
3132,TK-3132,"02 10 14 17 21 22"
3133,TK-3133,"02 10 14 18 19 24"
3134,TK-3134,"02 10 14 18 20 21"
3135,TK-3135,"02 10 14 18 23 24"
3136,TK-3136,"02 10 14 18 25 27"
3137,TK-3137,"02 10 14 19 20 25"
3138,TK-3138,"02 10 14 19 22 23"
3139,TK-3139,"02 10 14 19 26 27"
3140,TK-3140,"02 10 14 21 23 25"
3141,TK-3141,"02 10 14 21 24 27"
3142,TK-3142,"02 10 14 22 24 25"
3143,TK-3143,"02 10 14 22 24 26"
3144,TK-3144,"02 10 14 23 26 27"
3145,TK-3145,"02 10 14 25 26 27"
3146,TK-3146,"02 10 15 16 17 21"
3147,TK-3147,"02 10 15 16 18 26"
3148,TK-3148,"02 10 15 17 18 27"
3149,TK-3149,"02 10 15 18 19 25"
3150,TK-3150,"02 10 15 19 20 24"
3151,TK-3151,"02 10 15 19 21 23"
3152,TK-3152,"02 10 15 19 22 27"
3153,TK-3153,"02 10 15 20 21 23"
3154,TK-3154,"02 10 15 20 22 26"
3155,TK-3155,"02 10 15 20 25 27"
3156,TK-3156,"02 10 15 21 22 25"
3157,TK-3157,"02 10 15 21 26 27"
3158,TK-3158,"02 10 15 22 23 27"
3159,TK-3159,"02 10 15 23 24 26"
3160,TK-3160,"02 10 16 17 18 20"
3161,TK-3161,"02 10 16 18 19 23"
3162,TK-3162,"02 10 16 18 21 25"
3163,TK-3163,"02 10 16 18 24 26"
3164,TK-3164,"02 10 16 19 21 26"
3165,TK-3165,"02 10 16 20 21 22"
3166,TK-3166,"02 10 16 20 24 25"
3167,TK-3167,"02 10 16 21 23 27"
3168,TK-3168,"02 10 16 22 23 25"
3169,TK-3169,"02 10 16 22 24 27"
3170,TK-3170,"02 10 16 25 26 27"
3171,TK-3171,"02 10 17 18 22 27"
3172,TK-3172,"02 10 17 19 20 24"
3173,TK-3173,"02 10 17 19 21 26"
3174,TK-3174,"02 10 17 19 23 27"
3175,TK-3175,"02 10 17 20 21 27"
3176,TK-3176,"02 10 17 20 22 24"
3177,TK-3177,"02 10 17 20 23 26"
3178,TK-3178,"02 10 17 21 22 23"
3179,TK-3179,"02 10 17 22 25 26"
3180,TK-3180,"02 10 17 23 24 25"
3181,TK-3181,"02 10 17 24 26 27"
3182,TK-3182,"02 10 18 19 20 26"
3183,TK-3183,"02 10 18 20 23 27"
3184,TK-3184,"02 10 18 21 22 26"
3185,TK-3185,"02 10 18 21 24 27"
3186,TK-3186,"02 10 18 22 24 25"
3187,TK-3187,"02 10 19 22 25 26"
3188,TK-3188,"02 10 19 23 24 26"
3189,TK-3189,"02 10 19 24 25 27"
3190,TK-3190,"02 10 20 21 25 26"
3191,TK-3191,"02 10 20 22 23 27"
3192,TK-3192,"02 10 21 22 23 24"
3193,TK-3193,"02 10 21 23 25 27"
3194,TK-3194,"02 11 12 14 16 17"
3195,TK-3195,"02 11 12 14 18 21"
3196,TK-3196,"02 11 12 15 16 26"
3197,TK-3197,"02 11 12 15 18 22"
3198,TK-3198,"02 11 12 15 19 24"
3199,TK-3199,"02 11 12 16 17 20"
3200,TK-3200,"02 11 12 16 19 24"
3201,TK-3201,"02 11 12 16 22 23"
3202,TK-3202,"02 11 12 17 18 27"
3203,TK-3203,"02 11 12 17 19 21"
3204,TK-3204,"02 11 12 17 23 25"
3205,TK-3205,"02 11 12 18 19 22"
3206,TK-3206,"02 11 12 18 19 23"
3207,TK-3207,"02 11 12 18 26 27"
3208,TK-3208,"02 11 12 19 20 22"
3209,TK-3209,"02 11 12 19 26 27"
3210,TK-3210,"02 11 12 20 21 24"
3211,TK-3211,"02 11 12 21 22 25"
3212,TK-3212,"02 11 12 21 23 24"
3213,TK-3213,"02 11 12 21 26 27"
3214,TK-3214,"02 11 12 22 24 27"
3215,TK-3215,"02 11 12 22 25 26"
3216,TK-3216,"02 11 12 23 26 27"
3217,TK-3217,"02 11 13 14 16 26"
3218,TK-3218,"02 11 13 14 17 24"
3219,TK-3219,"02 11 13 15 16 20"
3220,TK-3220,"02 11 13 15 17 18"
3221,TK-3221,"02 11 13 16 18 21"
3222,TK-3222,"02 11 13 16 22 24"
3223,TK-3223,"02 11 13 17 18 25"
3224,TK-3224,"02 11 13 17 19 20"
3225,TK-3225,"02 11 13 17 19 23"
3226,TK-3226,"02 11 13 17 22 27"
3227,TK-3227,"02 11 13 18 20 26"
3228,TK-3228,"02 11 13 18 22 27"
3229,TK-3229,"02 11 13 19 21 26"
3230,TK-3230,"02 11 13 19 22 27"
3231,TK-3231,"02 11 13 19 23 27"
3232,TK-3232,"02 11 13 19 24 25"
3233,TK-3233,"02 11 13 20 21 22"
3234,TK-3234,"02 11 13 20 23 25"
3235,TK-3235,"02 11 13 21 23 24"
3236,TK-3236,"02 11 13 21 25 27"
3237,TK-3237,"02 11 13 22 23 26"
3238,TK-3238,"02 11 13 24 26 27"
3239,TK-3239,"02 11 14 16 18 19"
3240,TK-3240,"02 11 14 17 18 26"
3241,TK-3241,"02 11 14 17 19 26"
3242,TK-3242,"02 11 14 17 21 26"
3243,TK-3243,"02 11 14 18 20 25"
3244,TK-3244,"02 11 14 18 23 24"
3245,TK-3245,"02 11 14 19 20 23"
3246,TK-3246,"02 11 14 19 24 25"
3247,TK-3247,"02 11 14 20 21 22"
3248,TK-3248,"02 11 14 20 25 27"
3249,TK-3249,"02 11 14 21 24 27"
3250,TK-3250,"02 11 14 22 23 25"
3251,TK-3251,"02 11 14 22 26 27"
3252,TK-3252,"02 11 14 23 25 26"
3253,TK-3253,"02 11 15 16 17 23"
3254,TK-3254,"02 11 15 16 18 24"
3255,TK-3255,"02 11 15 16 21 25"
3256,TK-3256,"02 11 15 16 22 26"
3257,TK-3257,"02 11 15 17 22 24"
3258,TK-3258,"02 11 15 17 25 27"
3259,TK-3259,"02 11 15 18 19 25"
3260,TK-3260,"02 11 15 18 20 23"
3261,TK-3261,"02 11 15 19 20 21"
3262,TK-3262,"02 11 15 19 22 27"
3263,TK-3263,"02 11 15 19 23 26"
3264,TK-3264,"02 11 15 20 24 27"
3265,TK-3265,"02 11 15 21 24 26"
3266,TK-3266,"02 11 15 21 26 27"
3267,TK-3267,"02 11 15 23 24 25"
3268,TK-3268,"02 11 16 17 19 27"
3269,TK-3269,"02 11 16 17 20 22"
3270,TK-3270,"02 11 16 18 21 27"
3271,TK-3271,"02 11 16 18 23 24"
3272,TK-3272,"02 11 16 19 20 25"
3273,TK-3273,"02 11 16 19 23 26"
3274,TK-3274,"02 11 16 20 26 27"
3275,TK-3275,"02 11 16 21 23 25"
3276,TK-3276,"02 11 16 22 24 27"
3277,TK-3277,"02 11 16 24 25 26"
3278,TK-3278,"02 11 17 18 21 23"
3279,TK-3279,"02 11 17 19 21 25"
3280,TK-3280,"02 11 17 20 21 27"
3281,TK-3281,"02 11 17 20 23 25"
3282,TK-3282,"02 11 17 20 24 26"
3283,TK-3283,"02 11 17 21 22 24"
3284,TK-3284,"02 11 17 22 23 26"
3285,TK-3285,"02 11 17 24 26 27"
3286,TK-3286,"02 11 18 19 20 26"
3287,TK-3287,"02 11 18 19 21 24"
3288,TK-3288,"02 11 18 21 22 25"
3289,TK-3289,"02 11 18 21 23 27"
3290,TK-3290,"02 11 18 22 24 26"
3291,TK-3291,"02 11 18 23 25 26"
3292,TK-3292,"02 11 19 20 24 27"
3293,TK-3293,"02 11 19 21 22 23"
3294,TK-3294,"02 11 19 21 25 26"
3295,TK-3295,"02 11 19 22 25 27"
3296,TK-3296,"02 11 19 23 24 25"
3297,TK-3297,"02 11 20 22 23 24"
3298,TK-3298,"02 11 20 22 25 26"
3299,TK-3299,"02 11 20 23 25 27"
3300,TK-3300,"02 11 21 23 24 26"
3301,TK-3301,"02 11 21 24 25 27"
3302,TK-3302,"02 12 13 14 15 27"
3303,TK-3303,"02 12 13 15 17 25"
3304,TK-3304,"02 12 13 16 19 20"
3305,TK-3305,"02 12 13 17 18 26"
3306,TK-3306,"02 12 13 17 19 26"
3307,TK-3307,"02 12 13 17 21 27"
3308,TK-3308,"02 12 13 18 19 22"
3309,TK-3309,"02 12 13 18 20 23"
3310,TK-3310,"02 12 13 19 24 25"
3311,TK-3311,"02 12 13 20 22 24"
3312,TK-3312,"02 12 13 20 23 26"
3313,TK-3313,"02 12 13 20 25 27"
3314,TK-3314,"02 12 13 21 23 25"
3315,TK-3315,"02 12 13 24 26 27"
3316,TK-3316,"02 12 14 15 16 24"
3317,TK-3317,"02 12 14 16 17 26"
3318,TK-3318,"02 12 14 17 18 22"
3319,TK-3319,"02 12 14 17 19 25"
3320,TK-3320,"02 12 14 17 20 24"
3321,TK-3321,"02 12 14 18 23 26"
3322,TK-3322,"02 12 14 19 20 22"
3323,TK-3323,"02 12 14 19 21 27"
3324,TK-3324,"02 12 14 20 21 26"
3325,TK-3325,"02 12 14 20 23 27"
3326,TK-3326,"02 12 14 21 22 23"
3327,TK-3327,"02 12 14 21 24 26"
3328,TK-3328,"02 12 14 22 26 27"
3329,TK-3329,"02 12 14 23 24 25"
3330,TK-3330,"02 12 15 16 18 23"
3331,TK-3331,"02 12 15 17 19 26"
3332,TK-3332,"02 12 15 17 23 27"
3333,TK-3333,"02 12 15 18 20 25"
3334,TK-3334,"02 12 15 19 20 21"
3335,TK-3335,"02 12 15 19 22 27"
3336,TK-3336,"02 12 15 20 21 27"
3337,TK-3337,"02 12 15 20 22 24"
3338,TK-3338,"02 12 15 20 23 26"
3339,TK-3339,"02 12 15 21 24 26"
3340,TK-3340,"02 12 15 23 24 25"
3341,TK-3341,"02 12 15 25 26 27"
3342,TK-3342,"02 12 16 17 18 21"
3343,TK-3343,"02 12 16 17 19 22"
3344,TK-3344,"02 12 16 17 23 24"
3345,TK-3345,"02 12 16 18 19 27"
3346,TK-3346,"02 12 16 18 20 24"
3347,TK-3347,"02 12 16 18 22 26"
3348,TK-3348,"02 12 16 19 20 23"
3349,TK-3349,"02 12 16 19 21 25"
3350,TK-3350,"02 12 16 19 24 26"
3351,TK-3351,"02 12 16 20 21 22"
3352,TK-3352,"02 12 16 20 25 27"
3353,TK-3353,"02 12 16 21 23 27"
3354,TK-3354,"02 12 16 22 23 26"
3355,TK-3355,"02 12 16 24 25 26"
3356,TK-3356,"02 12 17 18 24 25"
3357,TK-3357,"02 12 17 19 20 26"
3358,TK-3358,"02 12 17 19 21 24"
3359,TK-3359,"02 12 17 20 21 25"
3360,TK-3360,"02 12 17 20 22 23"
3361,TK-3361,"02 12 17 21 22 26"
3362,TK-3362,"02 12 17 22 25 27"
3363,TK-3363,"02 12 17 24 26 27"
3364,TK-3364,"02 12 18 19 20 25"
3365,TK-3365,"02 12 18 20 21 22"
3366,TK-3366,"02 12 18 20 26 27"
3367,TK-3367,"02 12 18 21 25 27"
3368,TK-3368,"02 12 18 22 24 27"
3369,TK-3369,"02 12 18 23 24 26"
3370,TK-3370,"02 12 19 20 24 27"
3371,TK-3371,"02 12 19 22 23 27"
3372,TK-3372,"02 12 19 22 24 25"
3373,TK-3373,"02 12 19 23 25 26"
3374,TK-3374,"02 12 20 22 24 26"
3375,TK-3375,"02 12 20 23 24 25"
3376,TK-3376,"02 12 21 22 23 25"
3377,TK-3377,"02 12 21 23 24 27"
3378,TK-3378,"02 13 14 15 16 22"
3379,TK-3379,"02 13 14 15 17 21"
3380,TK-3380,"02 13 14 16 17 27"
3381,TK-3381,"02 13 14 16 18 21"
3382,TK-3382,"02 13 14 17 19 22"
3383,TK-3383,"02 13 14 17 20 25"
3384,TK-3384,"02 13 14 18 20 27"
3385,TK-3385,"02 13 14 18 23 24"
3386,TK-3386,"02 13 14 19 20 26"
3387,TK-3387,"02 13 14 19 21 23"
3388,TK-3388,"02 13 14 20 21 24"
3389,TK-3389,"02 13 14 21 26 27"
3390,TK-3390,"02 13 14 22 23 27"
3391,TK-3391,"02 13 14 22 24 25"
3392,TK-3392,"02 13 14 23 25 26"
3393,TK-3393,"02 13 15 16 17 19"
3394,TK-3394,"02 13 15 16 26 27"
3395,TK-3395,"02 13 15 18 19 23"
3396,TK-3396,"02 13 15 18 20 22"
3397,TK-3397,"02 13 15 18 21 24"
3398,TK-3398,"02 13 15 19 20 27"
3399,TK-3399,"02 13 15 19 22 25"
3400,TK-3400,"02 13 15 20 21 23"
3401,TK-3401,"02 13 15 20 24 26"
3402,TK-3402,"02 13 15 20 25 27"
3403,TK-3403,"02 13 15 21 22 26"
3404,TK-3404,"02 13 15 22 24 27"
3405,TK-3405,"02 13 16 17 18 20"
3406,TK-3406,"02 13 16 17 19 25"
3407,TK-3407,"02 13 16 18 19 22"
3408,TK-3408,"02 13 16 18 25 26"
3409,TK-3409,"02 13 16 19 21 22"
3410,TK-3410,"02 13 16 20 21 27"
3411,TK-3411,"02 13 16 20 22 23"
3412,TK-3412,"02 13 16 20 24 26"
3413,TK-3413,"02 13 16 21 24 26"
3414,TK-3414,"02 13 16 22 25 27"
3415,TK-3415,"02 13 16 23 26 27"
3416,TK-3416,"02 13 17 18 19 27"
3417,TK-3417,"02 13 17 20 21 27"
3418,TK-3418,"02 13 17 21 22 24"
3419,TK-3419,"02 13 17 21 23 25"
3420,TK-3420,"02 13 17 22 23 24"
3421,TK-3421,"02 13 17 22 25 26"
3422,TK-3422,"02 13 17 23 26 27"
3423,TK-3423,"02 13 17 24 25 27"
3424,TK-3424,"02 13 18 19 21 27"
3425,TK-3425,"02 13 18 20 24 25"
3426,TK-3426,"02 13 18 21 22 25"
3427,TK-3427,"02 13 18 21 23 24"
3428,TK-3428,"02 13 18 22 23 26"
3429,TK-3429,"02 13 18 24 26 27"
3430,TK-3430,"02 13 19 20 21 26"
3431,TK-3431,"02 13 19 20 22 23"
3432,TK-3432,"02 13 19 22 26 27"
3433,TK-3433,"02 13 19 23 24 27"
3434,TK-3434,"02 13 19 24 25 26"
3435,TK-3435,"02 13 20 22 25 26"
3436,TK-3436,"02 13 20 23 25 27"
3437,TK-3437,"02 13 21 22 23 27"
3438,TK-3438,"02 13 21 23 25 26"
3439,TK-3439,"02 13 22 23 24 25"
3440,TK-3440,"02 14 15 18 19 27"
3441,TK-3441,"02 14 15 18 20 21"
3442,TK-3442,"02 14 15 18 22 25"
3443,TK-3443,"02 14 15 19 20 22"
3444,TK-3444,"02 14 15 19 24 25"
3445,TK-3445,"02 14 15 19 26 27"
3446,TK-3446,"02 14 15 20 25 26"
3447,TK-3447,"02 14 15 21 22 27"
3448,TK-3448,"02 14 15 21 24 26"
3449,TK-3449,"02 14 15 23 24 26"
3450,TK-3450,"02 14 15 23 25 27"
3451,TK-3451,"02 14 16 17 18 25"
3452,TK-3452,"02 14 16 17 19 23"
3453,TK-3453,"02 14 16 18 19 24"
3454,TK-3454,"02 14 16 19 20 21"
3455,TK-3455,"02 14 16 19 26 27"
3456,TK-3456,"02 14 16 20 22 26"
3457,TK-3457,"02 14 16 20 24 25"
3458,TK-3458,"02 14 16 21 22 24"
3459,TK-3459,"02 14 16 21 25 26"
3460,TK-3460,"02 14 16 22 25 27"
3461,TK-3461,"02 14 17 18 19 22"
3462,TK-3462,"02 14 17 18 20 24"
3463,TK-3463,"02 14 17 19 21 24"
3464,TK-3464,"02 14 17 20 23 26"
3465,TK-3465,"02 14 17 21 25 27"
3466,TK-3466,"02 14 17 22 26 27"
3467,TK-3467,"02 14 17 24 25 26"
3468,TK-3468,"02 14 18 19 21 26"
3469,TK-3469,"02 14 18 20 21 23"
3470,TK-3470,"02 14 18 20 22 27"
3471,TK-3471,"02 14 18 23 24 25"
3472,TK-3472,"02 14 18 24 26 27"
3473,TK-3473,"02 14 19 20 25 27"
3474,TK-3474,"02 14 19 21 22 23"
3475,TK-3475,"02 14 19 22 24 26"
3476,TK-3476,"02 14 19 23 24 25"
3477,TK-3477,"02 14 19 23 26 27"
3478,TK-3478,"02 14 20 21 22 24"
3479,TK-3479,"02 14 20 21 25 26"
3480,TK-3480,"02 14 20 23 24 27"
3481,TK-3481,"02 14 21 22 25 27"
3482,TK-3482,"02 14 22 23 25 26"
3483,TK-3483,"02 15 16 17 21 24"
3484,TK-3484,"02 15 16 19 20 25"
3485,TK-3485,"02 15 16 20 21 23"
3486,TK-3486,"02 15 16 20 22 24"
3487,TK-3487,"02 15 16 21 22 26"
3488,TK-3488,"02 15 16 22 23 25"
3489,TK-3489,"02 15 16 23 24 27"
3490,TK-3490,"02 15 16 23 25 26"
3491,TK-3491,"02 15 16 24 25 27"
3492,TK-3492,"02 15 17 18 19 24"
3493,TK-3493,"02 15 17 18 20 26"
3494,TK-3494,"02 15 17 18 23 25"
3495,TK-3495,"02 15 17 19 20 27"
3496,TK-3496,"02 15 17 19 21 23"
3497,TK-3497,"02 15 17 20 22 23"
3498,TK-3498,"02 15 17 21 22 25"
3499,TK-3499,"02 15 17 24 26 27"
3500,TK-3500,"02 15 18 19 20 23"
3501,TK-3501,"02 15 18 19 21 25"
3502,TK-3502,"02 15 18 21 23 27"
3503,TK-3503,"02 15 18 22 23 26"
3504,TK-3504,"02 15 18 22 24 27"
3505,TK-3505,"02 15 18 24 25 26"
3506,TK-3506,"02 15 19 21 22 24"
3507,TK-3507,"02 15 19 21 23 26"
3508,TK-3508,"02 15 19 23 25 27"
3509,TK-3509,"02 15 19 24 26 27"
3510,TK-3510,"02 15 20 21 24 27"
3511,TK-3511,"02 15 20 22 24 26"
3512,TK-3512,"02 15 20 22 25 27"
3513,TK-3513,"02 15 20 23 24 25"
3514,TK-3514,"02 15 21 22 25 26"
3515,TK-3515,"02 15 22 23 26 27"
3516,TK-3516,"02 16 17 19 20 24"
3517,TK-3517,"02 16 17 20 21 25"
3518,TK-3518,"02 16 17 21 26 27"
3519,TK-3519,"02 16 17 22 24 27"
3520,TK-3520,"02 16 18 19 20 27"
3521,TK-3521,"02 16 18 19 21 23"
3522,TK-3522,"02 16 18 20 21 22"
3523,TK-3523,"02 16 18 22 23 25"
3524,TK-3524,"02 16 18 23 24 26"
3525,TK-3525,"02 16 18 24 25 27"
3526,TK-3526,"02 16 19 21 22 27"
3527,TK-3527,"02 16 19 22 23 26"
3528,TK-3528,"02 16 19 24 25 26"
3529,TK-3529,"02 16 20 22 23 27"
3530,TK-3530,"02 16 20 23 24 26"
3531,TK-3531,"02 16 20 25 26 27"
3532,TK-3532,"02 16 21 22 24 25"
3533,TK-3533,"02 16 21 23 25 27"
3534,TK-3534,"02 16 22 24 26 27"
3535,TK-3535,"02 17 18 20 22 25"
3536,TK-3536,"02 17 18 21 22 26"
3537,TK-3537,"02 17 18 21 25 27"
3538,TK-3538,"02 17 18 23 24 27"
3539,TK-3539,"02 17 19 20 22 26"
3540,TK-3540,"02 17 19 22 23 25"
3541,TK-3541,"02 17 19 23 24 26"
3542,TK-3542,"02 17 19 25 26 27"
3543,TK-3543,"02 17 20 21 22 27"
3544,TK-3544,"02 17 20 21 23 24"
3545,TK-3545,"02 17 20 23 25 26"
3546,TK-3546,"02 17 20 24 25 27"
3547,TK-3547,"02 17 21 24 25 26"
3548,TK-3548,"02 17 22 23 24 27"
3549,TK-3549,"02 18 19 20 21 24"
3550,TK-3550,"02 18 19 22 24 25"
3551,TK-3551,"02 18 19 22 26 27"
3552,TK-3552,"02 18 19 23 25 26"
3553,TK-3553,"02 18 20 21 23 26"
3554,TK-3554,"02 18 20 24 26 27"
3555,TK-3555,"02 18 21 22 23 24"
3556,TK-3556,"02 18 21 25 26 27"
3557,TK-3557,"02 18 22 23 25 27"
3558,TK-3558,"02 19 20 21 22 25"
3559,TK-3559,"02 19 20 23 24 25"
3560,TK-3560,"02 19 20 23 26 27"
3561,TK-3561,"02 19 21 24 25 27"
3562,TK-3562,"02 20 22 24 25 26"
3563,TK-3563,"02 21 23 24 26 27"
3564,TK-3564,"03 04 05 07 08 15"
3565,TK-3565,"03 04 05 07 09 19"
3566,TK-3566,"03 04 05 07 09 25"
3567,TK-3567,"03 04 05 07 13 18"
3568,TK-3568,"03 04 05 08 13 17"
3569,TK-3569,"03 04 05 08 18 23"
3570,TK-3570,"03 04 05 09 10 11"
3571,TK-3571,"03 04 05 09 12 17"
3572,TK-3572,"03 04 05 09 20 22"
3573,TK-3573,"03 04 05 10 12 18"
3574,TK-3574,"03 04 05 10 14 23"
3575,TK-3575,"03 04 05 10 19 20"
3576,TK-3576,"03 04 05 11 12 14"
3577,TK-3577,"03 04 05 11 17 21"
3578,TK-3578,"03 04 05 11 18 24"
3579,TK-3579,"03 04 05 11 19 22"
3580,TK-3580,"03 04 05 11 20 25"
3581,TK-3581,"03 04 05 12 18 23"
3582,TK-3582,"03 04 05 12 19 21"
3583,TK-3583,"03 04 05 12 23 27"
3584,TK-3584,"03 04 05 12 24 26"
3585,TK-3585,"03 04 05 13 15 18"
3586,TK-3586,"03 04 05 13 16 26"
3587,TK-3587,"03 04 05 13 21 23"
3588,TK-3588,"03 04 05 13 22 27"
3589,TK-3589,"03 04 05 13 24 27"
3590,TK-3590,"03 04 05 14 15 27"
3591,TK-3591,"03 04 05 14 16 23"
3592,TK-3592,"03 04 05 14 19 26"
3593,TK-3593,"03 04 05 14 20 25"
3594,TK-3594,"03 04 05 15 16 17"
3595,TK-3595,"03 04 05 15 19 22"
3596,TK-3596,"03 04 05 15 23 25"
3597,TK-3597,"03 04 05 16 17 18"
3598,TK-3598,"03 04 05 16 19 27"
3599,TK-3599,"03 04 05 16 20 25"
3600,TK-3600,"03 04 05 17 19 22"
3601,TK-3601,"03 04 05 17 21 26"
3602,TK-3602,"03 04 05 17 25 27"
3603,TK-3603,"03 04 05 18 19 22"
3604,TK-3604,"03 04 05 18 20 21"
3605,TK-3605,"03 04 05 18 21 25"
3606,TK-3606,"03 04 05 19 20 27"
3607,TK-3607,"03 04 05 21 22 23"
3608,TK-3608,"03 04 05 21 22 24"
3609,TK-3609,"03 04 05 21 22 25"
3610,TK-3610,"03 04 05 22 26 27"
3611,TK-3611,"03 04 05 23 24 25"
3612,TK-3612,"03 04 05 24 25 26"
3613,TK-3613,"03 04 06 07 08 18"
3614,TK-3614,"03 04 06 07 13 21"
3615,TK-3615,"03 04 06 07 14 20"
3616,TK-3616,"03 04 06 08 09 24"
3617,TK-3617,"03 04 06 08 10 22"
3618,TK-3618,"03 04 06 08 12 16"
3619,TK-3619,"03 04 06 09 18 22"
3620,TK-3620,"03 04 06 09 19 25"
3621,TK-3621,"03 04 06 09 20 26"
3622,TK-3622,"03 04 06 10 12 27"
3623,TK-3623,"03 04 06 10 19 26"
3624,TK-3624,"03 04 06 11 13 27"
3625,TK-3625,"03 04 06 11 15 23"
3626,TK-3626,"03 04 06 11 20 26"
3627,TK-3627,"03 04 06 11 21 25"
3628,TK-3628,"03 04 06 11 22 23"
3629,TK-3629,"03 04 06 12 14 26"
3630,TK-3630,"03 04 06 12 15 27"
3631,TK-3631,"03 04 06 12 16 21"
3632,TK-3632,"03 04 06 12 20 25"
3633,TK-3633,"03 04 06 12 22 26"
3634,TK-3634,"03 04 06 12 25 27"
3635,TK-3635,"03 04 06 13 17 21"
3636,TK-3636,"03 04 06 13 18 24"
3637,TK-3637,"03 04 06 13 19 22"
3638,TK-3638,"03 04 06 14 16 17"
3639,TK-3639,"03 04 06 14 18 19"
3640,TK-3640,"03 04 06 14 22 23"
3641,TK-3641,"03 04 06 14 22 24"
3642,TK-3642,"03 04 06 15 17 19"
3643,TK-3643,"03 04 06 15 18 26"
3644,TK-3644,"03 04 06 15 20 25"
3645,TK-3645,"03 04 06 16 17 22"
3646,TK-3646,"03 04 06 16 18 25"
3647,TK-3647,"03 04 06 16 20 21"
3648,TK-3648,"03 04 06 16 20 27"
3649,TK-3649,"03 04 06 16 23 25"
3650,TK-3650,"03 04 06 17 18 27"
3651,TK-3651,"03 04 06 17 19 25"
3652,TK-3652,"03 04 06 17 20 23"
3653,TK-3653,"03 04 06 18 19 20"
3654,TK-3654,"03 04 06 18 21 27"
3655,TK-3655,"03 04 06 18 22 26"
3656,TK-3656,"03 04 06 18 23 24"
3657,TK-3657,"03 04 06 19 20 24"
3658,TK-3658,"03 04 06 19 21 24"
3659,TK-3659,"03 04 06 20 24 27"
3660,TK-3660,"03 04 06 21 22 25"
3661,TK-3661,"03 04 06 23 26 27"
3662,TK-3662,"03 04 07 08 09 23"
3663,TK-3663,"03 04 07 10 11 24"
3664,TK-3664,"03 04 07 10 16 20"
3665,TK-3665,"03 04 07 11 18 22"
3666,TK-3666,"03 04 07 12 19 25"
3667,TK-3667,"03 04 07 13 16 19"
3668,TK-3668,"03 04 07 13 17 20"
3669,TK-3669,"03 04 07 14 15 18"
3670,TK-3670,"03 04 07 14 17 22"
3671,TK-3671,"03 04 07 15 24 26"
3672,TK-3672,"03 04 07 17 18 26"
3673,TK-3673,"03 04 07 18 19 21"
3674,TK-3674,"03 04 07 19 22 23"
3675,TK-3675,"03 04 07 20 21 27"
3676,TK-3676,"03 04 07 23 24 25"
3677,TK-3677,"03 04 07 23 26 27"
3678,TK-3678,"03 04 08 09 16 21"
3679,TK-3679,"03 04 08 10 15 17"
3680,TK-3680,"03 04 08 10 19 21"
3681,TK-3681,"03 04 08 11 12 20"
3682,TK-3682,"03 04 08 11 25 26"
3683,TK-3683,"03 04 08 12 15 22"
3684,TK-3684,"03 04 08 12 17 20"
3685,TK-3685,"03 04 08 12 17 21"
3686,TK-3686,"03 04 08 13 14 15"
3687,TK-3687,"03 04 08 13 16 18"
3688,TK-3688,"03 04 08 13 20 21"
3689,TK-3689,"03 04 08 13 21 22"
3690,TK-3690,"03 04 08 13 24 26"
3691,TK-3691,"03 04 08 14 15 21"
3692,TK-3692,"03 04 08 14 16 27"
3693,TK-3693,"03 04 08 14 18 24"
3694,TK-3694,"03 04 08 14 19 23"
3695,TK-3695,"03 04 08 15 16 24"
3696,TK-3696,"03 04 08 15 20 21"
3697,TK-3697,"03 04 08 15 22 27"
3698,TK-3698,"03 04 08 16 19 20"
3699,TK-3699,"03 04 08 17 18 25"
3700,TK-3700,"03 04 08 18 20 25"
3701,TK-3701,"03 04 08 18 22 26"
3702,TK-3702,"03 04 08 18 23 27"
3703,TK-3703,"03 04 08 19 22 23"
3704,TK-3704,"03 04 08 19 24 26"
3705,TK-3705,"03 04 08 19 25 27"
3706,TK-3706,"03 04 08 20 21 22"
3707,TK-3707,"03 04 08 20 24 27"
3708,TK-3708,"03 04 08 21 23 24"
3709,TK-3709,"03 04 08 21 26 27"
3710,TK-3710,"03 04 08 23 25 26"
3711,TK-3711,"03 04 09 10 12 13"
3712,TK-3712,"03 04 09 11 14 18"
3713,TK-3713,"03 04 09 11 16 17"
3714,TK-3714,"03 04 09 12 16 23"
3715,TK-3715,"03 04 09 12 19 24"
3716,TK-3716,"03 04 09 13 19 23"
3717,TK-3717,"03 04 09 17 21 24"
3718,TK-3718,"03 04 09 18 24 26"
3719,TK-3719,"03 04 10 13 14 17"
3720,TK-3720,"03 04 10 13 15 23"
3721,TK-3721,"03 04 10 14 15 20"
3722,TK-3722,"03 04 10 16 23 26"
3723,TK-3723,"03 04 11 12 13 26"
3724,TK-3724,"03 04 11 14 18 20"
3725,TK-3725,"03 04 11 15 20 24"
3726,TK-3726,"03 04 11 19 25 26"
3727,TK-3727,"03 04 11 23 24 26"
3728,TK-3728,"03 04 12 13 20 23"
3729,TK-3729,"03 04 12 16 18 22"
3730,TK-3730,"03 04 12 16 24 25"
3731,TK-3731,"03 04 13 16 20 26"
3732,TK-3732,"03 04 13 17 20 24"
3733,TK-3733,"03 04 13 17 21 25"
3734,TK-3734,"03 04 14 15 16 25"
3735,TK-3735,"03 05 06 07 08 21"
3736,TK-3736,"03 05 06 07 09 11"
3737,TK-3737,"03 05 06 07 09 22"
3738,TK-3738,"03 05 06 07 10 23"
3739,TK-3739,"03 05 06 09 12 13"
3740,TK-3740,"03 05 06 09 13 14"
3741,TK-3741,"03 05 06 09 14 16"
3742,TK-3742,"03 05 06 09 15 23"
3743,TK-3743,"03 05 06 09 18 27"
3744,TK-3744,"03 05 06 09 19 24"
3745,TK-3745,"03 05 06 10 12 13"
3746,TK-3746,"03 05 06 10 13 26"
3747,TK-3747,"03 05 06 10 14 16"
3748,TK-3748,"03 05 06 10 14 18"
3749,TK-3749,"03 05 06 10 14 20"
3750,TK-3750,"03 05 06 10 15 24"
3751,TK-3751,"03 05 06 10 20 22"
3752,TK-3752,"03 05 06 10 21 27"
3753,TK-3753,"03 05 06 10 24 25"
3754,TK-3754,"03 05 06 11 12 16"
3755,TK-3755,"03 05 06 11 13 17"
3756,TK-3756,"03 05 06 11 15 25"
3757,TK-3757,"03 05 06 11 16 18"
3758,TK-3758,"03 05 06 11 16 26"
3759,TK-3759,"03 05 06 11 21 27"
3760,TK-3760,"03 05 06 12 14 22"
3761,TK-3761,"03 05 06 12 15 18"
3762,TK-3762,"03 05 06 12 16 19"
3763,TK-3763,"03 05 06 12 16 20"
3764,TK-3764,"03 05 06 12 17 23"
3765,TK-3765,"03 05 06 13 14 15"
3766,TK-3766,"03 05 06 13 14 17"
3767,TK-3767,"03 05 06 13 17 19"
3768,TK-3768,"03 05 06 13 18 25"
3769,TK-3769,"03 05 06 13 20 21"
3770,TK-3770,"03 05 06 13 22 24"
3771,TK-3771,"03 05 06 14 20 27"
3772,TK-3772,"03 05 06 14 21 22"
3773,TK-3773,"03 05 06 15 16 23"
3774,TK-3774,"03 05 06 15 16 27"
3775,TK-3775,"03 05 06 15 17 27"
3776,TK-3776,"03 05 06 15 21 25"
3777,TK-3777,"03 05 06 16 18 19"
3778,TK-3778,"03 05 06 16 21 22"
3779,TK-3779,"03 05 06 17 18 26"
3780,TK-3780,"03 05 06 17 19 24"
3781,TK-3781,"03 05 06 17 23 24"
3782,TK-3782,"03 05 06 18 19 22"
3783,TK-3783,"03 05 06 18 19 25"
3784,TK-3784,"03 05 06 18 20 21"
3785,TK-3785,"03 05 06 19 23 26"
3786,TK-3786,"03 05 06 20 25 26"
3787,TK-3787,"03 05 06 21 24 26"
3788,TK-3788,"03 05 06 21 25 27"
3789,TK-3789,"03 05 06 22 23 24"
3790,TK-3790,"03 05 06 22 23 26"
3791,TK-3791,"03 05 07 08 09 13"
3792,TK-3792,"03 05 07 08 12 25"
3793,TK-3793,"03 05 07 09 13 15"
3794,TK-3794,"03 05 07 09 14 23"
3795,TK-3795,"03 05 07 09 16 19"
3796,TK-3796,"03 05 07 09 18 21"
3797,TK-3797,"03 05 07 10 14 15"
3798,TK-3798,"03 05 07 10 17 22"
3799,TK-3799,"03 05 07 10 18 21"
3800,TK-3800,"03 05 07 10 24 27"
3801,TK-3801,"03 05 07 11 16 25"
3802,TK-3802,"03 05 07 11 17 25"
3803,TK-3803,"03 05 07 11 18 21"
3804,TK-3804,"03 05 07 11 18 23"
3805,TK-3805,"03 05 07 11 25 26"
3806,TK-3806,"03 05 07 12 13 22"
3807,TK-3807,"03 05 07 12 14 17"
3808,TK-3808,"03 05 07 12 16 26"
3809,TK-3809,"03 05 07 12 19 22"
3810,TK-3810,"03 05 07 12 20 24"
3811,TK-3811,"03 05 07 12 21 27"
3812,TK-3812,"03 05 07 13 19 21"
3813,TK-3813,"03 05 07 13 20 27"
3814,TK-3814,"03 05 07 14 20 21"
3815,TK-3815,"03 05 07 14 25 27"
3816,TK-3816,"03 05 07 15 17 19"
3817,TK-3817,"03 05 07 15 18 24"
3818,TK-3818,"03 05 07 15 20 21"
3819,TK-3819,"03 05 07 16 17 24"
3820,TK-3820,"03 05 07 16 19 27"
3821,TK-3821,"03 05 07 16 21 24"
3822,TK-3822,"03 05 07 16 22 23"
3823,TK-3823,"03 05 07 17 18 26"
3824,TK-3824,"03 05 07 17 22 27"
3825,TK-3825,"03 05 07 18 20 25"
3826,TK-3826,"03 05 07 18 23 27"
3827,TK-3827,"03 05 07 19 20 26"
3828,TK-3828,"03 05 07 19 22 27"
3829,TK-3829,"03 05 07 22 23 26"
3830,TK-3830,"03 05 07 23 24 25"
3831,TK-3831,"03 05 08 09 17 24"
3832,TK-3832,"03 05 08 09 19 21"
3833,TK-3833,"03 05 08 10 17 19"
3834,TK-3834,"03 05 08 11 12 27"
3835,TK-3835,"03 05 08 11 13 24"
3836,TK-3836,"03 05 08 11 17 22"
3837,TK-3837,"03 05 08 11 19 25"
3838,TK-3838,"03 05 08 12 16 20"
3839,TK-3839,"03 05 08 12 23 26"
3840,TK-3840,"03 05 08 13 15 27"
3841,TK-3841,"03 05 08 13 18 23"
3842,TK-3842,"03 05 08 13 20 24"
3843,TK-3843,"03 05 08 14 15 23"
3844,TK-3844,"03 05 08 14 16 21"
3845,TK-3845,"03 05 08 14 18 27"
3846,TK-3846,"03 05 08 14 22 23"
3847,TK-3847,"03 05 08 15 16 27"
3848,TK-3848,"03 05 08 15 17 25"
3849,TK-3849,"03 05 08 15 18 20"
3850,TK-3850,"03 05 08 15 22 23"
3851,TK-3851,"03 05 08 16 17 21"
3852,TK-3852,"03 05 08 16 18 25"
3853,TK-3853,"03 05 08 16 22 23"
3854,TK-3854,"03 05 08 17 22 26"
3855,TK-3855,"03 05 08 17 24 25"
3856,TK-3856,"03 05 08 18 22 25"
3857,TK-3857,"03 05 08 19 22 23"
3858,TK-3858,"03 05 08 19 24 26"
3859,TK-3859,"03 05 08 20 21 26"
3860,TK-3860,"03 05 08 21 22 23"
3861,TK-3861,"03 05 08 25 26 27"
3862,TK-3862,"03 05 09 10 13 16"
3863,TK-3863,"03 05 09 11 14 22"
3864,TK-3864,"03 05 09 12 15 25"
3865,TK-3865,"03 05 09 12 17 23"
3866,TK-3866,"03 05 09 14 20 26"
3867,TK-3867,"03 05 09 16 21 25"
3868,TK-3868,"03 05 09 20 22 27"
3869,TK-3869,"03 05 10 11 13 23"
3870,TK-3870,"03 05 10 12 17 24"
3871,TK-3871,"03 05 10 14 16 24"
3872,TK-3872,"03 05 10 15 16 26"
3873,TK-3873,"03 05 10 19 21 24"
3874,TK-3874,"03 05 11 12 14 19"
3875,TK-3875,"03 05 11 12 20 25"
3876,TK-3876,"03 05 11 13 14 21"
3877,TK-3877,"03 05 11 15 22 26"
3878,TK-3878,"03 05 11 19 21 25"
3879,TK-3879,"03 05 11 20 21 23"
3880,TK-3880,"03 05 14 15 16 22"
3881,TK-3881,"03 06 07 08 09 25"
3882,TK-3882,"03 06 07 09 13 19"
3883,TK-3883,"03 06 07 09 15 21"
3884,TK-3884,"03 06 07 09 16 27"
3885,TK-3885,"03 06 07 09 17 24"
3886,TK-3886,"03 06 07 10 11 14"
3887,TK-3887,"03 06 07 10 21 25"
3888,TK-3888,"03 06 07 10 22 23"
3889,TK-3889,"03 06 07 11 12 23"
3890,TK-3890,"03 06 07 11 13 19"
3891,TK-3891,"03 06 07 11 15 16"
3892,TK-3892,"03 06 07 11 18 24"
3893,TK-3893,"03 06 07 11 20 25"
3894,TK-3894,"03 06 07 11 21 26"
3895,TK-3895,"03 06 07 12 13 15"
3896,TK-3896,"03 06 07 12 14 23"
3897,TK-3897,"03 06 07 12 17 22"
3898,TK-3898,"03 06 07 12 19 21"
3899,TK-3899,"03 06 07 12 20 25"
3900,TK-3900,"03 06 07 13 14 26"
3901,TK-3901,"03 06 07 13 15 16"
3902,TK-3902,"03 06 07 13 16 27"
3903,TK-3903,"03 06 07 13 18 22"
3904,TK-3904,"03 06 07 13 20 23"
3905,TK-3905,"03 06 07 14 15 19"
3906,TK-3906,"03 06 07 14 16 23"
3907,TK-3907,"03 06 07 14 17 26"
3908,TK-3908,"03 06 07 14 21 27"
3909,TK-3909,"03 06 07 14 23 24"
3910,TK-3910,"03 06 07 14 23 25"
3911,TK-3911,"03 06 07 15 17 21"
3912,TK-3912,"03 06 07 15 17 23"
3913,TK-3913,"03 06 07 15 18 20"
3914,TK-3914,"03 06 07 15 19 20"
3915,TK-3915,"03 06 07 15 20 24"
3916,TK-3916,"03 06 07 15 22 26"
3917,TK-3917,"03 06 07 16 18 19"
3918,TK-3918,"03 06 07 16 18 24"
3919,TK-3919,"03 06 07 16 20 21"
3920,TK-3920,"03 06 07 16 22 26"
3921,TK-3921,"03 06 07 17 18 20"
3922,TK-3922,"03 06 07 17 19 23"
3923,TK-3923,"03 06 07 17 19 25"
3924,TK-3924,"03 06 07 17 24 25"
3925,TK-3925,"03 06 07 18 23 26"
3926,TK-3926,"03 06 07 18 25 27"
3927,TK-3927,"03 06 07 19 22 27"
3928,TK-3928,"03 06 07 19 24 26"
3929,TK-3929,"03 06 07 20 21 27"
3930,TK-3930,"03 06 07 20 25 26"
3931,TK-3931,"03 06 07 21 24 26"
3932,TK-3932,"03 06 07 22 23 25"
3933,TK-3933,"03 06 07 23 26 27"
3934,TK-3934,"03 06 08 09 10 11"
3935,TK-3935,"03 06 08 09 16 24"
3936,TK-3936,"03 06 08 09 25 26"
3937,TK-3937,"03 06 08 10 13 17"
3938,TK-3938,"03 06 08 10 15 22"
3939,TK-3939,"03 06 08 10 16 19"
3940,TK-3940,"03 06 08 10 20 24"
3941,TK-3941,"03 06 08 11 12 18"
3942,TK-3942,"03 06 08 11 14 17"
3943,TK-3943,"03 06 08 11 16 25"
3944,TK-3944,"03 06 08 11 19 20"
3945,TK-3945,"03 06 08 11 22 27"
3946,TK-3946,"03 06 08 12 13 14"
3947,TK-3947,"03 06 08 12 15 23"
3948,TK-3948,"03 06 08 12 20 26"
3949,TK-3949,"03 06 08 12 21 24"
3950,TK-3950,"03 06 08 13 15 25"
3951,TK-3951,"03 06 08 13 18 23"
3952,TK-3952,"03 06 08 13 19 24"
3953,TK-3953,"03 06 08 13 20 27"
3954,TK-3954,"03 06 08 13 21 26"
3955,TK-3955,"03 06 08 14 15 20"
3956,TK-3956,"03 06 08 14 15 24"
3957,TK-3957,"03 06 08 14 16 19"
3958,TK-3958,"03 06 08 14 19 25"
3959,TK-3959,"03 06 08 15 17 26"
3960,TK-3960,"03 06 08 15 18 27"
3961,TK-3961,"03 06 08 15 19 26"
3962,TK-3962,"03 06 08 16 18 23"
3963,TK-3963,"03 06 08 16 20 25"
3964,TK-3964,"03 06 08 16 21 22"
3965,TK-3965,"03 06 08 17 18 21"
3966,TK-3966,"03 06 08 17 19 23"
3967,TK-3967,"03 06 08 17 23 27"
3968,TK-3968,"03 06 08 17 24 25"
3969,TK-3969,"03 06 08 18 19 23"
3970,TK-3970,"03 06 08 18 20 21"
3971,TK-3971,"03 06 08 18 22 26"
3972,TK-3972,"03 06 08 19 24 25"
3973,TK-3973,"03 06 08 19 25 27"
3974,TK-3974,"03 06 08 20 22 24"
3975,TK-3975,"03 06 08 21 26 27"
3976,TK-3976,"03 06 09 11 12 19"
3977,TK-3977,"03 06 09 12 17 20"
3978,TK-3978,"03 06 09 14 18 21"
3979,TK-3979,"03 06 09 14 20 25"
3980,TK-3980,"03 06 09 15 22 25"
3981,TK-3981,"03 06 10 11 15 27"
3982,TK-3982,"03 06 10 12 21 26"
3983,TK-3983,"03 06 10 13 14 23"
3984,TK-3984,"03 06 10 16 17 21"
3985,TK-3985,"03 06 11 12 24 25"
3986,TK-3986,"03 06 11 13 15 24"
3987,TK-3987,"03 06 12 13 16 22"
3988,TK-3988,"03 06 12 14 20 27"
3989,TK-3989,"03 06 13 17 19 27"
3990,TK-3990,"03 07 08 09 16 22"
3991,TK-3991,"03 07 08 09 20 21"
3992,TK-3992,"03 07 08 10 11 19"
3993,TK-3993,"03 07 08 10 12 19"
3994,TK-3994,"03 07 08 10 14 20"
3995,TK-3995,"03 07 08 11 13 16"
3996,TK-3996,"03 07 08 11 15 23"
3997,TK-3997,"03 07 08 11 16 17"
3998,TK-3998,"03 07 08 11 18 20"
3999,TK-3999,"03 07 08 11 22 24"
4000,TK-4000,"03 07 08 12 15 24"
4001,TK-4001,"03 07 08 12 16 26"
4002,TK-4002,"03 07 08 12 17 20"
4003,TK-4003,"03 07 08 12 21 23"
4004,TK-4004,"03 07 08 13 14 22"
4005,TK-4005,"03 07 08 13 17 22"
4006,TK-4006,"03 07 08 13 19 20"
4007,TK-4007,"03 07 08 13 21 25"
4008,TK-4008,"03 07 08 13 23 24"
4009,TK-4009,"03 07 08 14 16 27"
4010,TK-4010,"03 07 08 14 17 26"
4011,TK-4011,"03 07 08 14 18 22"
4012,TK-4012,"03 07 08 14 19 24"
4013,TK-4013,"03 07 08 15 16 21"
4014,TK-4014,"03 07 08 15 17 25"
4015,TK-4015,"03 07 08 15 18 19"
4016,TK-4016,"03 07 08 15 22 27"
4017,TK-4017,"03 07 08 16 17 23"
4018,TK-4018,"03 07 08 16 18 27"
4019,TK-4019,"03 07 08 16 19 20"
4020,TK-4020,"03 07 08 16 24 25"
4021,TK-4021,"03 07 08 17 18 27"
4022,TK-4022,"03 07 08 17 19 24"
4023,TK-4023,"03 07 08 17 21 26"
4024,TK-4024,"03 07 08 17 24 25"
4025,TK-4025,"03 07 08 18 19 21"
4026,TK-4026,"03 07 08 18 19 22"
4027,TK-4027,"03 07 08 18 19 25"
4028,TK-4028,"03 07 08 18 21 23"
4029,TK-4029,"03 07 08 18 24 26"
4030,TK-4030,"03 07 08 19 26 27"
4031,TK-4031,"03 07 08 20 21 24"
4032,TK-4032,"03 07 08 20 22 26"
4033,TK-4033,"03 07 08 20 23 25"
4034,TK-4034,"03 07 08 20 23 27"
4035,TK-4035,"03 07 08 21 24 27"
4036,TK-4036,"03 07 08 22 23 26"
4037,TK-4037,"03 07 08 22 25 27"
4038,TK-4038,"03 07 08 23 24 26"
4039,TK-4039,"03 07 08 24 25 26"
4040,TK-4040,"03 07 09 10 11 14"
4041,TK-4041,"03 07 09 10 12 18"
4042,TK-4042,"03 07 09 10 15 18"
4043,TK-4043,"03 07 09 10 22 26"
4044,TK-4044,"03 07 09 11 12 21"
4045,TK-4045,"03 07 09 11 13 27"
4046,TK-4046,"03 07 09 11 15 19"
4047,TK-4047,"03 07 09 11 17 22"
4048,TK-4048,"03 07 09 12 14 26"
4049,TK-4049,"03 07 09 12 15 25"
4050,TK-4050,"03 07 09 13 19 24"
4051,TK-4051,"03 07 09 14 20 27"
4052,TK-4052,"03 07 10 11 12 13"
4053,TK-4053,"03 07 10 12 15 23"
4054,TK-4054,"03 07 10 13 17 18"
4055,TK-4055,"03 07 10 13 19 23"
4056,TK-4056,"03 07 10 14 21 24"
4057,TK-4057,"03 07 10 15 19 26"
4058,TK-4058,"03 07 11 12 17 27"
4059,TK-4059,"03 07 11 13 15 21"
4060,TK-4060,"03 07 11 14 16 19"
4061,TK-4061,"03 07 11 14 23 25"
4062,TK-4062,"03 07 12 13 14 24"
4063,TK-4063,"03 08 09 10 13 22"
4064,TK-4064,"03 08 09 10 15 24"
4065,TK-4065,"03 08 09 11 14 19"
4066,TK-4066,"03 08 09 11 15 21"
4067,TK-4067,"03 08 09 11 16 26"
4068,TK-4068,"03 08 09 11 17 27"
4069,TK-4069,"03 08 09 11 20 23"
4070,TK-4070,"03 08 09 12 13 25"
4071,TK-4071,"03 08 09 12 16 17"
4072,TK-4072,"03 08 09 12 18 27"
4073,TK-4073,"03 08 09 13 15 26"
4074,TK-4074,"03 08 09 13 16 27"
4075,TK-4075,"03 08 09 14 15 24"
4076,TK-4076,"03 08 09 14 23 25"
4077,TK-4077,"03 08 10 11 13 25"
4078,TK-4078,"03 08 10 11 14 26"
4079,TK-4079,"03 08 10 11 21 24"
4080,TK-4080,"03 08 10 12 14 22"
4081,TK-4081,"03 08 10 12 18 23"
4082,TK-4082,"03 08 11 12 14 18"
4083,TK-4083,"03 08 12 15 19 20"
4084,TK-4084,"03 09 10 11 12 21"
4085,TK-4085,"03 09 10 12 13 20"
4086,TK-4086,"03 09 10 13 14 27"
4087,TK-4087,"03 09 10 13 15 25"
4088,TK-4088,"03 09 10 13 16 21"
4089,TK-4089,"03 09 10 13 18 24"
4090,TK-4090,"03 09 10 14 15 17"
4091,TK-4091,"03 09 10 14 15 23"
4092,TK-4092,"03 09 10 14 16 18"
4093,TK-4093,"03 09 10 14 19 22"
4094,TK-4094,"03 09 10 15 16 27"
4095,TK-4095,"03 09 10 15 18 20"
4096,TK-4096,"03 09 10 15 26 27"
4097,TK-4097,"03 09 10 16 18 23"
4098,TK-4098,"03 09 10 16 19 21"
4099,TK-4099,"03 09 10 16 20 26"
4100,TK-4100,"03 09 10 16 24 25"
4101,TK-4101,"03 09 10 17 18 20"
4102,TK-4102,"03 09 10 17 19 27"
4103,TK-4103,"03 09 10 17 21 22"
4104,TK-4104,"03 09 10 17 23 26"
4105,TK-4105,"03 09 10 17 24 25"
4106,TK-4106,"03 09 10 18 19 22"
4107,TK-4107,"03 09 10 18 20 25"
4108,TK-4108,"03 09 10 18 21 23"
4109,TK-4109,"03 09 10 18 22 26"
4110,TK-4110,"03 09 10 18 23 25"
4111,TK-4111,"03 09 10 19 20 23"
4112,TK-4112,"03 09 10 19 25 27"
4113,TK-4113,"03 09 10 20 21 27"
4114,TK-4114,"03 09 10 20 23 24"
4115,TK-4115,"03 09 10 21 23 26"
4116,TK-4116,"03 09 10 21 24 25"
4117,TK-4117,"03 09 10 22 23 27"
4118,TK-4118,"03 09 10 22 24 25"
4119,TK-4119,"03 09 10 24 26 27"
4120,TK-4120,"03 09 10 25 26 27"
4121,TK-4121,"03 09 11 12 13 15"
4122,TK-4122,"03 09 11 13 15 21"
4123,TK-4123,"03 09 11 13 16 18"
4124,TK-4124,"03 09 11 13 19 25"
4125,TK-4125,"03 09 11 13 20 24"
4126,TK-4126,"03 09 11 14 15 23"
4127,TK-4127,"03 09 11 14 18 19"
4128,TK-4128,"03 09 11 14 22 24"
4129,TK-4129,"03 09 11 15 16 18"
4130,TK-4130,"03 09 11 15 16 21"
4131,TK-4131,"03 09 11 15 17 25"
4132,TK-4132,"03 09 11 15 20 26"
4133,TK-4133,"03 09 11 15 22 24"
4134,TK-4134,"03 09 11 16 17 20"
4135,TK-4135,"03 09 11 16 17 27"
4136,TK-4136,"03 09 11 16 22 23"
4137,TK-4137,"03 09 11 16 24 25"
4138,TK-4138,"03 09 11 17 18 19"
4139,TK-4139,"03 09 11 17 18 26"
4140,TK-4140,"03 09 11 17 21 23"
4141,TK-4141,"03 09 11 18 20 25"
4142,TK-4142,"03 09 11 18 21 22"
4143,TK-4143,"03 09 11 18 22 23"
4144,TK-4144,"03 09 11 18 26 27"
4145,TK-4145,"03 09 11 19 20 22"
4146,TK-4146,"03 09 11 19 21 26"
4147,TK-4147,"03 09 11 19 23 27"
4148,TK-4148,"03 09 11 19 24 25"
4149,TK-4149,"03 09 11 21 22 25"
4150,TK-4150,"03 09 11 21 22 26"
4151,TK-4151,"03 09 11 21 23 24"
4152,TK-4152,"03 09 11 23 25 26"
4153,TK-4153,"03 09 11 24 26 27"
4154,TK-4154,"03 09 12 13 14 16"
4155,TK-4155,"03 09 12 14 15 22"
4156,TK-4156,"03 09 12 14 17 27"
4157,TK-4157,"03 09 12 14 19 26"
4158,TK-4158,"03 09 12 14 20 25"
4159,TK-4159,"03 09 12 14 21 23"
4160,TK-4160,"03 09 12 15 16 25"
4161,TK-4161,"03 09 12 15 17 23"
4162,TK-4162,"03 09 12 15 19 24"
4163,TK-4163,"03 09 12 16 17 18"
4164,TK-4164,"03 09 12 16 20 26"
4165,TK-4165,"03 09 12 16 22 23"
4166,TK-4166,"03 09 12 16 24 27"
4167,TK-4167,"03 09 12 17 19 24"
4168,TK-4168,"03 09 12 17 20 26"
4169,TK-4169,"03 09 12 17 21 25"
4170,TK-4170,"03 09 12 17 22 27"
4171,TK-4171,"03 09 12 18 19 21"
4172,TK-4172,"03 09 12 18 20 25"
4173,TK-4173,"03 09 12 18 22 26"
4174,TK-4174,"03 09 12 18 23 24"
4175,TK-4175,"03 09 12 19 20 22"
4176,TK-4176,"03 09 12 19 22 23"
4177,TK-4177,"03 09 12 20 23 27"
4178,TK-4178,"03 09 12 21 22 24"
4179,TK-4179,"03 09 12 21 26 27"
4180,TK-4180,"03 09 12 22 24 26"
4181,TK-4181,"03 09 12 22 24 27"
4182,TK-4182,"03 09 12 23 25 26"
4183,TK-4183,"03 09 13 15 16 20"
4184,TK-4184,"03 09 13 15 18 23"
4185,TK-4185,"03 09 13 15 22 26"
4186,TK-4186,"03 09 13 16 17 25"
4187,TK-4187,"03 09 13 16 18 22"
4188,TK-4188,"03 09 13 16 19 26"
4189,TK-4189,"03 09 13 17 18 20"
4190,TK-4190,"03 09 13 17 19 21"
4191,TK-4191,"03 09 13 17 22 27"
4192,TK-4192,"03 09 13 17 23 26"
4193,TK-4193,"03 09 13 18 19 23"
4194,TK-4194,"03 09 13 18 21 22"
4195,TK-4195,"03 09 13 18 24 26"
4196,TK-4196,"03 09 13 18 25 27"
4197,TK-4197,"03 09 13 19 20 25"
4198,TK-4198,"03 09 13 20 21 23"
4199,TK-4199,"03 09 13 20 21 27"
4200,TK-4200,"03 09 13 20 22 25"
4201,TK-4201,"03 09 13 21 24 26"
4202,TK-4202,"03 09 13 21 26 27"
4203,TK-4203,"03 09 13 22 23 24"
4204,TK-4204,"03 09 13 23 24 27"
4205,TK-4205,"03 09 13 24 25 27"
4206,TK-4206,"03 09 14 15 16 17"
4207,TK-4207,"03 09 14 16 17 21"
4208,TK-4208,"03 09 14 16 18 19"
4209,TK-4209,"03 09 14 16 22 26"
4210,TK-4210,"03 09 14 16 24 27"
4211,TK-4211,"03 09 14 17 20 24"
4212,TK-4212,"03 09 14 17 22 26"
4213,TK-4213,"03 09 14 18 19 21"
4214,TK-4214,"03 09 14 18 20 26"
4215,TK-4215,"03 09 14 18 23 24"
4216,TK-4216,"03 09 14 18 23 25"
4217,TK-4217,"03 09 14 19 22 23"
4218,TK-4218,"03 09 14 19 25 27"
4219,TK-4219,"03 09 14 20 23 27"
4220,TK-4220,"03 09 14 21 22 23"
4221,TK-4221,"03 09 14 21 24 26"
4222,TK-4222,"03 09 14 22 23 27"
4223,TK-4223,"03 09 14 22 24 25"
4224,TK-4224,"03 09 14 22 26 27"
4225,TK-4225,"03 09 15 16 18 24"
4226,TK-4226,"03 09 15 17 18 19"
4227,TK-4227,"03 09 15 17 19 25"
4228,TK-4228,"03 09 15 17 21 22"
4229,TK-4229,"03 09 15 17 23 27"
4230,TK-4230,"03 09 15 18 20 25"
4231,TK-4231,"03 09 15 18 21 27"
4232,TK-4232,"03 09 15 19 21 27"
4233,TK-4233,"03 09 15 19 22 26"
4234,TK-4234,"03 09 15 19 23 24"
4235,TK-4235,"03 09 15 20 21 24"
4236,TK-4236,"03 09 15 20 22 26"
4237,TK-4237,"03 09 15 20 24 27"
4238,TK-4238,"03 09 15 21 23 26"
4239,TK-4239,"03 09 15 22 25 27"
4240,TK-4240,"03 09 15 24 26 27"
4241,TK-4241,"03 09 16 17 18 27"
4242,TK-4242,"03 09 16 17 19 20"
4243,TK-4243,"03 09 16 18 21 23"
4244,TK-4244,"03 09 16 19 21 27"
4245,TK-4245,"03 09 16 19 22 25"
4246,TK-4246,"03 09 16 19 24 27"
4247,TK-4247,"03 09 16 20 21 25"
4248,TK-4248,"03 09 16 20 23 27"
4249,TK-4249,"03 09 16 21 22 27"
4250,TK-4250,"03 09 16 23 24 26"
4251,TK-4251,"03 09 16 25 26 27"
4252,TK-4252,"03 09 17 18 25 26"
4253,TK-4253,"03 09 17 19 20 26"
4254,TK-4254,"03 09 17 19 21 25"
4255,TK-4255,"03 09 17 20 21 27"
4256,TK-4256,"03 09 17 20 22 25"
4257,TK-4257,"03 09 17 20 23 25"
4258,TK-4258,"03 09 17 21 24 26"
4259,TK-4259,"03 09 17 22 23 24"
4260,TK-4260,"03 09 17 24 25 27"
4261,TK-4261,"03 09 18 19 20 24"
4262,TK-4262,"03 09 18 19 21 26"
4263,TK-4263,"03 09 18 21 23 24"
4264,TK-4264,"03 09 18 22 23 27"
4265,TK-4265,"03 09 18 24 26 27"
4266,TK-4266,"03 09 19 20 22 27"
4267,TK-4267,"03 09 19 21 23 25"
4268,TK-4268,"03 09 19 23 26 27"
4269,TK-4269,"03 09 19 24 25 26"
4270,TK-4270,"03 09 20 21 22 26"
4271,TK-4271,"03 09 20 22 23 24"
4272,TK-4272,"03 09 20 23 25 26"
4273,TK-4273,"03 09 20 24 25 27"
4274,TK-4274,"03 09 21 22 25 27"
4275,TK-4275,"03 10 11 13 14 20"
4276,TK-4276,"03 10 11 14 15 20"
4277,TK-4277,"03 10 11 14 16 21"
4278,TK-4278,"03 10 11 14 19 25"
4279,TK-4279,"03 10 11 15 16 22"
4280,TK-4280,"03 10 11 15 17 25"
4281,TK-4281,"03 10 11 15 18 27"
4282,TK-4282,"03 10 11 16 17 21"
4283,TK-4283,"03 10 11 16 18 27"
4284,TK-4284,"03 10 11 16 19 20"
4285,TK-4285,"03 10 11 16 24 25"
4286,TK-4286,"03 10 11 17 18 22"
4287,TK-4287,"03 10 11 17 19 20"
4288,TK-4288,"03 10 11 17 19 23"
4289,TK-4289,"03 10 11 17 20 26"
4290,TK-4290,"03 10 11 18 19 22"
4291,TK-4291,"03 10 11 18 20 25"
4292,TK-4292,"03 10 11 18 21 27"
4293,TK-4293,"03 10 11 18 23 24"
4294,TK-4294,"03 10 11 19 21 25"
4295,TK-4295,"03 10 11 20 21 22"
4296,TK-4296,"03 10 11 20 23 27"
4297,TK-4297,"03 10 11 21 23 24"
4298,TK-4298,"03 10 11 21 23 26"
4299,TK-4299,"03 10 11 22 23 25"
4300,TK-4300,"03 10 11 22 26 27"
4301,TK-4301,"03 10 11 24 25 27"
4302,TK-4302,"03 10 12 13 14 22"
4303,TK-4303,"03 10 12 13 15 21"
4304,TK-4304,"03 10 12 13 16 24"
4305,TK-4305,"03 10 12 14 15 18"
4306,TK-4306,"03 10 12 14 16 17"
4307,TK-4307,"03 10 12 14 17 24"
4308,TK-4308,"03 10 12 14 25 27"
4309,TK-4309,"03 10 12 15 17 25"
4310,TK-4310,"03 10 12 15 19 20"
4311,TK-4311,"03 10 12 15 22 23"
4312,TK-4312,"03 10 12 16 19 23"
4313,TK-4313,"03 10 12 16 20 21"
4314,TK-4314,"03 10 12 17 18 24"
4315,TK-4315,"03 10 12 17 19 23"
4316,TK-4316,"03 10 12 17 21 27"
4317,TK-4317,"03 10 12 18 19 26"
4318,TK-4318,"03 10 12 18 20 22"
4319,TK-4319,"03 10 12 18 20 25"
4320,TK-4320,"03 10 12 19 22 27"
4321,TK-4321,"03 10 12 19 24 25"
4322,TK-4322,"03 10 12 20 21 27"
4323,TK-4323,"03 10 12 20 23 25"
4324,TK-4324,"03 10 12 20 24 27"
4325,TK-4325,"03 10 12 21 22 25"
4326,TK-4326,"03 10 12 21 23 24"
4327,TK-4327,"03 10 12 21 26 27"
4328,TK-4328,"03 10 12 22 24 26"
4329,TK-4329,"03 10 13 14 15 19"
4330,TK-4330,"03 10 13 14 16 27"
4331,TK-4331,"03 10 13 14 21 26"
4332,TK-4332,"03 10 13 15 16 19"
4333,TK-4333,"03 10 13 15 17 24"
4334,TK-4334,"03 10 13 16 17 26"
4335,TK-4335,"03 10 13 16 20 24"
4336,TK-4336,"03 10 13 16 22 25"
4337,TK-4337,"03 10 13 17 19 23"
4338,TK-4338,"03 10 13 17 20 26"
4339,TK-4339,"03 10 13 17 21 22"
4340,TK-4340,"03 10 13 18 19 27"
4341,TK-4341,"03 10 13 18 22 24"
4342,TK-4342,"03 10 13 19 20 26"
4343,TK-4343,"03 10 13 19 21 22"
4344,TK-4344,"03 10 13 19 24 25"
4345,TK-4345,"03 10 13 20 21 24"
4346,TK-4346,"03 10 13 20 25 27"
4347,TK-4347,"03 10 13 21 23 25"
4348,TK-4348,"03 10 13 22 23 26"
4349,TK-4349,"03 10 13 22 23 27"
4350,TK-4350,"03 10 13 24 26 27"
4351,TK-4351,"03 10 14 15 16 26"
4352,TK-4352,"03 10 14 15 18 24"
4353,TK-4353,"03 10 14 17 18 26"
4354,TK-4354,"03 10 14 17 19 20"
4355,TK-4355,"03 10 14 17 23 27"
4356,TK-4356,"03 10 14 18 20 27"
4357,TK-4357,"03 10 14 18 21 23"
4358,TK-4358,"03 10 14 18 22 25"
4359,TK-4359,"03 10 14 19 21 22"
4360,TK-4360,"03 10 14 19 24 25"
4361,TK-4361,"03 10 14 19 25 26"
4362,TK-4362,"03 10 14 20 22 24"
4363,TK-4363,"03 10 14 20 23 25"
4364,TK-4364,"03 10 14 21 26 27"
4365,TK-4365,"03 10 14 22 23 27"
4366,TK-4366,"03 10 14 23 24 26"
4367,TK-4367,"03 10 15 16 19 22"
4368,TK-4368,"03 10 15 17 20 27"
4369,TK-4369,"03 10 15 18 19 21"
4370,TK-4370,"03 10 15 18 20 23"
4371,TK-4371,"03 10 15 18 21 25"
4372,TK-4372,"03 10 15 19 20 25"
4373,TK-4373,"03 10 15 19 26 27"
4374,TK-4374,"03 10 15 20 23 26"
4375,TK-4375,"03 10 15 21 22 26"
4376,TK-4376,"03 10 15 21 23 27"
4377,TK-4377,"03 10 15 22 23 25"
4378,TK-4378,"03 10 15 22 24 27"
4379,TK-4379,"03 10 15 24 25 26"
4380,TK-4380,"03 10 16 17 18 25"
4381,TK-4381,"03 10 16 17 21 24"
4382,TK-4382,"03 10 16 17 22 27"
4383,TK-4383,"03 10 16 18 19 24"
4384,TK-4384,"03 10 16 18 20 26"
4385,TK-4385,"03 10 16 18 21 27"
4386,TK-4386,"03 10 16 19 20 21"
4387,TK-4387,"03 10 16 19 26 27"
4388,TK-4388,"03 10 16 20 22 24"
4389,TK-4389,"03 10 16 21 22 23"
4390,TK-4390,"03 10 16 21 25 26"
4391,TK-4391,"03 10 16 22 23 26"
4392,TK-4392,"03 10 16 23 24 27"
4393,TK-4393,"03 10 16 23 25 27"
4394,TK-4394,"03 10 17 18 21 26"
4395,TK-4395,"03 10 17 19 20 27"
4396,TK-4396,"03 10 17 19 21 23"
4397,TK-4397,"03 10 17 19 22 24"
4398,TK-4398,"03 10 17 19 25 26"
4399,TK-4399,"03 10 17 20 23 25"
4400,TK-4400,"03 10 17 21 22 25"
4401,TK-4401,"03 10 17 22 26 27"
4402,TK-4402,"03 10 17 23 24 26"
4403,TK-4403,"03 10 17 24 25 27"
4404,TK-4404,"03 10 18 19 22 26"
4405,TK-4405,"03 10 18 20 21 22"
4406,TK-4406,"03 10 18 21 23 27"
4407,TK-4407,"03 10 18 22 24 27"
4408,TK-4408,"03 10 18 24 25 26"
4409,TK-4409,"03 10 19 20 23 24"
4410,TK-4410,"03 10 19 21 24 27"
4411,TK-4411,"03 10 19 22 23 25"
4412,TK-4412,"03 10 19 23 26 27"
4413,TK-4413,"03 10 20 21 23 26"
4414,TK-4414,"03 10 20 22 25 26"
4415,TK-4415,"03 10 20 24 25 27"
4416,TK-4416,"03 11 12 13 14 26"
4417,TK-4417,"03 11 12 14 15 20"
4418,TK-4418,"03 11 12 15 17 24"
4419,TK-4419,"03 11 12 15 26 27"
4420,TK-4420,"03 11 12 16 17 19"
4421,TK-4421,"03 11 12 16 18 26"
4422,TK-4422,"03 11 12 16 20 25"
4423,TK-4423,"03 11 12 16 22 24"
4424,TK-4424,"03 11 12 17 20 21"
4425,TK-4425,"03 11 12 17 22 23"
4426,TK-4426,"03 11 12 18 19 25"
4427,TK-4427,"03 11 12 18 21 24"
4428,TK-4428,"03 11 12 18 23 26"
4429,TK-4429,"03 11 12 19 21 25"
4430,TK-4430,"03 11 12 19 23 26"
4431,TK-4431,"03 11 12 19 24 27"
4432,TK-4432,"03 11 12 20 21 22"
4433,TK-4433,"03 11 12 20 26 27"
4434,TK-4434,"03 11 12 21 23 26"
4435,TK-4435,"03 11 12 22 23 27"
4436,TK-4436,"03 11 12 22 24 26"
4437,TK-4437,"03 11 12 23 24 25"
4438,TK-4438,"03 11 13 15 18 22"
4439,TK-4439,"03 11 13 16 19 21"
4440,TK-4440,"03 11 13 16 20 23"
4441,TK-4441,"03 11 13 16 24 27"
4442,TK-4442,"03 11 13 17 18 21"
4443,TK-4443,"03 11 13 17 19 22"
4444,TK-4444,"03 11 13 17 23 27"
4445,TK-4445,"03 11 13 17 24 25"
4446,TK-4446,"03 11 13 18 19 27"
4447,TK-4447,"03 11 13 18 20 24"
4448,TK-4448,"03 11 13 18 23 26"
4449,TK-4449,"03 11 13 18 25 27"
4450,TK-4450,"03 11 13 19 20 26"
4451,TK-4451,"03 11 13 19 23 24"
4452,TK-4452,"03 11 13 20 23 27"
4453,TK-4453,"03 11 13 21 22 23"
4454,TK-4454,"03 11 13 21 22 25"
4455,TK-4455,"03 11 13 21 26 27"
4456,TK-4456,"03 11 13 22 24 27"
4457,TK-4457,"03 11 13 23 25 26"
4458,TK-4458,"03 11 14 15 16 19"
4459,TK-4459,"03 11 14 16 17 23"
4460,TK-4460,"03 11 14 16 18 22"
4461,TK-4461,"03 11 14 17 18 21"
4462,TK-4462,"03 11 14 17 22 25"
4463,TK-4463,"03 11 14 17 26 27"
4464,TK-4464,"03 11 14 18 19 26"
4465,TK-4465,"03 11 14 18 20 21"
4466,TK-4466,"03 11 14 18 23 27"
4467,TK-4467,"03 11 14 19 21 26"
4468,TK-4468,"03 11 14 19 22 27"
4469,TK-4469,"03 11 14 20 22 26"
4470,TK-4470,"03 11 14 20 23 25"
4471,TK-4471,"03 11 14 20 24 27"
4472,TK-4472,"03 11 14 21 22 23"
4473,TK-4473,"03 11 14 21 25 27"
4474,TK-4474,"03 11 14 23 24 26"
4475,TK-4475,"03 11 15 16 17 21"
4476,TK-4476,"03 11 15 16 23 24"
4477,TK-4477,"03 11 15 17 18 23"
4478,TK-4478,"03 11 15 17 19 24"
4479,TK-4479,"03 11 15 18 21 24"
4480,TK-4480,"03 11 15 19 20 27"
4481,TK-4481,"03 11 15 19 25 26"
4482,TK-4482,"03 11 15 20 22 26"
4483,TK-4483,"03 11 15 20 23 24"
4484,TK-4484,"03 11 15 21 23 24"
4485,TK-4485,"03 11 15 21 23 27"
4486,TK-4486,"03 11 15 22 23 26"
4487,TK-4487,"03 11 15 22 24 25"
4488,TK-4488,"03 11 15 24 26 27"
4489,TK-4489,"03 11 16 18 19 24"
4490,TK-4490,"03 11 16 18 20 21"
4491,TK-4491,"03 11 16 19 22 27"
4492,TK-4492,"03 11 16 19 25 26"
4493,TK-4493,"03 11 16 20 22 25"
4494,TK-4494,"03 11 16 20 24 26"
4495,TK-4495,"03 11 16 21 22 26"
4496,TK-4496,"03 11 16 21 23 27"
4497,TK-4497,"03 11 17 18 20 27"
4498,TK-4498,"03 11 17 19 22 25"
4499,TK-4499,"03 11 17 20 24 25"
4500,TK-4500,"03 11 17 21 24 26"
4501,TK-4501,"03 11 17 21 25 27"
4502,TK-4502,"03 11 17 22 23 24"
4503,TK-4503,"03 11 17 23 25 26"
4504,TK-4504,"03 11 18 20 21 23"
4505,TK-4505,"03 11 18 21 25 26"
4506,TK-4506,"03 11 18 22 24 27"
4507,TK-4507,"03 11 18 23 24 25"
4508,TK-4508,"03 11 19 20 21 25"
4509,TK-4509,"03 11 19 21 22 24"
4510,TK-4510,"03 11 19 22 26 27"
4511,TK-4511,"03 11 19 23 24 26"
4512,TK-4512,"03 11 19 24 25 27"
4513,TK-4513,"03 11 20 21 22 27"
4514,TK-4514,"03 11 20 24 25 26"
4515,TK-4515,"03 11 21 23 26 27"
4516,TK-4516,"03 11 22 23 25 27"
4517,TK-4517,"03 12 13 15 16 21"
4518,TK-4518,"03 12 13 15 17 19"
4519,TK-4519,"03 12 13 16 17 23"
4520,TK-4520,"03 12 13 16 17 25"
4521,TK-4521,"03 12 13 16 19 26"
4522,TK-4522,"03 12 13 17 18 22"
4523,TK-4523,"03 12 13 17 20 26"
4524,TK-4524,"03 12 13 18 20 24"
4525,TK-4525,"03 12 13 18 21 22"
4526,TK-4526,"03 12 13 18 23 26"
4527,TK-4527,"03 12 13 18 25 27"
4528,TK-4528,"03 12 13 19 20 22"
4529,TK-4529,"03 12 13 20 23 27"
4530,TK-4530,"03 12 13 21 23 24"
4531,TK-4531,"03 12 13 21 26 27"
4532,TK-4532,"03 12 13 22 23 25"
4533,TK-4533,"03 12 13 22 24 27"
4534,TK-4534,"03 12 13 24 25 26"
4535,TK-4535,"03 12 14 15 18 21"
4536,TK-4536,"03 12 14 17 18 24"
4537,TK-4537,"03 12 14 17 19 21"
4538,TK-4538,"03 12 14 18 19 27"
4539,TK-4539,"03 12 14 18 22 24"
4540,TK-4540,"03 12 14 19 20 23"
4541,TK-4541,"03 12 14 19 21 26"
4542,TK-4542,"03 12 14 19 24 25"
4543,TK-4543,"03 12 14 20 21 24"
4544,TK-4544,"03 12 14 20 23 26"
4545,TK-4545,"03 12 14 21 25 26"
4546,TK-4546,"03 12 14 22 23 25"
4547,TK-4547,"03 12 14 24 26 27"
4548,TK-4548,"03 12 15 16 17 26"
4549,TK-4549,"03 12 15 16 18 27"
4550,TK-4550,"03 12 15 17 18 25"
4551,TK-4551,"03 12 15 17 20 21"
4552,TK-4552,"03 12 15 17 20 22"
4553,TK-4553,"03 12 15 18 19 22"
4554,TK-4554,"03 12 15 19 21 27"
4555,TK-4555,"03 12 15 20 22 23"
4556,TK-4556,"03 12 15 20 25 27"
4557,TK-4557,"03 12 15 21 22 25"
4558,TK-4558,"03 12 15 21 23 24"
4559,TK-4559,"03 12 15 22 24 27"
4560,TK-4560,"03 12 15 23 25 27"
4561,TK-4561,"03 12 16 17 26 27"
4562,TK-4562,"03 12 16 18 20 22"
4563,TK-4563,"03 12 16 18 21 25"
4564,TK-4564,"03 12 16 19 21 24"
4565,TK-4565,"03 12 16 20 21 27"
4566,TK-4566,"03 12 16 20 22 24"
4567,TK-4567,"03 12 16 21 22 26"
4568,TK-4568,"03 12 16 22 25 27"
4569,TK-4569,"03 12 16 23 24 26"
4570,TK-4570,"03 12 17 18 19 26"
4571,TK-4571,"03 12 17 18 22 27"
4572,TK-4572,"03 12 17 19 20 23"
4573,TK-4573,"03 12 17 19 22 25"
4574,TK-4574,"03 12 17 19 24 27"
4575,TK-4575,"03 12 17 20 25 27"
4576,TK-4576,"03 12 17 21 22 24"
4577,TK-4577,"03 12 17 21 23 27"
4578,TK-4578,"03 12 17 21 24 26"
4579,TK-4579,"03 12 17 23 25 26"
4580,TK-4580,"03 12 18 19 20 27"
4581,TK-4581,"03 12 18 20 21 26"
4582,TK-4582,"03 12 18 21 23 24"
4583,TK-4583,"03 12 18 22 25 26"
4584,TK-4584,"03 12 18 23 24 25"
4585,TK-4585,"03 12 18 24 26 27"
4586,TK-4586,"03 12 19 20 24 26"
4587,TK-4587,"03 12 19 21 22 27"
4588,TK-4588,"03 12 19 21 23 25"
4589,TK-4589,"03 12 19 22 23 26"
4590,TK-4590,"03 12 19 25 26 27"
4591,TK-4591,"03 12 20 21 24 25"
4592,TK-4592,"03 12 20 22 26 27"
4593,TK-4593,"03 12 20 23 24 27"
4594,TK-4594,"03 12 20 23 25 26"
4595,TK-4595,"03 12 22 24 25 27"
4596,TK-4596,"03 13 14 15 16 25"
4597,TK-4597,"03 13 14 15 17 23"
4598,TK-4598,"03 13 14 16 17 21"
4599,TK-4599,"03 13 14 16 18 20"
4600,TK-4600,"03 13 14 16 22 23"
4601,TK-4601,"03 13 14 17 18 27"
4602,TK-4602,"03 13 14 17 19 26"
4603,TK-4603,"03 13 14 18 22 25"
4604,TK-4604,"03 13 14 19 20 21"
4605,TK-4605,"03 13 14 19 24 25"
4606,TK-4606,"03 13 14 20 22 24"
4607,TK-4607,"03 13 14 21 23 25"
4608,TK-4608,"03 13 14 21 24 27"
4609,TK-4609,"03 13 14 23 26 27"
4610,TK-4610,"03 13 14 25 26 27"
4611,TK-4611,"03 13 15 16 17 20"
4612,TK-4612,"03 13 15 17 18 26"
4613,TK-4613,"03 13 15 18 20 23"
4614,TK-4614,"03 13 15 18 24 27"
4615,TK-4615,"03 13 15 19 20 26"
4616,TK-4616,"03 13 15 19 21 23"
4617,TK-4617,"03 13 15 19 24 25"
4618,TK-4618,"03 13 15 20 21 27"
4619,TK-4619,"03 13 15 20 22 24"
4620,TK-4620,"03 13 15 21 24 26"
4621,TK-4621,"03 13 15 22 23 26"
4622,TK-4622,"03 13 15 22 25 27"
4623,TK-4623,"03 13 16 17 18 24"
4624,TK-4624,"03 13 16 18 19 23"
4625,TK-4625,"03 13 16 18 21 26"
4626,TK-4626,"03 13 16 19 20 22"
4627,TK-4627,"03 13 16 19 22 26"
4628,TK-4628,"03 13 16 19 25 27"
4629,TK-4629,"03 13 16 20 21 25"
4630,TK-4630,"03 13 16 20 26 27"
4631,TK-4631,"03 13 16 21 23 27"
4632,TK-4632,"03 13 16 22 24 27"
4633,TK-4633,"03 13 16 24 25 26"
4634,TK-4634,"03 13 17 18 19 25"
4635,TK-4635,"03 13 17 19 20 27"
4636,TK-4636,"03 13 17 19 23 24"
4637,TK-4637,"03 13 17 20 21 24"
4638,TK-4638,"03 13 17 20 23 26"
4639,TK-4639,"03 13 17 21 25 27"
4640,TK-4640,"03 13 17 22 26 27"
4641,TK-4641,"03 13 17 24 26 27"
4642,TK-4642,"03 13 18 19 21 24"
4643,TK-4643,"03 13 18 20 22 25"
4644,TK-4644,"03 13 18 20 26 27"
4645,TK-4645,"03 13 18 21 22 26"
4646,TK-4646,"03 13 18 23 24 27"
4647,TK-4647,"03 13 19 20 23 25"
4648,TK-4648,"03 13 19 21 22 23"
4649,TK-4649,"03 13 19 23 26 27"
4650,TK-4650,"03 13 19 24 25 27"
4651,TK-4651,"03 13 20 22 23 24"
4652,TK-4652,"03 13 20 24 25 27"
4653,TK-4653,"03 13 21 23 24 25"
4654,TK-4654,"03 13 22 24 25 26"
4655,TK-4655,"03 14 15 18 20 25"
4656,TK-4656,"03 14 15 18 23 26"
4657,TK-4657,"03 14 15 19 20 21"
4658,TK-4658,"03 14 15 19 22 27"
4659,TK-4659,"03 14 15 20 24 27"
4660,TK-4660,"03 14 15 21 22 25"
4661,TK-4661,"03 14 15 21 26 27"
4662,TK-4662,"03 14 15 22 23 24"
4663,TK-4663,"03 14 15 24 25 26"
4664,TK-4664,"03 14 16 17 20 26"
4665,TK-4665,"03 14 16 18 24 25"
4666,TK-4666,"03 14 16 19 20 25"
4667,TK-4667,"03 14 16 19 21 24"
4668,TK-4668,"03 14 16 20 22 24"
4669,TK-4669,"03 14 16 20 23 27"
4670,TK-4670,"03 14 16 21 22 25"
4671,TK-4671,"03 14 16 23 25 26"
4672,TK-4672,"03 14 17 18 19 23"
4673,TK-4673,"03 14 17 19 22 27"
4674,TK-4674,"03 14 17 20 21 25"
4675,TK-4675,"03 14 17 20 24 27"
4676,TK-4676,"03 14 17 21 22 23"
4677,TK-4677,"03 14 17 21 24 26"
4678,TK-4678,"03 14 17 22 24 25"
4679,TK-4679,"03 14 17 23 24 26"
4680,TK-4680,"03 14 18 19 20 24"
4681,TK-4681,"03 14 18 19 22 25"
4682,TK-4682,"03 14 18 20 22 26"
4683,TK-4683,"03 14 18 21 22 24"
4684,TK-4684,"03 14 18 21 25 27"
4685,TK-4685,"03 14 18 22 23 24"
4686,TK-4686,"03 14 18 24 25 26"
4687,TK-4687,"03 14 19 20 26 27"
4688,TK-4688,"03 14 19 21 23 25"
4689,TK-4689,"03 14 19 23 25 27"
4690,TK-4690,"03 14 20 21 22 27"
4691,TK-4691,"03 14 20 21 23 26"
4692,TK-4692,"03 14 20 23 24 25"
4693,TK-4693,"03 14 21 22 25 26"
4694,TK-4694,"03 14 21 23 24 27"
4695,TK-4695,"03 14 22 23 25 27"
4696,TK-4696,"03 14 22 24 26 27"
4697,TK-4697,"03 15 16 17 18 22"
4698,TK-4698,"03 15 16 17 19 23"
4699,TK-4699,"03 15 16 18 19 20"
4700,TK-4700,"03 15 16 19 21 22"
4701,TK-4701,"03 15 16 20 22 23"
4702,TK-4702,"03 15 16 20 25 27"
4703,TK-4703,"03 15 16 21 23 27"
4704,TK-4704,"03 15 16 22 23 26"
4705,TK-4705,"03 15 16 22 24 25"
4706,TK-4706,"03 15 16 24 26 27"
4707,TK-4707,"03 15 17 19 21 24"
4708,TK-4708,"03 15 17 20 22 25"
4709,TK-4709,"03 15 17 20 24 26"
4710,TK-4710,"03 15 17 21 22 27"
4711,TK-4711,"03 15 17 25 26 27"
4712,TK-4712,"03 15 18 19 22 24"
4713,TK-4713,"03 15 18 19 25 27"
4714,TK-4714,"03 15 18 20 21 26"
4715,TK-4715,"03 15 18 21 22 23"
4716,TK-4716,"03 15 18 23 24 25"
4717,TK-4717,"03 15 18 24 26 27"
4718,TK-4718,"03 15 19 20 23 27"
4719,TK-4719,"03 15 19 21 25 26"
4720,TK-4720,"03 15 19 22 23 25"
4721,TK-4721,"03 15 19 23 24 26"
4722,TK-4722,"03 15 20 21 24 25"
4723,TK-4723,"03 15 20 23 25 26"
4724,TK-4724,"03 15 21 22 24 26"
4725,TK-4725,"03 15 21 23 25 27"
4726,TK-4726,"03 15 22 25 26 27"
4727,TK-4727,"03 16 17 18 19 21"
4728,TK-4728,"03 16 17 20 22 24"
4729,TK-4729,"03 16 17 20 25 27"
4730,TK-4730,"03 16 17 21 22 26"
4731,TK-4731,"03 16 17 22 23 25"
4732,TK-4732,"03 16 18 19 25 26"
4733,TK-4733,"03 16 18 22 23 26"
4734,TK-4734,"03 16 18 22 24 27"
4735,TK-4735,"03 16 18 23 25 27"
4736,TK-4736,"03 16 18 24 26 27"
4737,TK-4737,"03 16 19 20 21 23"
4738,TK-4738,"03 16 19 21 24 25"
4739,TK-4739,"03 16 19 22 24 26"
4740,TK-4740,"03 16 19 23 26 27"
4741,TK-4741,"03 16 20 21 24 27"
4742,TK-4742,"03 16 20 22 25 26"
4743,TK-4743,"03 16 21 23 24 26"
4744,TK-4744,"03 16 21 25 26 27"
4745,TK-4745,"03 16 22 23 24 25"
4746,TK-4746,"03 17 18 19 20 22"
4747,TK-4747,"03 17 18 20 23 24"
4748,TK-4748,"03 17 18 21 22 25"
4749,TK-4749,"03 17 18 21 23 27"
4750,TK-4750,"03 17 18 23 25 26"
4751,TK-4751,"03 17 18 24 26 27"
4752,TK-4752,"03 17 19 20 21 26"
4753,TK-4753,"03 17 19 22 24 25"
4754,TK-4754,"03 17 19 23 24 27"
4755,TK-4755,"03 17 19 23 25 26"
4756,TK-4756,"03 17 20 21 22 23"
4757,TK-4757,"03 17 20 22 24 27"
4758,TK-4758,"03 17 20 23 26 27"
4759,TK-4759,"03 17 21 24 25 27"
4760,TK-4760,"03 17 22 23 24 26"
4761,TK-4761,"03 18 19 21 22 27"
4762,TK-4762,"03 18 19 22 23 26"
4763,TK-4763,"03 18 19 23 24 25"
4764,TK-4764,"03 18 20 21 23 25"
4765,TK-4765,"03 18 20 22 23 27"
4766,TK-4766,"03 18 20 22 24 26"
4767,TK-4767,"03 18 20 25 26 27"
4768,TK-4768,"03 18 21 24 25 26"
4769,TK-4769,"03 19 20 22 25 27"
4770,TK-4770,"03 19 20 24 25 26"
4771,TK-4771,"03 19 21 22 23 24"
4772,TK-4772,"03 19 21 24 26 27"
4773,TK-4773,"03 20 23 24 25 27"
4774,TK-4774,"03 21 22 23 26 27"
4775,TK-4775,"04 05 06 07 13 16"
4776,TK-4776,"04 05 06 09 16 23"
4777,TK-4777,"04 05 06 11 14 21"
4778,TK-4778,"04 05 06 12 17 22"
4779,TK-4779,"04 05 06 12 24 25"
4780,TK-4780,"04 05 06 13 20 25"
4781,TK-4781,"04 05 06 13 24 26"
4782,TK-4782,"04 05 06 14 16 27"
4783,TK-4783,"04 05 06 15 16 18"
4784,TK-4784,"04 05 06 15 24 27"
4785,TK-4785,"04 05 06 17 23 26"
4786,TK-4786,"04 05 06 18 21 24"
4787,TK-4787,"04 05 06 19 21 23"
4788,TK-4788,"04 05 06 25 26 27"
4789,TK-4789,"04 05 07 08 10 25"
4790,TK-4790,"04 05 07 08 11 16"
4791,TK-4791,"04 05 07 08 12 27"
4792,TK-4792,"04 05 07 09 12 15"
4793,TK-4793,"04 05 07 09 14 26"
4794,TK-4794,"04 05 07 10 12 21"
4795,TK-4795,"04 05 07 10 14 27"
4796,TK-4796,"04 05 07 10 16 22"
4797,TK-4797,"04 05 07 10 17 26"
4798,TK-4798,"04 05 07 11 14 22"
4799,TK-4799,"04 05 07 11 15 19"
4800,TK-4800,"04 05 07 11 23 26"
4801,TK-4801,"04 05 07 11 25 27"
4802,TK-4802,"04 05 07 12 13 20"
4803,TK-4803,"04 05 07 12 14 27"
4804,TK-4804,"04 05 07 12 21 22"
4805,TK-4805,"04 05 07 13 14 23"
4806,TK-4806,"04 05 07 13 15 17"
4807,TK-4807,"04 05 07 13 19 23"
4808,TK-4808,"04 05 07 13 26 27"
4809,TK-4809,"04 05 07 14 16 18"
4810,TK-4810,"04 05 07 14 17 21"
4811,TK-4811,"04 05 07 14 22 26"
4812,TK-4812,"04 05 07 15 16 24"
4813,TK-4813,"04 05 07 15 18 25"
4814,TK-4814,"04 05 07 15 19 27"
4815,TK-4815,"04 05 07 15 22 27"
4816,TK-4816,"04 05 07 16 17 19"
4817,TK-4817,"04 05 07 16 18 26"
4818,TK-4818,"04 05 07 16 20 23"
4819,TK-4819,"04 05 07 16 21 27"
4820,TK-4820,"04 05 07 16 22 25"
4821,TK-4821,"04 05 07 17 18 25"
4822,TK-4822,"04 05 07 17 20 27"
4823,TK-4823,"04 05 07 17 22 24"
4824,TK-4824,"04 05 07 17 26 27"
4825,TK-4825,"04 05 07 18 19 26"
4826,TK-4826,"04 05 07 18 20 27"
4827,TK-4827,"04 05 07 18 22 25"
4828,TK-4828,"04 05 07 18 23 25"
4829,TK-4829,"04 05 07 18 24 26"
4830,TK-4830,"04 05 07 19 21 25"
4831,TK-4831,"04 05 07 19 23 27"
4832,TK-4832,"04 05 07 20 22 24"
4833,TK-4833,"04 05 07 20 22 27"
4834,TK-4834,"04 05 07 20 23 25"
4835,TK-4835,"04 05 07 20 23 26"
4836,TK-4836,"04 05 07 21 23 27"
4837,TK-4837,"04 05 07 21 24 27"
4838,TK-4838,"04 05 07 22 25 26"
4839,TK-4839,"04 05 07 23 24 26"
4840,TK-4840,"04 05 07 24 25 27"
4841,TK-4841,"04 05 08 09 15 25"
4842,TK-4842,"04 05 08 10 14 17"
4843,TK-4843,"04 05 08 10 18 21"
4844,TK-4844,"04 05 08 11 18 21"
4845,TK-4845,"04 05 08 12 13 19"
4846,TK-4846,"04 05 08 16 23 24"
4847,TK-4847,"04 05 08 17 19 26"
4848,TK-4848,"04 05 09 10 13 20"
4849,TK-4849,"04 05 09 10 14 24"
4850,TK-4850,"04 05 09 10 15 21"
4851,TK-4851,"04 05 09 10 18 25"
4852,TK-4852,"04 05 09 10 19 27"
4853,TK-4853,"04 05 09 10 23 26"
4854,TK-4854,"04 05 09 11 13 21"
4855,TK-4855,"04 05 09 11 16 24"
4856,TK-4856,"04 05 09 11 19 23"
4857,TK-4857,"04 05 09 11 23 27"
4858,TK-4858,"04 05 09 12 18 20"
4859,TK-4859,"04 05 09 12 25 27"
4860,TK-4860,"04 05 09 13 16 27"
4861,TK-4861,"04 05 09 13 17 22"
4862,TK-4862,"04 05 09 14 15 25"
4863,TK-4863,"04 05 09 14 19 20"
4864,TK-4864,"04 05 09 14 21 27"
4865,TK-4865,"04 05 09 15 17 19"
4866,TK-4866,"04 05 09 15 20 24"
4867,TK-4867,"04 05 09 15 22 27"
4868,TK-4868,"04 05 09 17 23 25"
4869,TK-4869,"04 05 09 18 19 26"
4870,TK-4870,"04 05 10 11 12 16"
4871,TK-4871,"04 05 10 11 13 22"
4872,TK-4872,"04 05 10 11 20 23"
4873,TK-4873,"04 05 10 12 15 26"
4874,TK-4874,"04 05 10 12 20 21"
4875,TK-4875,"04 05 10 12 22 23"
4876,TK-4876,"04 05 10 13 21 27"
4877,TK-4877,"04 05 10 13 24 25"
4878,TK-4878,"04 05 10 16 17 23"
4879,TK-4879,"04 05 10 16 18 20"
4880,TK-4880,"04 05 10 16 20 26"
4881,TK-4881,"04 05 10 16 21 26"
4882,TK-4882,"04 05 10 16 25 26"
4883,TK-4883,"04 05 10 22 24 27"
4884,TK-4884,"04 05 11 12 17 27"
4885,TK-4885,"04 05 11 13 16 18"
4886,TK-4886,"04 05 11 16 19 24"
4887,TK-4887,"04 05 11 18 19 27"
4888,TK-4888,"04 05 11 18 22 26"
4889,TK-4889,"04 05 11 20 22 24"
4890,TK-4890,"04 05 12 13 15 25"
4891,TK-4891,"04 05 12 13 18 24"
4892,TK-4892,"04 05 12 14 18 25"
4893,TK-4893,"04 05 12 14 19 22"
4894,TK-4894,"04 05 12 14 19 24"
4895,TK-4895,"04 05 12 14 21 27"
4896,TK-4896,"04 05 12 15 19 23"
4897,TK-4897,"04 05 12 15 21 24"
4898,TK-4898,"04 05 12 18 25 27"
4899,TK-4899,"04 05 12 19 20 26"
4900,TK-4900,"04 05 13 15 21 26"
4901,TK-4901,"04 05 13 16 22 23"
4902,TK-4902,"04 05 13 18 23 26"
4903,TK-4903,"04 05 14 17 20 24"
4904,TK-4904,"04 05 15 16 22 24"
4905,TK-4905,"04 05 15 18 20 26"
4906,TK-4906,"04 05 17 18 20 26"
4907,TK-4907,"04 06 07 08 10 26"
4908,TK-4908,"04 06 07 08 11 19"
4909,TK-4909,"04 06 07 09 12 27"
4910,TK-4910,"04 06 07 09 13 20"
4911,TK-4911,"04 06 07 10 11 22"
4912,TK-4912,"04 06 07 10 15 16"
4913,TK-4913,"04 06 07 10 18 25"
4914,TK-4914,"04 06 07 10 20 21"
4915,TK-4915,"04 06 07 10 22 27"
4916,TK-4916,"04 06 07 11 12 14"
4917,TK-4917,"04 06 07 11 16 20"
4918,TK-4918,"04 06 07 11 17 18"
4919,TK-4919,"04 06 07 12 18 20"
4920,TK-4920,"04 06 07 12 21 24"
4921,TK-4921,"04 06 07 13 14 27"
4922,TK-4922,"04 06 07 13 17 24"
4923,TK-4923,"04 06 07 13 22 23"
4924,TK-4924,"04 06 07 14 17 19"
4925,TK-4925,"04 06 07 14 19 22"
4926,TK-4926,"04 06 07 14 24 25"
4927,TK-4927,"04 06 07 15 16 22"
4928,TK-4928,"04 06 07 15 21 23"
4929,TK-4929,"04 06 07 15 25 26"
4930,TK-4930,"04 06 07 16 18 23"
4931,TK-4931,"04 06 07 16 18 27"
4932,TK-4932,"04 06 07 16 20 24"
4933,TK-4933,"04 06 07 16 21 26"
4934,TK-4934,"04 06 07 17 21 27"
4935,TK-4935,"04 06 07 17 24 26"
4936,TK-4936,"04 06 07 18 19 24"
4937,TK-4937,"04 06 07 18 20 22"
4938,TK-4938,"04 06 07 18 21 22"
4939,TK-4939,"04 06 07 18 25 26"
4940,TK-4940,"04 06 07 19 22 25"
4941,TK-4941,"04 06 07 20 22 26"
4942,TK-4942,"04 06 07 22 24 27"
4943,TK-4943,"04 06 07 23 25 27"
4944,TK-4944,"04 06 08 09 12 21"
4945,TK-4945,"04 06 08 09 13 18"
4946,TK-4946,"04 06 08 09 14 20"
4947,TK-4947,"04 06 08 09 16 17"
4948,TK-4948,"04 06 08 09 22 25"
4949,TK-4949,"04 06 08 10 11 12"
4950,TK-4950,"04 06 08 10 13 27"
4951,TK-4951,"04 06 08 10 14 24"
4952,TK-4952,"04 06 08 10 20 23"
4953,TK-4953,"04 06 08 11 13 15"
4954,TK-4954,"04 06 08 11 15 17"
4955,TK-4955,"04 06 08 11 17 23"
4956,TK-4956,"04 06 08 11 18 25"
4957,TK-4957,"04 06 08 12 14 27"
4958,TK-4958,"04 06 08 12 15 18"
4959,TK-4959,"04 06 08 12 19 25"
4960,TK-4960,"04 06 08 12 20 21"
4961,TK-4961,"04 06 08 13 14 19"
4962,TK-4962,"04 06 08 13 22 26"
4963,TK-4963,"04 06 08 14 15 18"
4964,TK-4964,"04 06 08 14 16 22"
4965,TK-4965,"04 06 08 14 19 21"
4966,TK-4966,"04 06 08 14 20 23"
4967,TK-4967,"04 06 08 14 24 26"
4968,TK-4968,"04 06 08 15 16 19"
4969,TK-4969,"04 06 08 15 17 27"
4970,TK-4970,"04 06 08 15 18 21"
4971,TK-4971,"04 06 08 15 23 24"
4972,TK-4972,"04 06 08 16 17 21"
4973,TK-4973,"04 06 08 16 19 25"
4974,TK-4974,"04 06 08 16 20 24"
4975,TK-4975,"04 06 08 16 21 26"
4976,TK-4976,"04 06 08 16 22 23"
4977,TK-4977,"04 06 08 16 26 27"
4978,TK-4978,"04 06 08 17 20 22"
4979,TK-4979,"04 06 08 17 21 27"
4980,TK-4980,"04 06 08 17 25 26"
4981,TK-4981,"04 06 08 18 19 26"
4982,TK-4982,"04 06 08 18 24 27"
4983,TK-4983,"04 06 08 19 20 23"
4984,TK-4984,"04 06 08 19 21 25"
4985,TK-4985,"04 06 08 19 21 27"
4986,TK-4986,"04 06 08 19 22 24"
4987,TK-4987,"04 06 08 20 22 27"
4988,TK-4988,"04 06 08 21 22 23"
4989,TK-4989,"04 06 08 22 23 24"
4990,TK-4990,"04 06 08 22 25 26"
4991,TK-4991,"04 06 08 23 25 27"
4992,TK-4992,"04 06 09 10 12 22"
4993,TK-4993,"04 06 09 10 13 25"
4994,TK-4994,"04 06 09 10 14 15"
4995,TK-4995,"04 06 09 10 16 24"
4996,TK-4996,"04 06 09 10 17 20"
4997,TK-4997,"04 06 09 10 18 21"
4998,TK-4998,"04 06 09 11 18 25"
4999,TK-4999,"04 06 09 11 22 26"
5000,TK-5000,"04 06 09 12 15 19"
5001,TK-5001,"04 06 09 14 24 27"
5002,TK-5002,"04 06 09 14 25 26"
5003,TK-5003,"04 06 09 15 21 27"
5004,TK-5004,"04 06 09 15 26 27"
5005,TK-5005,"04 06 09 16 19 26"
5006,TK-5006,"04 06 09 17 21 25"
5007,TK-5007,"04 06 09 17 22 24"
5008,TK-5008,"04 06 09 18 20 27"
5009,TK-5009,"04 06 09 20 21 23"
5010,TK-5010,"04 06 09 22 23 27"
5011,TK-5011,"04 06 10 11 15 18"
5012,TK-5012,"04 06 10 11 17 24"
5013,TK-5013,"04 06 10 11 23 25"
5014,TK-5014,"04 06 10 14 18 26"
5015,TK-5015,"04 06 10 14 19 22"
5016,TK-5016,"04 06 10 14 21 26"
5017,TK-5017,"04 06 10 15 19 23"
5018,TK-5018,"04 06 10 15 21 22"
5019,TK-5019,"04 06 10 16 19 27"
5020,TK-5020,"04 06 10 17 23 27"
5021,TK-5021,"04 06 10 18 19 24"
5022,TK-5022,"04 06 11 12 19 23"
5023,TK-5023,"04 06 11 12 21 27"
5024,TK-5024,"04 06 11 13 14 23"
5025,TK-5025,"04 06 11 13 16 21"
5026,TK-5026,"04 06 11 14 25 27"
5027,TK-5027,"04 06 11 14 26 27"
5028,TK-5028,"04 06 11 15 19 24"
5029,TK-5029,"04 06 11 16 24 27"
5030,TK-5030,"04 06 11 16 25 26"
5031,TK-5031,"04 06 11 17 18 22"
5032,TK-5032,"04 06 11 17 20 25"
5033,TK-5033,"04 06 11 20 21 24"
5034,TK-5034,"04 06 12 13 17 26"
5035,TK-5035,"04 06 12 13 20 24"
5036,TK-5036,"04 06 12 14 16 25"
5037,TK-5037,"04 06 12 15 23 26"
5038,TK-5038,"04 06 12 16 23 24"
5039,TK-5039,"04 06 12 17 19 20"
5040,TK-5040,"04 06 12 17 21 24"
5041,TK-5041,"04 06 12 18 20 26"
5042,TK-5042,"04 06 12 22 24 27"
5043,TK-5043,"04 06 13 14 21 25"
5044,TK-5044,"04 06 13 15 16 20"
5045,TK-5045,"04 06 13 18 19 27"
5046,TK-5046,"04 06 13 23 24 25"
5047,TK-5047,"04 06 14 15 19 25"
5048,TK-5048,"04 06 14 15 20 22"
5049,TK-5049,"04 06 15 16 17 24"
5050,TK-5050,"04 07 08 09 12 24"
5051,TK-5051,"04 07 08 09 15 19"
5052,TK-5052,"04 07 08 09 17 20"
5053,TK-5053,"04 07 08 09 18 21"
5054,TK-5054,"04 07 08 10 11 16"
5055,TK-5055,"04 07 08 10 17 24"
5056,TK-5056,"04 07 08 11 14 25"
5057,TK-5057,"04 07 08 11 21 24"
5058,TK-5058,"04 07 08 12 13 22"
5059,TK-5059,"04 07 08 12 15 17"
5060,TK-5060,"04 07 08 12 16 19"
5061,TK-5061,"04 07 08 13 14 23"
5062,TK-5062,"04 07 08 13 15 18"
5063,TK-5063,"04 07 08 13 16 20"
5064,TK-5064,"04 07 08 13 19 27"
5065,TK-5065,"04 07 08 13 25 26"
5066,TK-5066,"04 07 08 14 15 25"
5067,TK-5067,"04 07 08 14 20 22"
5068,TK-5068,"04 07 08 14 21 25"
5069,TK-5069,"04 07 08 15 16 27"
5070,TK-5070,"04 07 08 15 17 20"
5071,TK-5071,"04 07 08 15 18 25"
5072,TK-5072,"04 07 08 15 23 26"
5073,TK-5073,"04 07 08 16 21 24"
5074,TK-5074,"04 07 08 16 22 25"
5075,TK-5075,"04 07 08 16 23 26"
5076,TK-5076,"04 07 08 17 19 22"
5077,TK-5077,"04 07 08 17 20 26"
5078,TK-5078,"04 07 08 17 23 24"
5079,TK-5079,"04 07 08 17 26 27"
5080,TK-5080,"04 07 08 18 19 24"
5081,TK-5081,"04 07 08 18 20 23"
5082,TK-5082,"04 07 08 18 21 26"
5083,TK-5083,"04 07 08 19 20 25"
5084,TK-5084,"04 07 08 19 23 27"
5085,TK-5085,"04 07 08 20 23 24"
5086,TK-5086,"04 07 08 20 24 26"
5087,TK-5087,"04 07 08 21 22 25"
5088,TK-5088,"04 07 08 21 23 27"
5089,TK-5089,"04 07 08 22 24 27"
5090,TK-5090,"04 07 09 10 14 16"
5091,TK-5091,"04 07 09 10 15 20"
5092,TK-5092,"04 07 09 10 18 27"
5093,TK-5093,"04 07 09 10 19 22"
5094,TK-5094,"04 07 09 10 24 25"
5095,TK-5095,"04 07 09 11 14 27"
5096,TK-5096,"04 07 09 11 16 21"
5097,TK-5097,"04 07 09 11 17 23"
5098,TK-5098,"04 07 09 11 19 20"
5099,TK-5099,"04 07 09 11 24 27"
5100,TK-5100,"04 07 09 12 14 22"
5101,TK-5101,"04 07 09 12 16 20"
5102,TK-5102,"04 07 09 13 16 17"
5103,TK-5103,"04 07 09 13 21 24"
5104,TK-5104,"04 07 09 14 21 22"
5105,TK-5105,"04 07 09 15 22 26"
5106,TK-5106,"04 07 09 16 19 27"
5107,TK-5107,"04 07 09 16 21 23"
5108,TK-5108,"04 07 09 17 25 27"
5109,TK-5109,"04 07 09 19 21 26"
5110,TK-5110,"04 07 10 11 15 23"
5111,TK-5111,"04 07 10 11 17 19"
5112,TK-5112,"04 07 10 11 18 26"
5113,TK-5113,"04 07 10 12 13 14"
5114,TK-5114,"04 07 10 12 18 19"
5115,TK-5115,"04 07 10 12 23 26"
5116,TK-5116,"04 07 10 13 21 23"
5117,TK-5117,"04 07 10 13 24 26"
5118,TK-5118,"04 07 10 14 19 25"
5119,TK-5119,"04 07 10 15 17 21"
5120,TK-5120,"04 07 10 15 19 24"
5121,TK-5121,"04 07 10 15 20 25"
5122,TK-5122,"04 07 10 15 20 27"
5123,TK-5123,"04 07 11 12 16 17"
5124,TK-5124,"04 07 11 12 18 27"
5125,TK-5125,"04 07 11 12 20 26"
5126,TK-5126,"04 07 11 13 18 21"
5127,TK-5127,"04 07 11 13 23 24"
5128,TK-5128,"04 07 11 14 15 20"
5129,TK-5129,"04 07 11 14 18 23"
5130,TK-5130,"04 07 11 15 17 27"
5131,TK-5131,"04 07 11 19 22 27"
5132,TK-5132,"04 07 11 19 23 26"
5133,TK-5133,"04 07 11 21 22 25"
5134,TK-5134,"04 07 12 13 15 19"
5135,TK-5135,"04 07 12 13 20 21"
5136,TK-5136,"04 07 12 13 25 27"
5137,TK-5137,"04 07 12 14 19 23"
5138,TK-5138,"04 07 12 15 20 22"
5139,TK-5139,"04 07 12 15 21 27"
5140,TK-5140,"04 07 12 16 22 26"
5141,TK-5141,"04 07 12 17 18 22"
5142,TK-5142,"04 07 12 17 23 26"
5143,TK-5143,"04 07 12 17 24 25"
5144,TK-5144,"04 07 13 14 23 24"
5145,TK-5145,"04 07 13 15 22 24"
5146,TK-5146,"04 07 13 17 19 22"
5147,TK-5147,"04 07 13 19 21 25"
5148,TK-5148,"04 07 13 22 25 26"
5149,TK-5149,"04 07 14 16 17 21"
5150,TK-5150,"04 07 14 16 24 27"
5151,TK-5151,"04 07 14 17 23 27"
5152,TK-5152,"04 07 14 18 21 24"
5153,TK-5153,"04 07 14 23 25 26"
5154,TK-5154,"04 08 09 10 16 19"
5155,TK-5155,"04 08 09 10 20 27"
5156,TK-5156,"04 08 09 10 21 25"
5157,TK-5157,"04 08 09 10 23 26"
5158,TK-5158,"04 08 09 11 13 19"
5159,TK-5159,"04 08 09 11 14 24"
5160,TK-5160,"04 08 09 11 15 18"
5161,TK-5161,"04 08 09 11 16 22"
5162,TK-5162,"04 08 09 11 17 21"
5163,TK-5163,"04 08 09 11 20 26"
5164,TK-5164,"04 08 09 12 14 18"
5165,TK-5165,"04 08 09 12 24 25"
5166,TK-5166,"04 08 09 12 26 27"
5167,TK-5167,"04 08 09 13 14 26"
5168,TK-5168,"04 08 09 13 15 21"
5169,TK-5169,"04 08 09 13 18 22"
5170,TK-5170,"04 08 09 14 17 22"
5171,TK-5171,"04 08 09 14 23 27"
5172,TK-5172,"04 08 09 17 19 25"
5173,TK-5173,"04 08 09 18 23 24"
5174,TK-5174,"04 08 09 21 22 27"
5175,TK-5175,"04 08 10 11 19 22"
5176,TK-5176,"04 08 10 11 21 25"
5177,TK-5177,"04 08 10 11 26 27"
5178,TK-5178,"04 08 10 12 16 24"
5179,TK-5179,"04 08 10 12 19 23"
5180,TK-5180,"04 08 10 12 22 25"
5181,TK-5181,"04 08 10 13 15 20"
5182,TK-5182,"04 08 10 13 19 24"
5183,TK-5183,"04 08 10 15 22 24"
5184,TK-5184,"04 08 10 15 23 27"
5185,TK-5185,"04 08 10 16 23 25"
5186,TK-5186,"04 08 10 17 18 27"
5187,TK-5187,"04 08 10 24 25 26"
5188,TK-5188,"04 08 11 12 16 18"
5189,TK-5189,"04 08 11 12 19 21"
5190,TK-5190,"04 08 11 12 21 26"
5191,TK-5191,"04 08 11 12 22 23"
5192,TK-5192,"04 08 11 13 17 25"
5193,TK-5193,"04 08 11 13 22 27"
5194,TK-5194,"04 08 11 14 18 21"
5195,TK-5195,"04 08 11 15 20 27"
5196,TK-5196,"04 08 11 15 23 25"
5197,TK-5197,"04 08 11 16 24 27"
5198,TK-5198,"04 08 11 18 20 24"
5199,TK-5199,"04 08 12 13 21 27"
5200,TK-5200,"04 08 12 14 20 26"
5201,TK-5201,"04 08 12 14 21 23"
5202,TK-5202,"04 08 12 15 25 27"
5203,TK-5203,"04 08 13 14 16 25"
5204,TK-5204,"04 08 13 14 21 24"
5205,TK-5205,"04 08 13 15 17 18"
5206,TK-5206,"04 08 13 15 19 26"
5207,TK-5207,"04 08 13 16 17 27"
5208,TK-5208,"04 08 13 17 20 23"
5209,TK-5209,"04 08 13 18 23 26"
5210,TK-5210,"04 08 13 20 25 27"
5211,TK-5211,"04 08 14 16 19 26"
5212,TK-5212,"04 08 14 17 18 23"
5213,TK-5213,"04 08 14 18 19 27"
5214,TK-5214,"04 08 14 22 24 25"
5215,TK-5215,"04 08 15 17 21 22"
5216,TK-5216,"04 09 10 11 12 15"
5217,TK-5217,"04 09 10 11 13 18"
5218,TK-5218,"04 09 10 11 14 23"
5219,TK-5219,"04 09 10 11 22 26"
5220,TK-5220,"04 09 10 12 17 25"
5221,TK-5221,"04 09 11 12 15 21"
5222,TK-5222,"04 09 11 12 17 18"
5223,TK-5223,"04 09 11 12 20 27"
5224,TK-5224,"04 09 11 13 16 22"
5225,TK-5225,"04 09 11 14 17 19"
5226,TK-5226,"04 09 11 15 16 19"
5227,TK-5227,"04 09 11 17 25 26"
5228,TK-5228,"04 09 11 18 21 24"
5229,TK-5229,"04 09 11 20 25 27"
5230,TK-5230,"04 09 11 23 24 27"
5231,TK-5231,"04 09 12 13 14 23"
5232,TK-5232,"04 09 12 13 15 24"
5233,TK-5233,"04 09 12 13 16 22"
5234,TK-5234,"04 09 12 13 20 21"
5235,TK-5235,"04 09 12 14 16 25"
5236,TK-5236,"04 09 12 15 18 25"
5237,TK-5237,"04 09 12 15 22 23"
5238,TK-5238,"04 09 12 16 18 20"
5239,TK-5239,"04 09 12 17 18 23"
5240,TK-5240,"04 09 12 17 21 27"
5241,TK-5241,"04 09 12 18 21 26"
5242,TK-5242,"04 09 12 19 22 25"
5243,TK-5243,"04 09 12 20 23 26"
5244,TK-5244,"04 09 13 14 19 20"
5245,TK-5245,"04 09 13 14 21 24"
5246,TK-5246,"04 09 13 14 25 26"
5247,TK-5247,"04 09 13 15 16 19"
5248,TK-5248,"04 09 13 15 21 26"
5249,TK-5249,"04 09 13 15 22 27"
5250,TK-5250,"04 09 13 15 23 25"
5251,TK-5251,"04 09 13 16 18 27"
5252,TK-5252,"04 09 13 16 24 25"
5253,TK-5253,"04 09 13 17 18 23"
5254,TK-5254,"04 09 13 17 20 22"
5255,TK-5255,"04 09 13 18 21 25"
5256,TK-5256,"04 09 13 19 22 24"
5257,TK-5257,"04 09 13 19 26 27"
5258,TK-5258,"04 09 13 20 24 26"
5259,TK-5259,"04 09 13 21 23 27"
5260,TK-5260,"04 09 14 15 16 18"
5261,TK-5261,"04 09 14 15 16 22"
5262,TK-5262,"04 09 14 15 19 26"
5263,TK-5263,"04 09 14 15 21 24"
5264,TK-5264,"04 09 14 16 17 23"
5265,TK-5265,"04 09 14 16 19 20"
5266,TK-5266,"04 09 14 16 25 27"
5267,TK-5267,"04 09 14 17 18 27"
5268,TK-5268,"04 09 14 17 20 22"
5269,TK-5269,"04 09 14 17 24 27"
5270,TK-5270,"04 09 14 18 19 23"
5271,TK-5271,"04 09 14 18 22 24"
5272,TK-5272,"04 09 14 20 21 26"
5273,TK-5273,"04 09 14 21 22 25"
5274,TK-5274,"04 09 14 21 23 27"
5275,TK-5275,"04 09 14 22 23 26"
5276,TK-5276,"04 09 14 23 24 26"
5277,TK-5277,"04 09 15 16 20 21"
5278,TK-5278,"04 09 15 16 22 25"
5279,TK-5279,"04 09 15 16 23 26"
5280,TK-5280,"04 09 15 17 18 24"
5281,TK-5281,"04 09 15 17 19 27"
5282,TK-5282,"04 09 15 17 20 23"
5283,TK-5283,"04 09 15 17 21 26"
5284,TK-5284,"04 09 15 18 19 20"
5285,TK-5285,"04 09 15 18 23 27"
5286,TK-5286,"04 09 15 20 24 26"
5287,TK-5287,"04 09 15 21 24 27"
5288,TK-5288,"04 09 15 22 25 26"
5289,TK-5289,"04 09 16 17 19 26"
5290,TK-5290,"04 09 16 17 20 22"
5291,TK-5291,"04 09 16 17 23 27"
5292,TK-5292,"04 09 16 18 19 21"
5293,TK-5293,"04 09 16 18 22 23"
5294,TK-5294,"04 09 16 18 24 27"
5295,TK-5295,"04 09 16 18 25 26"
5296,TK-5296,"04 09 16 19 20 24"
5297,TK-5297,"04 09 16 20 26 27"
5298,TK-5298,"04 09 16 21 22 24"
5299,TK-5299,"04 09 16 22 24 26"
5300,TK-5300,"04 09 17 18 23 26"
5301,TK-5301,"04 09 17 19 20 27"
5302,TK-5302,"04 09 17 19 21 26"
5303,TK-5303,"04 09 17 19 22 24"
5304,TK-5304,"04 09 17 19 23 25"
5305,TK-5305,"04 09 17 20 24 25"
5306,TK-5306,"04 09 17 22 26 27"
5307,TK-5307,"04 09 18 19 22 25"
5308,TK-5308,"04 09 18 19 22 27"
5309,TK-5309,"04 09 18 19 23 24"
5310,TK-5310,"04 09 18 20 21 23"
5311,TK-5311,"04 09 18 20 26 27"
5312,TK-5312,"04 09 18 21 24 27"
5313,TK-5313,"04 09 19 20 21 23"
5314,TK-5314,"04 09 19 20 22 23"
5315,TK-5315,"04 09 19 20 25 26"
5316,TK-5316,"04 09 19 21 22 26"
5317,TK-5317,"04 09 20 21 24 25"
5318,TK-5318,"04 09 20 22 24 27"
5319,TK-5319,"04 09 20 23 25 27"
5320,TK-5320,"04 09 21 22 23 25"
5321,TK-5321,"04 09 21 25 26 27"
5322,TK-5322,"04 09 23 24 25 26"
5323,TK-5323,"04 10 11 12 22 24"
5324,TK-5324,"04 10 11 13 19 24"
5325,TK-5325,"04 10 11 13 20 21"
5326,TK-5326,"04 10 11 13 25 27"
5327,TK-5327,"04 10 11 14 15 26"
5328,TK-5328,"04 10 11 14 16 22"
5329,TK-5329,"04 10 11 14 17 20"
5330,TK-5330,"04 10 11 15 17 27"
5331,TK-5331,"04 10 11 19 21 23"
5332,TK-5332,"04 10 11 20 23 26"
5333,TK-5333,"04 10 12 13 16 27"
5334,TK-5334,"04 10 12 13 18 23"
5335,TK-5335,"04 10 12 13 19 20"
5336,TK-5336,"04 10 12 14 16 26"
5337,TK-5337,"04 10 12 14 17 21"
5338,TK-5338,"04 10 12 14 18 19"
5339,TK-5339,"04 10 12 14 22 27"
5340,TK-5340,"04 10 12 15 16 20"
5341,TK-5341,"04 10 12 15 21 25"
5342,TK-5342,"04 10 12 16 17 19"
5343,TK-5343,"04 10 12 16 21 24"
5344,TK-5344,"04 10 12 18 20 21"
5345,TK-5345,"04 10 12 19 25 26"
5346,TK-5346,"04 10 12 21 24 26"
5347,TK-5347,"04 10 12 23 24 27"
5348,TK-5348,"04 10 13 14 15 16"
5349,TK-5349,"04 10 13 14 18 22"
5350,TK-5350,"04 10 13 14 20 27"
5351,TK-5351,"04 10 13 15 17 26"
5352,TK-5352,"04 10 13 15 19 21"
5353,TK-5353,"04 10 13 16 19 20"
5354,TK-5354,"04 10 13 16 19 22"
5355,TK-5355,"04 10 13 16 23 24"
5356,TK-5356,"04 10 13 16 25 26"
5357,TK-5357,"04 10 13 17 19 21"
5358,TK-5358,"04 10 13 17 22 23"
5359,TK-5359,"04 10 13 18 19 26"
5360,TK-5360,"04 10 13 20 22 25"
5361,TK-5361,"04 10 13 21 22 27"
5362,TK-5362,"04 10 14 15 21 26"
5363,TK-5363,"04 10 14 15 23 27"
5364,TK-5364,"04 10 14 16 17 27"
5365,TK-5365,"04 10 14 16 20 25"
5366,TK-5366,"04 10 14 16 21 23"
5367,TK-5367,"04 10 14 17 19 25"
5368,TK-5368,"04 10 14 17 24 26"
5369,TK-5369,"04 10 14 18 20 24"
5370,TK-5370,"04 10 14 18 25 26"
5371,TK-5371,"04 10 14 19 22 26"
5372,TK-5372,"04 10 14 20 21 22"
5373,TK-5373,"04 10 14 20 26 27"
5374,TK-5374,"04 10 14 22 23 25"
5375,TK-5375,"04 10 15 16 17 25"
5376,TK-5376,"04 10 15 16 18 20"
5377,TK-5377,"04 10 15 16 19 24"
5378,TK-5378,"04 10 15 16 24 26"
5379,TK-5379,"04 10 15 17 18 22"
5380,TK-5380,"04 10 15 17 19 25"
5381,TK-5381,"04 10 15 17 21 27"
5382,TK-5382,"04 10 15 17 23 24"
5383,TK-5383,"04 10 15 18 21 24"
5384,TK-5384,"04 10 15 18 25 26"
5385,TK-5385,"04 10 15 19 20 23"
5386,TK-5386,"04 10 15 24 25 27"
5387,TK-5387,"04 10 16 17 20 22"
5388,TK-5388,"04 10 16 17 21 26"
5389,TK-5389,"04 10 16 18 20 23"
5390,TK-5390,"04 10 16 18 20 25"
5391,TK-5391,"04 10 16 18 21 26"
5392,TK-5392,"04 10 16 18 22 27"
5393,TK-5393,"04 10 16 19 22 25"
5394,TK-5394,"04 10 16 19 23 27"
5395,TK-5395,"04 10 16 20 24 27"
5396,TK-5396,"04 10 16 21 25 27"
5397,TK-5397,"04 10 16 22 24 25"
5398,TK-5398,"04 10 17 18 19 26"
5399,TK-5399,"04 10 17 18 23 27"
5400,TK-5400,"04 10 17 18 24 25"
5401,TK-5401,"04 10 17 19 24 27"
5402,TK-5402,"04 10 17 20 21 25"
5403,TK-5403,"04 10 17 20 26 27"
5404,TK-5404,"04 10 17 21 23 24"
5405,TK-5405,"04 10 17 22 25 27"
5406,TK-5406,"04 10 17 23 25 26"
5407,TK-5407,"04 10 18 19 20 21"
5408,TK-5408,"04 10 18 19 22 25"
5409,TK-5409,"04 10 18 19 23 24"
5410,TK-5410,"04 10 18 20 22 26"
5411,TK-5411,"04 10 18 21 22 24"
5412,TK-5412,"04 10 18 21 23 25"
5413,TK-5413,"04 10 18 25 26 27"
5414,TK-5414,"04 10 19 20 22 27"
5415,TK-5415,"04 10 19 20 24 26"
5416,TK-5416,"04 10 19 21 25 27"
5417,TK-5417,"04 10 20 21 24 25"
5418,TK-5418,"04 10 20 22 23 24"
5419,TK-5419,"04 10 20 23 25 27"
5420,TK-5420,"04 10 21 22 23 26"
5421,TK-5421,"04 10 21 25 26 27"
5422,TK-5422,"04 10 22 24 26 27"
5423,TK-5423,"04 10 23 24 25 26"
5424,TK-5424,"04 11 12 13 14 25"
5425,TK-5425,"04 11 12 13 15 19"
5426,TK-5426,"04 11 12 14 15 24"
5427,TK-5427,"04 11 12 14 17 20"
5428,TK-5428,"04 11 12 14 18 22"
5429,TK-5429,"04 11 12 15 16 17"
5430,TK-5430,"04 11 12 16 19 22"
5431,TK-5431,"04 11 12 16 21 23"
5432,TK-5432,"04 11 12 17 18 25"
5433,TK-5433,"04 11 12 17 22 26"
5434,TK-5434,"04 11 12 22 24 25"
5435,TK-5435,"04 11 13 14 15 18"
5436,TK-5436,"04 11 13 14 16 24"
5437,TK-5437,"04 11 13 14 19 27"
5438,TK-5438,"04 11 13 15 16 21"
5439,TK-5439,"04 11 13 15 17 23"
5440,TK-5440,"04 11 13 15 20 26"
5441,TK-5441,"04 11 13 16 17 20"
5442,TK-5442,"04 11 13 16 25 26"
5443,TK-5443,"04 11 13 17 19 25"
5444,TK-5444,"04 11 13 17 21 22"
5445,TK-5445,"04 11 13 17 24 26"
5446,TK-5446,"04 11 13 18 20 21"
5447,TK-5447,"04 11 13 18 26 27"
5448,TK-5448,"04 11 13 19 20 24"
5449,TK-5449,"04 11 14 15 19 21"
5450,TK-5450,"04 11 14 15 22 23"
5451,TK-5451,"04 11 14 16 17 18"
5452,TK-5452,"04 11 14 16 26 27"
5453,TK-5453,"04 11 14 17 19 24"
5454,TK-5454,"04 11 14 17 21 23"
5455,TK-5455,"04 11 14 18 21 27"
5456,TK-5456,"04 11 14 18 24 25"
5457,TK-5457,"04 11 14 20 22 27"
5458,TK-5458,"04 11 14 20 23 26"
5459,TK-5459,"04 11 14 23 24 27"
5460,TK-5460,"04 11 15 16 17 26"
5461,TK-5461,"04 11 15 16 22 27"
5462,TK-5462,"04 11 15 17 20 25"
5463,TK-5463,"04 11 15 17 21 22"
5464,TK-5464,"04 11 15 18 19 22"
5465,TK-5465,"04 11 15 18 20 27"
5466,TK-5466,"04 11 15 18 21 25"
5467,TK-5467,"04 11 15 20 21 23"
5468,TK-5468,"04 11 15 21 23 26"
5469,TK-5469,"04 11 15 22 24 26"
5470,TK-5470,"04 11 16 17 19 21"
5471,TK-5471,"04 11 16 17 23 24"
5472,TK-5472,"04 11 16 18 19 20"
5473,TK-5473,"04 11 16 18 25 26"
5474,TK-5474,"04 11 16 19 22 26"
5475,TK-5475,"04 11 16 19 23 25"
5476,TK-5476,"04 11 16 20 23 27"
5477,TK-5477,"04 11 16 20 24 25"
5478,TK-5478,"04 11 16 21 22 24"
5479,TK-5479,"04 11 17 18 23 25"
5480,TK-5480,"04 11 17 18 24 26"
5481,TK-5481,"04 11 17 19 22 24"
5482,TK-5482,"04 11 17 19 26 27"
5483,TK-5483,"04 11 17 20 21 26"
5484,TK-5484,"04 11 17 20 22 23"
5485,TK-5485,"04 11 17 21 24 27"
5486,TK-5486,"04 11 17 22 25 27"
5487,TK-5487,"04 11 18 19 20 25"
5488,TK-5488,"04 11 18 19 21 23"
5489,TK-5489,"04 11 18 19 24 27"
5490,TK-5490,"04 11 18 20 22 26"
5491,TK-5491,"04 11 18 22 23 24"
5492,TK-5492,"04 11 19 20 22 25"
5493,TK-5493,"04 11 19 20 23 26"
5494,TK-5494,"04 11 19 21 22 27"
5495,TK-5495,"04 11 19 21 24 26"
5496,TK-5496,"04 11 20 21 24 25"
5497,TK-5497,"04 11 20 24 26 27"
5498,TK-5498,"04 11 21 22 23 25"
5499,TK-5499,"04 11 21 25 26 27"
5500,TK-5500,"04 11 22 23 26 27"
5501,TK-5501,"04 11 22 24 25 26"
5502,TK-5502,"04 12 13 14 16 21"
5503,TK-5503,"04 12 13 14 17 26"
5504,TK-5504,"04 12 13 14 24 27"
5505,TK-5505,"04 12 13 15 18 22"
5506,TK-5506,"04 12 13 16 18 24"
5507,TK-5507,"04 12 13 16 19 23"
5508,TK-5508,"04 12 13 17 23 24"
5509,TK-5509,"04 12 13 18 19 21"
5510,TK-5510,"04 12 14 15 17 19"
5511,TK-5511,"04 12 14 15 20 27"
5512,TK-5512,"04 12 14 15 23 26"
5513,TK-5513,"04 12 14 16 19 24"
5514,TK-5514,"04 12 14 17 20 23"
5515,TK-5515,"04 12 14 17 21 22"
5516,TK-5516,"04 12 14 17 25 27"
5517,TK-5517,"04 12 14 18 19 20"
5518,TK-5518,"04 12 14 19 26 27"
5519,TK-5519,"04 12 14 21 24 25"
5520,TK-5520,"04 12 15 16 17 21"
5521,TK-5521,"04 12 15 16 18 25"
5522,TK-5522,"04 12 15 16 19 27"
5523,TK-5523,"04 12 15 16 22 26"
5524,TK-5524,"04 12 15 16 23 24"
5525,TK-5525,"04 12 15 18 22 23"
5526,TK-5526,"04 12 15 18 26 27"
5527,TK-5527,"04 12 15 19 20 25"
5528,TK-5528,"04 12 15 19 21 22"
5529,TK-5529,"04 12 15 19 24 26"
5530,TK-5530,"04 12 16 17 18 27"
5531,TK-5531,"04 12 16 17 21 23"
5532,TK-5532,"04 12 16 17 22 24"
5533,TK-5533,"04 12 16 18 23 26"
5534,TK-5534,"04 12 16 19 25 26"
5535,TK-5535,"04 12 16 20 21 25"
5536,TK-5536,"04 12 16 22 23 27"
5537,TK-5537,"04 12 17 18 20 21"
5538,TK-5538,"04 12 17 18 22 24"
5539,TK-5539,"04 12 17 18 25 26"
5540,TK-5540,"04 12 17 19 20 27"
5541,TK-5541,"04 12 17 19 21 23"
5542,TK-5542,"04 12 17 19 22 26"
5543,TK-5543,"04 12 17 20 22 25"
5544,TK-5544,"04 12 17 20 24 26"
5545,TK-5545,"04 12 17 21 22 27"
5546,TK-5546,"04 12 17 23 26 27"
5547,TK-5547,"04 12 18 19 21 26"
5548,TK-5548,"04 12 18 19 22 24"
5549,TK-5549,"04 12 18 19 23 27"
5550,TK-5550,"04 12 18 20 22 27"
5551,TK-5551,"04 12 18 20 23 24"
5552,TK-5552,"04 12 18 21 23 25"
5553,TK-5553,"04 12 18 21 24 27"
5554,TK-5554,"04 12 19 20 25 26"
5555,TK-5555,"04 12 19 24 25 27"
5556,TK-5556,"04 12 20 21 22 23"
5557,TK-5557,"04 12 20 23 25 27"
5558,TK-5558,"04 12 21 22 25 26"
5559,TK-5559,"04 12 21 23 26 27"
5560,TK-5560,"04 12 22 24 26 27"
5561,TK-5561,"04 12 23 24 25 26"
5562,TK-5562,"04 13 14 15 17 20"
5563,TK-5563,"04 13 14 15 18 21"
5564,TK-5564,"04 13 14 15 22 25"
5565,TK-5565,"04 13 14 16 18 26"
5566,TK-5566,"04 13 14 18 19 22"
5567,TK-5567,"04 13 14 18 20 23"
5568,TK-5568,"04 13 14 19 23 25"
5569,TK-5569,"04 13 14 20 22 26"
5570,TK-5570,"04 13 15 16 18 20"
5571,TK-5571,"04 13 15 16 21 24"
5572,TK-5572,"04 13 15 16 22 23"
5573,TK-5573,"04 13 15 16 25 27"
5574,TK-5574,"04 13 15 17 22 26"
5575,TK-5575,"04 13 15 17 24 27"
5576,TK-5576,"04 13 15 18 23 25"
5577,TK-5577,"04 13 15 19 23 27"
5578,TK-5578,"04 13 15 20 24 25"
5579,TK-5579,"04 13 16 17 18 23"
5580,TK-5580,"04 13 16 17 19 24"
5581,TK-5581,"04 13 16 17 22 25"
5582,TK-5582,"04 13 16 17 26 27"
5583,TK-5583,"04 13 16 18 21 22"
5584,TK-5584,"04 13 16 19 21 26"
5585,TK-5585,"04 13 16 20 22 27"
5586,TK-5586,"04 13 16 20 23 25"
5587,TK-5587,"04 13 17 18 20 25"
5588,TK-5588,"04 13 17 18 21 27"
5589,TK-5589,"04 13 17 18 22 26"
5590,TK-5590,"04 13 17 19 20 23"
5591,TK-5591,"04 13 17 20 21 26"
5592,TK-5592,"04 13 17 21 23 24"
5593,TK-5593,"04 13 18 19 20 26"
5594,TK-5594,"04 13 18 19 22 25"
5595,TK-5595,"04 13 18 20 24 26"
5596,TK-5596,"04 13 18 21 25 26"
5597,TK-5597,"04 13 18 22 23 27"
5598,TK-5598,"04 13 19 20 23 24"
5599,TK-5599,"04 13 19 21 22 27"
5600,TK-5600,"04 13 19 21 23 26"
5601,TK-5601,"04 13 19 21 24 25"
5602,TK-5602,"04 13 19 25 26 27"
5603,TK-5603,"04 13 20 21 22 24"
5604,TK-5604,"04 13 20 21 23 27"
5605,TK-5605,"04 13 20 25 26 27"
5606,TK-5606,"04 13 21 24 26 27"
5607,TK-5607,"04 13 22 23 24 26"
5608,TK-5608,"04 13 23 24 25 27"
5609,TK-5609,"04 14 15 16 18 23"
5610,TK-5610,"04 14 15 16 19 20"
5611,TK-5611,"04 14 15 17 18 27"
5612,TK-5612,"04 14 15 17 19 23"
5613,TK-5613,"04 14 15 17 25 26"
5614,TK-5614,"04 14 15 18 19 26"
5615,TK-5615,"04 14 15 18 20 24"
5616,TK-5616,"04 14 15 19 22 24"
5617,TK-5617,"04 14 15 20 21 23"
5618,TK-5618,"04 14 16 17 18 20"
5619,TK-5619,"04 14 16 17 22 27"
5620,TK-5620,"04 14 16 18 19 21"
5621,TK-5621,"04 14 16 18 22 27"
5622,TK-5622,"04 14 16 19 22 25"
5623,TK-5623,"04 14 16 19 24 26"
5624,TK-5624,"04 14 16 20 21 27"
5625,TK-5625,"04 14 16 23 24 25"
5626,TK-5626,"04 14 17 18 21 25"
5627,TK-5627,"04 14 17 19 20 27"
5628,TK-5628,"04 14 17 20 24 26"
5629,TK-5629,"04 14 17 21 23 26"
5630,TK-5630,"04 14 17 22 23 24"
5631,TK-5631,"04 14 17 24 25 27"
5632,TK-5632,"04 14 18 19 24 27"
5633,TK-5633,"04 14 18 20 26 27"
5634,TK-5634,"04 14 18 21 22 26"
5635,TK-5635,"04 14 18 21 23 27"
5636,TK-5636,"04 14 19 20 21 22"
5637,TK-5637,"04 14 19 20 23 27"
5638,TK-5638,"04 14 19 21 23 24"
5639,TK-5639,"04 14 19 22 25 26"
5640,TK-5640,"04 14 20 21 24 25"
5641,TK-5641,"04 14 20 22 23 25"
5642,TK-5642,"04 14 22 24 25 27"
5643,TK-5643,"04 14 23 25 26 27"
5644,TK-5644,"04 15 16 18 24 27"
5645,TK-5645,"04 15 16 19 20 23"
5646,TK-5646,"04 15 16 20 26 27"
5647,TK-5647,"04 15 16 21 23 26"
5648,TK-5648,"04 15 17 18 19 26"
5649,TK-5649,"04 15 17 18 24 25"
5650,TK-5650,"04 15 17 19 22 25"
5651,TK-5651,"04 15 17 20 21 22"
5652,TK-5652,"04 15 17 20 23 24"
5653,TK-5653,"04 15 17 22 23 27"
5654,TK-5654,"04 15 18 19 23 25"
5655,TK-5655,"04 15 18 20 23 26"
5656,TK-5656,"04 15 18 21 24 26"
5657,TK-5657,"04 15 18 22 25 27"
5658,TK-5658,"04 15 19 20 22 26"
5659,TK-5659,"04 15 19 20 24 27"
5660,TK-5660,"04 15 19 21 25 27"
5661,TK-5661,"04 15 19 22 23 24"
5662,TK-5662,"04 15 20 21 22 27"
5663,TK-5663,"04 15 20 21 25 26"
5664,TK-5664,"04 15 21 22 24 25"
5665,TK-5665,"04 15 21 23 24 27"
5666,TK-5666,"04 15 22 23 25 26"
5667,TK-5667,"04 15 24 25 26 27"
5668,TK-5668,"04 16 17 18 21 24"
5669,TK-5669,"04 16 17 19 20 21"
5670,TK-5670,"04 16 17 19 23 25"
5671,TK-5671,"04 16 17 20 22 26"
5672,TK-5672,"04 16 17 24 25 26"
5673,TK-5673,"04 16 18 19 23 24"
5674,TK-5674,"04 16 18 22 25 26"
5675,TK-5675,"04 16 18 23 26 27"
5676,TK-5676,"04 16 19 20 22 27"
5677,TK-5677,"04 16 19 20 23 26"
5678,TK-5678,"04 16 19 20 24 25"
5679,TK-5679,"04 16 19 21 23 27"
5680,TK-5680,"04 16 20 21 23 25"
5681,TK-5681,"04 16 20 21 24 26"
5682,TK-5682,"04 16 20 23 24 27"
5683,TK-5683,"04 16 21 22 23 24"
5684,TK-5684,"04 16 21 22 25 27"
5685,TK-5685,"04 17 18 19 21 22"
5686,TK-5686,"04 17 18 19 25 27"
5687,TK-5687,"04 17 18 20 24 27"
5688,TK-5688,"04 17 18 21 23 26"
5689,TK-5689,"04 17 19 20 22 24"
5690,TK-5690,"04 17 19 20 25 26"
5691,TK-5691,"04 17 19 21 24 27"
5692,TK-5692,"04 17 20 22 23 27"
5693,TK-5693,"04 17 21 22 24 26"
5694,TK-5694,"04 17 21 23 25 27"
5695,TK-5695,"04 17 22 23 24 25"
5696,TK-5696,"04 17 22 25 26 27"
5697,TK-5697,"04 18 19 20 21 25"
5698,TK-5698,"04 18 19 20 22 23"
5699,TK-5699,"04 18 19 22 24 26"
5700,TK-5700,"04 18 20 22 24 25"
5701,TK-5701,"04 18 20 23 25 27"
5702,TK-5702,"04 18 21 22 23 25"
5703,TK-5703,"04 18 21 22 26 27"
5704,TK-5704,"04 18 21 24 25 27"
5705,TK-5705,"04 18 22 23 24 27"
5706,TK-5706,"04 19 20 21 23 24"
5707,TK-5707,"04 19 20 21 26 27"
5708,TK-5708,"04 19 21 22 25 26"
5709,TK-5709,"04 19 22 23 25 27"
5710,TK-5710,"04 19 23 24 26 27"
5711,TK-5711,"04 20 21 22 23 26"
5712,TK-5712,"04 20 22 24 26 27"
5713,TK-5713,"04 21 23 24 25 26"
5714,TK-5714,"05 06 07 08 10 24"
5715,TK-5715,"05 06 07 15 20 26"
5716,TK-5716,"05 06 07 19 20 25"
5717,TK-5717,"05 06 08 09 12 26"
5718,TK-5718,"05 06 08 09 15 16"
5719,TK-5719,"05 06 08 09 17 21"
5720,TK-5720,"05 06 08 09 20 23"
5721,TK-5721,"05 06 08 10 11 15"
5722,TK-5722,"05 06 08 11 13 23"
5723,TK-5723,"05 06 08 11 14 18"
5724,TK-5724,"05 06 08 11 20 24"
5725,TK-5725,"05 06 08 11 26 27"
5726,TK-5726,"05 06 08 12 17 24"
5727,TK-5727,"05 06 08 12 18 22"
5728,TK-5728,"05 06 08 12 19 20"
5729,TK-5729,"05 06 08 13 14 25"
5730,TK-5730,"05 06 08 13 15 22"
5731,TK-5731,"05 06 08 13 18 20"
5732,TK-5732,"05 06 08 13 19 21"
5733,TK-5733,"05 06 08 13 23 27"
5734,TK-5734,"05 06 08 14 15 26"
5735,TK-5735,"05 06 08 14 17 25"
5736,TK-5736,"05 06 08 14 18 20"
5737,TK-5737,"05 06 08 14 19 27"
5738,TK-5738,"05 06 08 14 21 24"
5739,TK-5739,"05 06 08 14 22 24"
5740,TK-5740,"05 06 08 14 23 27"
5741,TK-5741,"05 06 08 15 16 26"
5742,TK-5742,"05 06 08 15 20 27"
5743,TK-5743,"05 06 08 15 21 24"
5744,TK-5744,"05 06 08 15 23 25"
5745,TK-5745,"05 06 08 16 17 20"
5746,TK-5746,"05 06 08 16 21 25"
5747,TK-5747,"05 06 08 16 22 27"
5748,TK-5748,"05 06 08 16 24 26"
5749,TK-5749,"05 06 08 17 18 22"
5750,TK-5750,"05 06 08 17 20 21"
5751,TK-5751,"05 06 08 17 22 25"
5752,TK-5752,"05 06 08 17 24 27"
5753,TK-5753,"05 06 08 18 19 27"
5754,TK-5754,"05 06 08 18 24 25"
5755,TK-5755,"05 06 08 19 20 27"
5756,TK-5756,"05 06 08 19 22 26"
5757,TK-5757,"05 06 08 19 23 25"
5758,TK-5758,"05 06 08 20 22 23"
5759,TK-5759,"05 06 08 20 26 27"
5760,TK-5760,"05 06 08 21 22 27"
5761,TK-5761,"05 06 08 21 23 26"
5762,TK-5762,"05 06 08 21 24 25"
5763,TK-5763,"05 06 08 23 24 27"
5764,TK-5764,"05 06 09 10 11 17"
5765,TK-5765,"05 06 09 11 15 26"
5766,TK-5766,"05 06 09 12 21 23"
5767,TK-5767,"05 06 09 13 21 22"
5768,TK-5768,"05 06 09 17 25 27"
5769,TK-5769,"05 06 10 11 13 24"
5770,TK-5770,"05 06 10 11 19 20"
5771,TK-5771,"05 06 10 12 20 25"
5772,TK-5772,"05 06 10 13 17 18"
5773,TK-5773,"05 06 10 14 25 26"
5774,TK-5774,"05 06 10 15 19 25"
5775,TK-5775,"05 06 10 16 19 23"
5776,TK-5776,"05 06 10 16 25 27"
5777,TK-5777,"05 06 10 18 22 26"
5778,TK-5778,"05 06 10 18 23 27"
5779,TK-5779,"05 06 10 20 23 24"
5780,TK-5780,"05 06 10 21 22 23"
5781,TK-5781,"05 06 11 12 13 26"
5782,TK-5782,"05 06 11 12 23 25"
5783,TK-5783,"05 06 11 14 15 24"
5784,TK-5784,"05 06 11 15 20 22"
5785,TK-5785,"05 06 11 16 17 23"
5786,TK-5786,"05 06 11 17 19 21"
5787,TK-5787,"05 06 11 17 22 25"
5788,TK-5788,"05 06 11 19 24 27"
5789,TK-5789,"05 06 11 21 22 24"
5790,TK-5790,"05 06 12 13 25 27"
5791,TK-5791,"05 06 12 14 20 23"
5792,TK-5792,"05 06 12 16 23 26"
5793,TK-5793,"05 06 12 17 20 26"
5794,TK-5794,"05 06 12 19 24 27"
5795,TK-5795,"05 06 13 15 18 19"
5796,TK-5796,"05 06 13 15 23 24"
5797,TK-5797,"05 06 13 16 22 26"
5798,TK-5798,"05 06 13 17 20 22"
5799,TK-5799,"05 06 14 15 18 23"
5800,TK-5800,"05 06 14 20 21 25"
5801,TK-5801,"05 06 14 22 25 27"
5802,TK-5802,"05 06 14 24 26 27"
5803,TK-5803,"05 06 15 16 17 25"
5804,TK-5804,"05 06 16 24 25 26"
5805,TK-5805,"05 07 08 09 11 17"
5806,TK-5806,"05 07 08 09 18 22"
5807,TK-5807,"05 07 08 09 21 27"
5808,TK-5808,"05 07 08 10 13 23"
5809,TK-5809,"05 07 08 11 13 14"
5810,TK-5810,"05 07 08 11 13 26"
5811,TK-5811,"05 07 08 11 15 20"
5812,TK-5812,"05 07 08 11 22 23"
5813,TK-5813,"05 07 08 12 14 15"
5814,TK-5814,"05 07 08 12 15 16"
5815,TK-5815,"05 07 08 12 20 23"
5816,TK-5816,"05 07 08 13 14 18"
5817,TK-5817,"05 07 08 13 17 26"
5818,TK-5818,"05 07 08 13 21 24"
5819,TK-5819,"05 07 08 14 16 25"
5820,TK-5820,"05 07 08 14 19 20"
5821,TK-5821,"05 07 08 14 26 27"
5822,TK-5822,"05 07 08 15 16 18"
5823,TK-5823,"05 07 08 15 17 24"
5824,TK-5824,"05 07 08 15 19 24"
5825,TK-5825,"05 07 08 15 21 22"
5826,TK-5826,"05 07 08 15 26 27"
5827,TK-5827,"05 07 08 16 19 26"
5828,TK-5828,"05 07 08 16 20 27"
5829,TK-5829,"05 07 08 16 23 25"
5830,TK-5830,"05 07 08 17 18 23"
5831,TK-5831,"05 07 08 17 19 27"
5832,TK-5832,"05 07 08 17 21 22"
5833,TK-5833,"05 07 08 17 23 26"
5834,TK-5834,"05 07 08 17 25 27"
5835,TK-5835,"05 07 08 18 20 24"
5836,TK-5836,"05 07 08 18 26 27"
5837,TK-5837,"05 07 08 19 21 22"
5838,TK-5838,"05 07 08 19 21 26"
5839,TK-5839,"05 07 08 19 24 27"
5840,TK-5840,"05 07 08 19 25 26"
5841,TK-5841,"05 07 08 20 21 23"
5842,TK-5842,"05 07 08 20 24 25"
5843,TK-5843,"05 07 08 21 23 25"
5844,TK-5844,"05 07 08 22 23 27"
5845,TK-5845,"05 07 09 10 13 18"
5846,TK-5846,"05 07 09 10 15 22"
5847,TK-5847,"05 07 09 10 19 24"
5848,TK-5848,"05 07 09 10 20 25"
5849,TK-5849,"05 07 09 10 21 26"
5850,TK-5850,"05 07 09 10 23 27"
5851,TK-5851,"05 07 09 11 14 17"
5852,TK-5852,"05 07 09 11 15 16"
5853,TK-5853,"05 07 09 11 18 24"
5854,TK-5854,"05 07 09 11 19 22"
5855,TK-5855,"05 07 09 11 23 25"
5856,TK-5856,"05 07 09 11 26 27"
5857,TK-5857,"05 07 09 12 13 16"
5858,TK-5858,"05 07 09 12 17 22"
5859,TK-5859,"05 07 09 12 19 23"
5860,TK-5860,"05 07 09 12 24 26"
5861,TK-5861,"05 07 09 14 18 24"
5862,TK-5862,"05 07 09 14 19 21"
5863,TK-5863,"05 07 09 16 17 25"
5864,TK-5864,"05 07 09 16 20 26"
5865,TK-5865,"05 07 09 16 22 27"
5866,TK-5866,"05 07 09 17 20 21"
5867,TK-5867,"05 07 09 22 24 25"
5868,TK-5868,"05 07 10 11 13 16"
5869,TK-5869,"05 07 10 11 15 21"
5870,TK-5870,"05 07 10 11 19 26"
5871,TK-5871,"05 07 10 12 14 18"
5872,TK-5872,"05 07 10 12 26 27"
5873,TK-5873,"05 07 10 13 22 26"
5874,TK-5874,"05 07 10 13 23 25"
5875,TK-5875,"05 07 10 14 16 21"
5876,TK-5876,"05 07 10 14 22 24"
5877,TK-5877,"05 07 10 15 17 20"
5878,TK-5878,"05 07 10 15 25 27"
5879,TK-5879,"05 07 10 16 23 26"
5880,TK-5880,"05 07 10 17 21 24"
5881,TK-5881,"05 07 11 12 15 23"
5882,TK-5882,"05 07 11 12 18 19"
5883,TK-5883,"05 07 11 12 20 21"
5884,TK-5884,"05 07 11 12 22 27"
5885,TK-5885,"05 07 11 13 19 24"
5886,TK-5886,"05 07 11 14 18 26"
5887,TK-5887,"05 07 11 14 20 25"
5888,TK-5888,"05 07 11 14 23 27"
5889,TK-5889,"05 07 11 16 17 21"
5890,TK-5890,"05 07 11 17 20 26"
5891,TK-5891,"05 07 12 13 15 23"
5892,TK-5892,"05 07 12 13 18 25"
5893,TK-5893,"05 07 12 14 23 26"
5894,TK-5894,"05 07 12 15 21 25"
5895,TK-5895,"05 07 12 16 24 27"
5896,TK-5896,"05 07 13 14 16 19"
5897,TK-5897,"05 07 13 15 19 20"
5898,TK-5898,"05 07 13 15 22 25"
5899,TK-5899,"05 07 13 16 24 25"
5900,TK-5900,"05 07 13 17 23 27"
5901,TK-5901,"05 07 13 21 25 26"
5902,TK-5902,"05 07 14 15 23 24"
5903,TK-5903,"05 07 14 16 20 22"
5904,TK-5904,"05 07 14 17 25 26"
5905,TK-5905,"05 07 14 18 19 27"
5906,TK-5906,"05 07 15 17 18 22"
5907,TK-5907,"05 07 15 21 24 26"
5908,TK-5908,"05 07 18 21 23 24"
5909,TK-5909,"05 08 09 10 11 15"
5910,TK-5910,"05 08 09 10 12 14"
5911,TK-5911,"05 08 09 10 13 19"
5912,TK-5912,"05 08 09 10 16 20"
5913,TK-5913,"05 08 09 10 18 19"
5914,TK-5914,"05 08 09 10 18 26"
5915,TK-5915,"05 08 09 10 22 25"
5916,TK-5916,"05 08 09 10 24 26"
5917,TK-5917,"05 08 09 11 12 15"
5918,TK-5918,"05 08 09 11 15 24"
5919,TK-5919,"05 08 09 11 16 18"
5920,TK-5920,"05 08 09 11 22 25"
5921,TK-5921,"05 08 09 11 23 26"
5922,TK-5922,"05 08 09 12 21 25"
5923,TK-5923,"05 08 09 12 22 26"
5924,TK-5924,"05 08 09 13 14 24"
5925,TK-5925,"05 08 09 13 20 27"
5926,TK-5926,"05 08 09 14 19 25"
5927,TK-5927,"05 08 09 15 18 23"
5928,TK-5928,"05 08 09 16 24 27"
5929,TK-5929,"05 08 09 18 21 24"
5930,TK-5930,"05 08 09 22 23 24"
5931,TK-5931,"05 08 10 11 16 19"
5932,TK-5932,"05 08 10 11 17 18"
5933,TK-5933,"05 08 10 11 20 26"
5934,TK-5934,"05 08 10 11 22 24"
5935,TK-5935,"05 08 10 12 14 21"
5936,TK-5936,"05 08 10 12 23 25"
5937,TK-5937,"05 08 10 13 15 21"
5938,TK-5938,"05 08 10 13 26 27"
5939,TK-5939,"05 08 10 14 15 25"
5940,TK-5940,"05 08 10 14 22 26"
5941,TK-5941,"05 08 10 15 18 24"
5942,TK-5942,"05 08 10 16 17 26"
5943,TK-5943,"05 08 10 16 20 21"
5944,TK-5944,"05 08 10 17 21 23"
5945,TK-5945,"05 08 10 17 22 27"
5946,TK-5946,"05 08 11 12 13 21"
5947,TK-5947,"05 08 11 12 16 25"
5948,TK-5948,"05 08 11 12 19 22"
5949,TK-5949,"05 08 11 12 23 24"
5950,TK-5950,"05 08 11 14 16 17"
5951,TK-5951,"05 08 11 14 18 19"
5952,TK-5952,"05 08 11 14 23 27"
5953,TK-5953,"05 08 11 19 20 27"
5954,TK-5954,"05 08 11 20 21 22"
5955,TK-5955,"05 08 12 13 25 26"
5956,TK-5956,"05 08 12 14 22 27"
5957,TK-5957,"05 08 12 15 19 26"
5958,TK-5958,"05 08 12 16 17 18"
5959,TK-5959,"05 08 12 17 23 27"
5960,TK-5960,"05 08 12 20 22 24"
5961,TK-5961,"05 08 13 14 16 24"
5962,TK-5962,"05 08 13 14 23 26"
5963,TK-5963,"05 08 13 15 20 22"
5964,TK-5964,"05 08 13 16 18 22"
5965,TK-5965,"05 08 13 17 20 26"
5966,TK-5966,"05 08 13 17 25 27"
5967,TK-5967,"05 08 13 19 24 25"
5968,TK-5968,"05 08 14 15 20 27"
5969,TK-5969,"05 08 14 17 20 23"
5970,TK-5970,"05 08 15 19 23 26"
5971,TK-5971,"05 09 10 11 14 17"
5972,TK-5972,"05 09 10 11 19 21"
5973,TK-5973,"05 09 10 11 24 27"
5974,TK-5974,"05 09 10 12 18 27"
5975,TK-5975,"05 09 11 12 15 20"
5976,TK-5976,"05 09 11 12 16 22"
5977,TK-5977,"05 09 11 13 14 26"
5978,TK-5978,"05 09 11 13 15 19"
5979,TK-5979,"05 09 11 13 15 27"
5980,TK-5980,"05 09 11 13 16 25"
5981,TK-5981,"05 09 11 14 15 16"
5982,TK-5982,"05 09 11 14 20 25"
5983,TK-5983,"05 09 11 16 20 21"
5984,TK-5984,"05 09 12 13 16 20"
5985,TK-5985,"05 09 12 13 17 18"
5986,TK-5986,"05 09 12 13 19 24"
5987,TK-5987,"05 09 12 13 21 23"
5988,TK-5988,"05 09 12 14 15 20"
5989,TK-5989,"05 09 12 14 16 21"
5990,TK-5990,"05 09 12 14 17 25"
5991,TK-5991,"05 09 12 14 22 24"
5992,TK-5992,"05 09 12 14 23 27"
5993,TK-5993,"05 09 12 15 16 22"
5994,TK-5994,"05 09 12 15 18 23"
5995,TK-5995,"05 09 12 15 21 26"
5996,TK-5996,"05 09 12 16 18 19"
5997,TK-5997,"05 09 12 17 19 26"
5998,TK-5998,"05 09 12 18 24 25"
5999,TK-5999,"05 09 12 19 20 27"
6000,TK-6000,"05 09 12 20 22 25"
6001,TK-6001,"05 09 12 20 24 26"
6002,TK-6002,"05 09 13 14 15 26"
6003,TK-6003,"05 09 13 14 18 21"
6004,TK-6004,"05 09 13 14 20 23"
6005,TK-6005,"05 09 13 14 25 27"
6006,TK-6006,"05 09 13 15 16 17"
6007,TK-6007,"05 09 13 15 16 24"
6008,TK-6008,"05 09 13 15 22 23"
6009,TK-6009,"05 09 13 16 23 26"
6010,TK-6010,"05 09 13 17 21 25"
6011,TK-6011,"05 09 13 17 23 27"
6012,TK-6012,"05 09 13 18 19 24"
6013,TK-6013,"05 09 13 18 22 23"
6014,TK-6014,"05 09 13 19 21 26"
6015,TK-6015,"05 09 13 19 22 25"
6016,TK-6016,"05 09 13 19 22 27"
6017,TK-6017,"05 09 13 20 24 27"
6018,TK-6018,"05 09 14 15 17 22"
6019,TK-6019,"05 09 14 15 18 19"
6020,TK-6020,"05 09 14 15 21 26"
6021,TK-6021,"05 09 14 16 21 22"
6022,TK-6022,"05 09 14 16 21 23"
6023,TK-6023,"05 09 14 16 24 25"
6024,TK-6024,"05 09 14 17 19 24"
6025,TK-6025,"05 09 14 17 20 21"
6026,TK-6026,"05 09 14 18 20 22"
6027,TK-6027,"05 09 14 18 23 27"
6028,TK-6028,"05 09 14 18 25 26"
6029,TK-6029,"05 09 15 16 19 25"
6030,TK-6030,"05 09 15 16 23 27"
6031,TK-6031,"05 09 15 17 18 22"
6032,TK-6032,"05 09 15 17 20 25"
6033,TK-6033,"05 09 15 17 23 24"
6034,TK-6034,"05 09 15 17 26 27"
6035,TK-6035,"05 09 15 18 20 27"
6036,TK-6036,"05 09 15 18 25 27"
6037,TK-6037,"05 09 15 19 20 26"
6038,TK-6038,"05 09 15 19 21 23"
6039,TK-6039,"05 09 15 19 24 27"
6040,TK-6040,"05 09 15 21 22 26"
6041,TK-6041,"05 09 15 23 25 26"
6042,TK-6042,"05 09 16 17 18 21"
6043,TK-6043,"05 09 16 17 19 22"
6044,TK-6044,"05 09 16 17 20 25"
6045,TK-6045,"05 09 16 17 24 25"
6046,TK-6046,"05 09 16 18 19 25"
6047,TK-6047,"05 09 16 18 20 23"
6048,TK-6048,"05 09 16 18 21 26"
6049,TK-6049,"05 09 16 19 20 27"
6050,TK-6050,"05 09 16 19 21 23"
6051,TK-6051,"05 09 16 20 22 26"
6052,TK-6052,"05 09 16 21 24 27"
6053,TK-6053,"05 09 16 22 23 24"
6054,TK-6054,"05 09 17 18 22 23"
6055,TK-6055,"05 09 17 18 24 27"
6056,TK-6056,"05 09 17 19 20 24"
6057,TK-6057,"05 09 17 19 21 22"
6058,TK-6058,"05 09 17 19 25 26"
6059,TK-6059,"05 09 17 20 23 27"
6060,TK-6060,"05 09 17 22 24 26"
6061,TK-6061,"05 09 18 19 20 21"
6062,TK-6062,"05 09 18 19 22 24"
6063,TK-6063,"05 09 18 19 23 25"
6064,TK-6064,"05 09 18 20 24 25"
6065,TK-6065,"05 09 18 21 22 25"
6066,TK-6066,"05 09 18 21 24 26"
6067,TK-6067,"05 09 18 23 26 27"
6068,TK-6068,"05 09 19 20 22 26"
6069,TK-6069,"05 09 19 21 24 25"
6070,TK-6070,"05 09 19 21 26 27"
6071,TK-6071,"05 09 20 21 22 23"
6072,TK-6072,"05 09 20 21 24 27"
6073,TK-6073,"05 09 20 23 24 26"
6074,TK-6074,"05 09 20 25 26 27"
6075,TK-6075,"05 09 21 22 25 26"
6076,TK-6076,"05 09 21 23 25 27"
6077,TK-6077,"05 09 22 23 24 25"
6078,TK-6078,"05 09 22 24 26 27"
6079,TK-6079,"05 10 11 12 15 22"
6080,TK-6080,"05 10 11 12 17 20"
6081,TK-6081,"05 10 11 12 18 21"
6082,TK-6082,"05 10 11 12 23 26"
6083,TK-6083,"05 10 11 13 17 18"
6084,TK-6084,"05 10 11 13 20 25"
6085,TK-6085,"05 10 11 14 18 22"
6086,TK-6086,"05 10 11 14 21 25"
6087,TK-6087,"05 10 11 15 19 26"
6088,TK-6088,"05 10 11 16 21 24"
6089,TK-6089,"05 10 11 19 22 25"
6090,TK-6090,"05 10 11 24 25 26"
6091,TK-6091,"05 10 12 13 14 15"
6092,TK-6092,"05 10 12 13 18 25"
6093,TK-6093,"05 10 12 13 19 23"
6094,TK-6094,"05 10 12 13 20 26"
6095,TK-6095,"05 10 12 13 21 22"
6096,TK-6096,"05 10 12 14 17 22"
6097,TK-6097,"05 10 12 14 19 26"
6098,TK-6098,"05 10 12 15 16 23"
6099,TK-6099,"05 10 12 15 17 18"
6100,TK-6100,"05 10 12 15 19 21"
6101,TK-6101,"05 10 12 15 24 27"
6102,TK-6102,"05 10 12 16 19 25"
6103,TK-6103,"05 10 12 16 22 24"
6104,TK-6104,"05 10 12 18 20 27"
6105,TK-6105,"05 10 13 14 16 19"
6106,TK-6106,"05 10 13 14 17 22"
6107,TK-6107,"05 10 13 14 21 23"
6108,TK-6108,"05 10 13 14 25 26"
6109,TK-6109,"05 10 13 15 18 26"
6110,TK-6110,"05 10 13 15 20 21"
6111,TK-6111,"05 10 13 15 22 25"
6112,TK-6112,"05 10 13 16 20 25"
6113,TK-6113,"05 10 13 16 22 27"
6114,TK-6114,"05 10 13 17 19 27"
6115,TK-6115,"05 10 13 17 24 26"
6116,TK-6116,"05 10 13 18 21 24"
6117,TK-6117,"05 10 13 19 20 22"
6118,TK-6118,"05 10 14 15 16 18"
6119,TK-6119,"05 10 14 15 19 22"
6120,TK-6120,"05 10 14 15 24 27"
6121,TK-6121,"05 10 14 16 22 23"
6122,TK-6122,"05 10 14 16 26 27"
6123,TK-6123,"05 10 14 17 18 19"
6124,TK-6124,"05 10 14 17 21 24"
6125,TK-6125,"05 10 14 17 23 25"
6126,TK-6126,"05 10 14 18 21 22"
6127,TK-6127,"05 10 14 19 23 27"
6128,TK-6128,"05 10 14 20 21 27"
6129,TK-6129,"05 10 14 20 23 24"
6130,TK-6130,"05 10 14 20 25 27"
6131,TK-6131,"05 10 14 22 23 26"
6132,TK-6132,"05 10 15 16 20 22"
6133,TK-6133,"05 10 15 16 21 24"
6134,TK-6134,"05 10 15 17 18 25"
6135,TK-6135,"05 10 15 17 21 26"
6136,TK-6136,"05 10 15 17 23 27"
6137,TK-6137,"05 10 15 18 19 20"
6138,TK-6138,"05 10 15 18 22 23"
6139,TK-6139,"05 10 15 19 23 26"
6140,TK-6140,"05 10 15 20 23 24"
6141,TK-6141,"05 10 15 21 22 27"
6142,TK-6142,"05 10 15 22 25 26"
6143,TK-6143,"05 10 16 17 18 26"
6144,TK-6144,"05 10 16 17 19 24"
6145,TK-6145,"05 10 16 17 20 25"
6146,TK-6146,"05 10 16 17 26 27"
6147,TK-6147,"05 10 16 18 22 25"
6148,TK-6148,"05 10 16 18 25 27"
6149,TK-6149,"05 10 16 19 23 25"
6150,TK-6150,"05 10 16 20 23 27"
6151,TK-6151,"05 10 16 21 22 24"
6152,TK-6152,"05 10 17 18 20 24"
6153,TK-6153,"05 10 17 19 20 21"
6154,TK-6154,"05 10 17 19 23 26"
6155,TK-6155,"05 10 17 20 22 23"
6156,TK-6156,"05 10 17 21 22 27"
6157,TK-6157,"05 10 17 22 24 25"
6158,TK-6158,"05 10 17 23 24 27"
6159,TK-6159,"05 10 18 19 20 22"
6160,TK-6160,"05 10 18 19 21 27"
6161,TK-6161,"05 10 18 19 23 25"
6162,TK-6162,"05 10 18 19 24 26"
6163,TK-6163,"05 10 18 20 21 26"
6164,TK-6164,"05 10 18 20 22 27"
6165,TK-6165,"05 10 18 21 24 25"
6166,TK-6166,"05 10 18 22 24 26"
6167,TK-6167,"05 10 18 23 26 27"
6168,TK-6168,"05 10 19 20 21 25"
6169,TK-6169,"05 10 19 20 24 27"
6170,TK-6170,"05 10 19 22 23 24"
6171,TK-6171,"05 10 19 22 25 27"
6172,TK-6172,"05 10 20 21 22 23"
6173,TK-6173,"05 10 20 21 24 26"
6174,TK-6174,"05 10 20 22 24 26"
6175,TK-6175,"05 10 20 25 26 27"
6176,TK-6176,"05 10 21 22 25 27"
6177,TK-6177,"05 10 21 23 25 26"
6178,TK-6178,"05 10 23 24 25 27"
6179,TK-6179,"05 11 12 13 16 21"
6180,TK-6180,"05 11 12 13 18 20"
6181,TK-6181,"05 11 12 14 16 18"
6182,TK-6182,"05 11 12 14 23 26"
6183,TK-6183,"05 11 12 14 24 27"
6184,TK-6184,"05 11 12 17 18 24"
6185,TK-6185,"05 11 12 17 19 25"
6186,TK-6186,"05 11 12 18 22 27"
6187,TK-6187,"05 11 12 21 25 27"
6188,TK-6188,"05 11 13 14 19 20"
6189,TK-6189,"05 11 13 15 16 27"
6190,TK-6190,"05 11 13 15 17 20"
6191,TK-6191,"05 11 13 15 23 27"
6192,TK-6192,"05 11 13 15 24 25"
6193,TK-6193,"05 11 13 16 17 22"
6194,TK-6194,"05 11 13 16 19 23"
6195,TK-6195,"05 11 13 16 21 24"
6196,TK-6196,"05 11 13 17 21 26"
6197,TK-6197,"05 11 13 17 23 25"
6198,TK-6198,"05 11 13 18 20 22"
6199,TK-6199,"05 11 13 18 21 23"
6200,TK-6200,"05 11 13 19 22 24"
6201,TK-6201,"05 11 14 15 18 23"
6202,TK-6202,"05 11 14 15 21 22"
6203,TK-6203,"05 11 14 16 17 22"
6204,TK-6204,"05 11 14 16 18 26"
6205,TK-6205,"05 11 14 16 19 26"
6206,TK-6206,"05 11 14 16 21 27"
6207,TK-6207,"05 11 14 17 19 27"
6208,TK-6208,"05 11 14 17 20 26"
6209,TK-6209,"05 11 14 17 21 24"
6210,TK-6210,"05 11 14 18 21 25"
6211,TK-6211,"05 11 14 19 22 25"
6212,TK-6212,"05 11 14 22 24 26"
6213,TK-6213,"05 11 15 16 17 24"
6214,TK-6214,"05 11 15 16 19 20"
6215,TK-6215,"05 11 15 16 21 23"
6216,TK-6216,"05 11 15 16 22 25"
6217,TK-6217,"05 11 15 16 24 26"
6218,TK-6218,"05 11 15 17 18 19"
6219,TK-6219,"05 11 15 17 21 27"
6220,TK-6220,"05 11 15 17 23 26"
6221,TK-6221,"05 11 15 18 22 24"
6222,TK-6222,"05 11 15 18 25 26"
6223,TK-6223,"05 11 15 19 21 23"
6224,TK-6224,"05 11 15 19 24 27"
6225,TK-6225,"05 11 15 20 21 25"
6226,TK-6226,"05 11 15 20 22 23"
6227,TK-6227,"05 11 15 20 26 27"
6228,TK-6228,"05 11 16 17 20 27"
6229,TK-6229,"05 11 16 17 25 26"
6230,TK-6230,"05 11 16 18 19 21"
6231,TK-6231,"05 11 16 18 20 25"
6232,TK-6232,"05 11 16 18 24 27"
6233,TK-6233,"05 11 16 19 25 27"
6234,TK-6234,"05 11 16 20 23 26"
6235,TK-6235,"05 11 16 22 23 27"
6236,TK-6236,"05 11 17 18 20 24"
6237,TK-6237,"05 11 17 18 25 27"
6238,TK-6238,"05 11 17 19 21 27"
6239,TK-6239,"05 11 17 19 22 23"
6240,TK-6240,"05 11 17 19 24 27"
6241,TK-6241,"05 11 17 20 21 22"
6242,TK-6242,"05 11 17 21 23 24"
6243,TK-6243,"05 11 17 24 25 26"
6244,TK-6244,"05 11 18 19 20 23"
6245,TK-6245,"05 11 18 19 21 22"
6246,TK-6246,"05 11 18 19 24 26"
6247,TK-6247,"05 11 18 20 21 26"
6248,TK-6248,"05 11 18 21 24 25"
6249,TK-6249,"05 11 18 23 26 27"
6250,TK-6250,"05 11 19 20 22 27"
6251,TK-6251,"05 11 19 20 24 25"
6252,TK-6252,"05 11 19 21 23 26"
6253,TK-6253,"05 11 20 22 23 25"
6254,TK-6254,"05 11 20 23 24 27"
6255,TK-6255,"05 11 20 25 26 27"
6256,TK-6256,"05 11 21 22 25 26"
6257,TK-6257,"05 11 21 24 26 27"
6258,TK-6258,"05 11 22 23 24 26"
6259,TK-6259,"05 11 22 24 25 27"
6260,TK-6260,"05 12 13 14 17 21"
6261,TK-6261,"05 12 13 14 20 24"
6262,TK-6262,"05 12 13 14 22 26"
6263,TK-6263,"05 12 13 15 17 20"
6264,TK-6264,"05 12 13 15 18 21"
6265,TK-6265,"05 12 13 15 19 27"
6266,TK-6266,"05 12 13 16 17 27"
6267,TK-6267,"05 12 13 16 18 19"
6268,TK-6268,"05 12 13 19 25 26"
6269,TK-6269,"05 12 14 15 16 17"
6270,TK-6270,"05 12 14 15 20 26"
6271,TK-6271,"05 12 14 15 24 25"
6272,TK-6272,"05 12 14 16 20 27"
6273,TK-6273,"05 12 14 16 23 25"
6274,TK-6274,"05 12 14 17 18 19"
6275,TK-6275,"05 12 14 17 26 27"
6276,TK-6276,"05 12 14 18 20 22"
6277,TK-6277,"05 12 14 18 20 23"
6278,TK-6278,"05 12 15 16 18 21"
6279,TK-6279,"05 12 15 16 20 24"
6280,TK-6280,"05 12 15 16 22 25"
6281,TK-6281,"05 12 15 17 19 22"
6282,TK-6282,"05 12 15 17 23 24"
6283,TK-6283,"05 12 15 18 22 26"
6284,TK-6284,"05 12 15 18 23 24"
6285,TK-6285,"05 12 15 21 22 23"
6286,TK-6286,"05 12 15 23 25 26"
6287,TK-6287,"05 12 16 17 18 23"
6288,TK-6288,"05 12 16 17 19 20"
6289,TK-6289,"05 12 16 17 21 22"
6290,TK-6290,"05 12 16 17 24 26"
6291,TK-6291,"05 12 16 18 21 24"
6292,TK-6292,"05 12 16 18 25 26"
6293,TK-6293,"05 12 16 19 21 23"
6294,TK-6294,"05 12 16 19 22 27"
6295,TK-6295,"05 12 16 20 22 26"
6296,TK-6296,"05 12 16 20 23 27"
6297,TK-6297,"05 12 16 21 26 27"
6298,TK-6298,"05 12 17 18 20 27"
6299,TK-6299,"05 12 17 18 21 25"
6300,TK-6300,"05 12 17 19 22 24"
6301,TK-6301,"05 12 17 19 25 27"
6302,TK-6302,"05 12 17 20 21 23"
6303,TK-6303,"05 12 17 20 25 26"
6304,TK-6304,"05 12 17 21 23 26"
6305,TK-6305,"05 12 17 21 24 27"
6306,TK-6306,"05 12 18 19 21 23"
6307,TK-6307,"05 12 18 19 26 27"
6308,TK-6308,"05 12 18 20 24 26"
6309,TK-6309,"05 12 18 21 22 27"
6310,TK-6310,"05 12 18 22 23 25"
6311,TK-6311,"05 12 19 20 22 25"
6312,TK-6312,"05 12 19 20 23 24"
6313,TK-6313,"05 12 19 21 22 26"
6314,TK-6314,"05 12 19 21 24 25"
6315,TK-6315,"05 12 19 23 24 27"
6316,TK-6316,"05 12 20 21 25 26"
6317,TK-6317,"05 12 20 24 25 27"
6318,TK-6318,"05 12 21 22 23 24"
6319,TK-6319,"05 12 21 23 25 27"
6320,TK-6320,"05 12 22 23 26 27"
6321,TK-6321,"05 12 22 24 25 26"
6322,TK-6322,"05 13 14 15 17 19"
6323,TK-6323,"05 13 14 15 18 20"
6324,TK-6324,"05 13 14 15 21 27"
6325,TK-6325,"05 13 14 15 23 25"
6326,TK-6326,"05 13 14 16 17 20"
6327,TK-6327,"05 13 14 16 18 25"
6328,TK-6328,"05 13 14 16 22 27"
6329,TK-6329,"05 13 14 17 24 26"
6330,TK-6330,"05 13 14 17 25 27"
6331,TK-6331,"05 13 14 18 24 27"
6332,TK-6332,"05 13 14 19 21 22"
6333,TK-6333,"05 13 14 22 23 24"
6334,TK-6334,"05 13 15 16 18 26"
6335,TK-6335,"05 13 15 16 19 22"
6336,TK-6336,"05 13 15 16 20 21"
6337,TK-6337,"05 13 15 17 22 24"
6338,TK-6338,"05 13 15 17 26 27"
6339,TK-6339,"05 13 15 19 24 26"
6340,TK-6340,"05 13 15 24 25 27"
6341,TK-6341,"05 13 16 17 21 23"
6342,TK-6342,"05 13 16 18 20 23"
6343,TK-6343,"05 13 16 18 21 27"
6344,TK-6344,"05 13 16 19 20 24"
6345,TK-6345,"05 13 16 19 26 27"
6346,TK-6346,"05 13 16 21 24 25"
6347,TK-6347,"05 13 16 23 24 26"
6348,TK-6348,"05 13 17 18 19 21"
6349,TK-6349,"05 13 17 18 19 26"
6350,TK-6350,"05 13 17 18 22 23"
6351,TK-6351,"05 13 17 19 22 25"
6352,TK-6352,"05 13 17 19 24 27"
6353,TK-6353,"05 13 17 20 22 26"
6354,TK-6354,"05 13 17 20 23 25"
6355,TK-6355,"05 13 17 21 24 25"
6356,TK-6356,"05 13 18 19 20 25"
6357,TK-6357,"05 13 18 19 23 27"
6358,TK-6358,"05 13 18 20 21 26"
6359,TK-6359,"05 13 18 20 22 24"
6360,TK-6360,"05 13 18 21 22 27"
6361,TK-6361,"05 13 18 25 26 27"
6362,TK-6362,"05 13 19 20 21 23"
6363,TK-6363,"05 13 19 21 26 27"
6364,TK-6364,"05 13 19 23 24 25"
6365,TK-6365,"05 13 20 21 25 26"
6366,TK-6366,"05 13 20 22 23 27"
6367,TK-6367,"05 13 20 22 25 27"
6368,TK-6368,"05 13 20 23 24 26"
6369,TK-6369,"05 13 21 22 24 25"
6370,TK-6370,"05 13 21 23 25 27"
6371,TK-6371,"05 13 22 23 25 26"
6372,TK-6372,"05 13 22 24 26 27"
6373,TK-6373,"05 14 15 16 21 26"
6374,TK-6374,"05 14 15 17 18 20"
6375,TK-6375,"05 14 15 17 21 25"
6376,TK-6376,"05 14 15 18 22 27"
6377,TK-6377,"05 14 15 18 24 26"
6378,TK-6378,"05 14 15 23 26 27"
6379,TK-6379,"05 14 16 17 19 21"
6380,TK-6380,"05 14 16 17 23 26"
6381,TK-6381,"05 14 16 18 20 22"
6382,TK-6382,"05 14 16 18 23 24"
6383,TK-6383,"05 14 16 19 20 24"
6384,TK-6384,"05 14 16 20 23 25"
6385,TK-6385,"05 14 17 18 19 25"
6386,TK-6386,"05 14 17 18 21 27"
6387,TK-6387,"05 14 17 19 22 26"
6388,TK-6388,"05 14 17 19 23 24"
6389,TK-6389,"05 14 17 20 21 26"
6390,TK-6390,"05 14 17 20 22 27"
6391,TK-6391,"05 14 17 22 23 25"
6392,TK-6392,"05 14 18 19 20 27"
6393,TK-6393,"05 14 18 19 22 24"
6394,TK-6394,"05 14 18 20 24 25"
6395,TK-6395,"05 14 18 21 23 25"
6396,TK-6396,"05 14 18 21 24 26"
6397,TK-6397,"05 14 18 25 26 27"
6398,TK-6398,"05 14 19 20 21 27"
6399,TK-6399,"05 14 19 20 22 23"
6400,TK-6400,"05 14 19 20 25 26"
6401,TK-6401,"05 14 19 21 23 26"
6402,TK-6402,"05 14 19 24 25 27"
6403,TK-6403,"05 14 20 21 22 25"
6404,TK-6404,"05 14 20 24 26 27"
6405,TK-6405,"05 14 21 22 23 27"
6406,TK-6406,"05 14 21 24 25 27"
6407,TK-6407,"05 14 22 25 26 27"
6408,TK-6408,"05 14 23 24 25 26"
6409,TK-6409,"05 15 16 17 19 26"
6410,TK-6410,"05 15 16 17 22 27"
6411,TK-6411,"05 15 16 18 19 24"
6412,TK-6412,"05 15 16 18 20 27"
6413,TK-6413,"05 15 16 18 23 25"
6414,TK-6414,"05 15 16 19 23 27"
6415,TK-6415,"05 15 16 25 26 27"
6416,TK-6416,"05 15 17 18 21 23"
6417,TK-6417,"05 15 17 19 25 27"
6418,TK-6418,"05 15 17 20 23 26"
6419,TK-6419,"05 15 17 20 24 25"
6420,TK-6420,"05 15 18 19 21 26"
6421,TK-6421,"05 15 18 19 22 25"
6422,TK-6422,"05 15 18 21 24 27"
6423,TK-6423,"05 15 19 20 21 25"
6424,TK-6424,"05 15 19 20 23 24"
6425,TK-6425,"05 15 19 22 25 26"
6426,TK-6426,"05 15 20 21 22 24"
6427,TK-6427,"05 15 20 22 26 27"
6428,TK-6428,"05 15 20 23 25 27"
6429,TK-6429,"05 15 21 24 25 26"
6430,TK-6430,"05 15 22 23 24 27"
6431,TK-6431,"05 16 17 18 19 20"
6432,TK-6432,"05 16 17 18 22 25"
6433,TK-6433,"05 16 17 18 24 27"
6434,TK-6434,"05 16 17 19 23 24"
6435,TK-6435,"05 16 17 21 22 24"
6436,TK-6436,"05 16 18 20 22 27"
6437,TK-6437,"05 16 18 20 23 26"
6438,TK-6438,"05 16 18 21 22 23"
6439,TK-6439,"05 16 19 20 21 26"
6440,TK-6440,"05 16 19 20 23 27"
6441,TK-6441,"05 16 19 21 25 27"
6442,TK-6442,"05 16 19 22 25 26"
6443,TK-6443,"05 16 20 21 23 24"
6444,TK-6444,"05 16 20 22 24 25"
6445,TK-6445,"05 16 21 22 26 27"
6446,TK-6446,"05 16 21 23 25 26"
6447,TK-6447,"05 16 23 24 25 27"
6448,TK-6448,"05 17 18 19 24 25"
6449,TK-6449,"05 17 18 20 23 27"
6450,TK-6450,"05 17 18 21 23 24"
6451,TK-6451,"05 17 18 22 24 26"
6452,TK-6452,"05 17 19 20 21 22"
6453,TK-6453,"05 17 19 20 26 27"
6454,TK-6454,"05 17 19 21 23 25"
6455,TK-6455,"05 17 19 22 23 24"
6456,TK-6456,"05 17 20 21 24 27"
6457,TK-6457,"05 17 21 22 23 26"
6458,TK-6458,"05 17 22 23 25 27"
6459,TK-6459,"05 17 24 25 26 27"
6460,TK-6460,"05 18 19 20 23 25"
6461,TK-6461,"05 18 19 20 24 26"
6462,TK-6462,"05 18 19 21 24 27"
6463,TK-6463,"05 18 19 22 23 27"
6464,TK-6464,"05 18 20 21 24 25"
6465,TK-6465,"05 18 20 22 25 26"
6466,TK-6466,"05 18 21 23 26 27"
6467,TK-6467,"05 18 23 24 25 26"
6468,TK-6468,"05 19 20 22 24 27"
6469,TK-6469,"05 19 21 22 24 26"
6470,TK-6470,"05 19 23 25 26 27"
6471,TK-6471,"05 20 21 22 23 25"
6472,TK-6472,"05 20 22 23 24 26"
6473,TK-6473,"05 21 22 24 25 27"
6474,TK-6474,"06 07 08 17 18 19"
6475,TK-6475,"06 07 09 10 14 19"
6476,TK-6476,"06 07 09 10 15 25"
6477,TK-6477,"06 07 09 10 18 20"
6478,TK-6478,"06 07 09 10 22 24"
6479,TK-6479,"06 07 09 10 26 27"
6480,TK-6480,"06 07 09 11 12 13"
6481,TK-6481,"06 07 09 11 15 22"
6482,TK-6482,"06 07 09 11 16 23"
6483,TK-6483,"06 07 09 11 19 26"
6484,TK-6484,"06 07 09 11 20 27"
6485,TK-6485,"06 07 09 11 21 25"
6486,TK-6486,"06 07 09 12 18 25"
6487,TK-6487,"06 07 09 12 20 22"
6488,TK-6488,"06 07 09 13 16 25"
6489,TK-6489,"06 07 09 13 17 27"
6490,TK-6490,"06 07 09 13 23 26"
6491,TK-6491,"06 07 09 14 15 27"
6492,TK-6492,"06 07 09 14 22 23"
6493,TK-6493,"06 07 09 15 17 18"
6494,TK-6494,"06 07 09 17 22 26"
6495,TK-6495,"06 07 09 19 23 24"
6496,TK-6496,"06 07 09 20 24 27"
6497,TK-6497,"06 07 10 11 17 27"
6498,TK-6498,"06 07 10 12 15 20"
6499,TK-6499,"06 07 10 12 16 18"
6500,TK-6500,"06 07 10 12 17 19"
6501,TK-6501,"06 07 10 12 22 25"
6502,TK-6502,"06 07 10 12 23 27"
6503,TK-6503,"06 07 10 12 24 26"
6504,TK-6504,"06 07 10 13 19 22"
6505,TK-6505,"06 07 10 13 20 26"
6506,TK-6506,"06 07 10 13 24 25"
6507,TK-6507,"06 07 10 14 16 17"
6508,TK-6508,"06 07 10 14 18 23"
6509,TK-6509,"06 07 10 15 19 21"
6510,TK-6510,"06 07 10 16 21 23"
6511,TK-6511,"06 07 11 12 15 27"
6512,TK-6512,"06 07 11 12 19 26"
6513,TK-6513,"06 07 11 13 18 27"
6514,TK-6514,"06 07 11 13 21 22"
6515,TK-6515,"06 07 11 14 17 24"
6516,TK-6516,"06 07 11 14 19 23"
6517,TK-6517,"06 07 11 15 24 26"
6518,TK-6518,"06 07 11 16 22 24"
6519,TK-6519,"06 07 12 13 17 25"
6520,TK-6520,"06 07 12 13 24 27"
6521,TK-6521,"06 07 12 14 18 21"
6522,TK-6522,"06 07 12 15 22 24"
6523,TK-6523,"06 07 12 16 17 27"
6524,TK-6524,"06 07 12 21 25 26"
6525,TK-6525,"06 07 12 22 26 27"
6526,TK-6526,"06 07 13 14 20 24"
6527,TK-6527,"06 07 13 15 25 27"
6528,TK-6528,"06 07 13 16 18 21"
6529,TK-6529,"06 07 13 17 21 23"
6530,TK-6530,"06 07 13 20 22 25"
6531,TK-6531,"06 07 14 15 17 22"
6532,TK-6532,"06 07 15 18 22 23"
6533,TK-6533,"06 08 09 10 12 15"
6534,TK-6534,"06 08 09 10 16 18"
6535,TK-6535,"06 08 09 10 19 26"
6536,TK-6536,"06 08 09 10 21 24"
6537,TK-6537,"06 08 09 10 22 27"
6538,TK-6538,"06 08 09 10 23 25"
6539,TK-6539,"06 08 09 11 12 16"
6540,TK-6540,"06 08 09 11 14 16"
6541,TK-6541,"06 08 09 11 16 19"
6542,TK-6542,"06 08 09 11 18 23"
6543,TK-6543,"06 08 09 11 19 27"
6544,TK-6544,"06 08 09 11 24 25"
6545,TK-6545,"06 08 09 12 17 18"
6546,TK-6546,"06 08 09 12 19 22"
6547,TK-6547,"06 08 09 12 23 27"
6548,TK-6548,"06 08 09 13 14 17"
6549,TK-6549,"06 08 09 13 15 20"
6550,TK-6550,"06 08 09 13 24 26"
6551,TK-6551,"06 08 09 14 18 25"
6552,TK-6552,"06 08 09 14 21 26"
6553,TK-6553,"06 08 09 15 22 23"
6554,TK-6554,"06 08 10 11 18 21"
6555,TK-6555,"06 08 10 11 19 24"
6556,TK-6556,"06 08 10 11 22 25"
6557,TK-6557,"06 08 10 11 23 26"
6558,TK-6558,"06 08 10 12 13 16"
6559,TK-6559,"06 08 10 12 17 23"
6560,TK-6560,"06 08 10 12 20 27"
6561,TK-6561,"06 08 10 12 24 25"
6562,TK-6562,"06 08 10 13 18 25"
6563,TK-6563,"06 08 10 14 20 21"
6564,TK-6564,"06 08 10 15 17 18"
6565,TK-6565,"06 08 10 15 21 26"
6566,TK-6566,"06 08 10 16 17 25"
6567,TK-6567,"06 08 10 16 24 27"
6568,TK-6568,"06 08 10 17 22 26"
6569,TK-6569,"06 08 10 20 25 27"
6570,TK-6570,"06 08 11 12 17 26"
6571,TK-6571,"06 08 11 12 21 25"
6572,TK-6572,"06 08 11 13 16 17"
6573,TK-6573,"06 08 11 13 24 27"
6574,TK-6574,"06 08 11 14 21 23"
6575,TK-6575,"06 08 11 15 18 24"
6576,TK-6576,"06 08 11 16 20 26"
6577,TK-6577,"06 08 11 16 21 27"
6578,TK-6578,"06 08 11 17 20 27"
6579,TK-6579,"06 08 12 13 19 23"
6580,TK-6580,"06 08 12 14 16 24"
6581,TK-6581,"06 08 12 14 18 26"
6582,TK-6582,"06 08 12 15 21 27"
6583,TK-6583,"06 08 12 15 22 25"
6584,TK-6584,"06 08 12 16 20 22"
6585,TK-6585,"06 08 12 18 23 24"
6586,TK-6586,"06 08 12 22 23 26"
6587,TK-6587,"06 08 13 14 22 27"
6588,TK-6588,"06 08 13 15 21 23"
6589,TK-6589,"06 08 13 19 20 26"
6590,TK-6590,"06 08 13 19 22 25"
6591,TK-6591,"06 08 13 20 21 25"
6592,TK-6592,"06 08 14 19 23 26"
6593,TK-6593,"06 08 16 18 25 26"
6594,TK-6594,"06 09 10 11 14 27"
6595,TK-6595,"06 09 10 11 16 22"
6596,TK-6596,"06 09 10 11 19 25"
6597,TK-6597,"06 09 10 11 20 21"
6598,TK-6598,"06 09 10 12 13 21"
6599,TK-6599,"06 09 10 12 16 26"
6600,TK-6600,"06 09 10 12 23 24"
6601,TK-6601,"06 09 11 12 14 26"
6602,TK-6602,"06 09 11 12 16 17"
6603,TK-6603,"06 09 11 12 18 22"
6604,TK-6604,"06 09 11 12 21 24"
6605,TK-6605,"06 09 11 13 20 26"
6606,TK-6606,"06 09 11 15 20 23"
6607,TK-6607,"06 09 11 17 22 27"
6608,TK-6608,"06 09 11 19 21 27"
6609,TK-6609,"06 09 11 20 21 25"
6610,TK-6610,"06 09 12 13 15 27"
6611,TK-6611,"06 09 12 13 18 21"
6612,TK-6612,"06 09 12 13 25 26"
6613,TK-6613,"06 09 12 14 17 18"
6614,TK-6614,"06 09 12 14 25 27"
6615,TK-6615,"06 09 12 15 17 26"
6616,TK-6616,"06 09 12 15 21 24"
6617,TK-6617,"06 09 12 16 17 21"
6618,TK-6618,"06 09 12 16 18 24"
6619,TK-6619,"06 09 12 18 23 27"
6620,TK-6620,"06 09 12 19 24 26"
6621,TK-6621,"06 09 12 19 25 27"
6622,TK-6622,"06 09 13 14 15 19"
6623,TK-6623,"06 09 13 14 16 18"
6624,TK-6624,"06 09 13 14 17 20"
6625,TK-6625,"06 09 13 14 22 26"
6626,TK-6626,"06 09 13 14 24 25"
6627,TK-6627,"06 09 13 15 17 21"
6628,TK-6628,"06 09 13 15 20 25"
6629,TK-6629,"06 09 13 16 19 24"
6630,TK-6630,"06 09 13 16 23 25"
6631,TK-6631,"06 09 13 17 22 23"
6632,TK-6632,"06 09 13 17 24 25"
6633,TK-6633,"06 09 13 17 26 27"
6634,TK-6634,"06 09 13 18 19 20"
6635,TK-6635,"06 09 13 18 21 26"
6636,TK-6636,"06 09 13 18 22 24"
6637,TK-6637,"06 09 13 18 23 27"
6638,TK-6638,"06 09 13 19 21 23"
6639,TK-6639,"06 09 13 20 23 24"
6640,TK-6640,"06 09 14 15 17 18"
6641,TK-6641,"06 09 14 15 19 22"
6642,TK-6642,"06 09 14 15 20 21"
6643,TK-6643,"06 09 14 15 23 26"
6644,TK-6644,"06 09 14 16 17 26"
6645,TK-6645,"06 09 14 16 19 21"
6646,TK-6646,"06 09 14 16 20 27"
6647,TK-6647,"06 09 14 16 22 24"
6648,TK-6648,"06 09 14 17 19 27"
6649,TK-6649,"06 09 14 17 21 23"
6650,TK-6650,"06 09 14 18 22 23"
6651,TK-6651,"06 09 14 19 23 25"
6652,TK-6652,"06 09 14 20 23 24"
6653,TK-6653,"06 09 15 16 17 23"
6654,TK-6654,"06 09 15 16 21 24"
6655,TK-6655,"06 09 15 16 25 26"
6656,TK-6656,"06 09 15 17 18 21"
6657,TK-6657,"06 09 15 17 23 26"
6658,TK-6658,"06 09 15 17 24 27"
6659,TK-6659,"06 09 15 18 19 22"
6660,TK-6660,"06 09 15 18 23 25"
6661,TK-6661,"06 09 15 19 21 25"
6662,TK-6662,"06 09 15 19 22 23"
6663,TK-6663,"06 09 15 20 23 27"
6664,TK-6664,"06 09 15 23 24 26"
6665,TK-6665,"06 09 16 17 18 20"
6666,TK-6666,"06 09 16 17 19 24"
6667,TK-6667,"06 09 16 17 21 26"
6668,TK-6668,"06 09 16 17 22 25"
6669,TK-6669,"06 09 16 17 26 27"
6670,TK-6670,"06 09 16 18 21 25"
6671,TK-6671,"06 09 16 18 22 27"
6672,TK-6672,"06 09 16 18 23 24"
6673,TK-6673,"06 09 16 20 21 22"
6674,TK-6674,"06 09 16 21 23 27"
6675,TK-6675,"06 09 17 18 19 27"
6676,TK-6676,"06 09 17 18 24 26"
6677,TK-6677,"06 09 17 19 20 25"
6678,TK-6678,"06 09 17 20 22 23"
6679,TK-6679,"06 09 17 20 25 26"
6680,TK-6680,"06 09 17 21 24 27"
6681,TK-6681,"06 09 18 19 25 26"
6682,TK-6682,"06 09 18 20 22 24"
6683,TK-6683,"06 09 18 20 23 26"
6684,TK-6684,"06 09 18 21 22 26"
6685,TK-6685,"06 09 18 21 23 27"
6686,TK-6686,"06 09 18 21 24 25"
6687,TK-6687,"06 09 19 20 21 26"
6688,TK-6688,"06 09 19 20 24 26"
6689,TK-6689,"06 09 19 21 22 25"
6690,TK-6690,"06 09 19 21 23 27"
6691,TK-6691,"06 09 19 22 24 27"
6692,TK-6692,"06 09 20 21 25 27"
6693,TK-6693,"06 09 20 22 23 25"
6694,TK-6694,"06 09 20 23 24 27"
6695,TK-6695,"06 09 21 22 26 27"
6696,TK-6696,"06 09 21 23 24 25"
6697,TK-6697,"06 09 22 24 25 26"
6698,TK-6698,"06 09 23 25 26 27"
6699,TK-6699,"06 10 11 12 15 17"
6700,TK-6700,"06 10 11 12 22 25"
6701,TK-6701,"06 10 11 13 14 15"
6702,TK-6702,"06 10 11 13 19 27"
6703,TK-6703,"06 10 11 13 22 23"
6704,TK-6704,"06 10 11 14 16 26"
6705,TK-6705,"06 10 11 14 20 22"
6706,TK-6706,"06 10 11 15 16 20"
6707,TK-6707,"06 10 11 15 24 26"
6708,TK-6708,"06 10 11 18 25 26"
6709,TK-6709,"06 10 12 13 14 20"
6710,TK-6710,"06 10 12 13 15 19"
6711,TK-6711,"06 10 12 13 16 25"
6712,TK-6712,"06 10 12 13 18 22"
6713,TK-6713,"06 10 12 14 15 16"
6714,TK-6714,"06 10 12 14 18 24"
6715,TK-6715,"06 10 12 14 19 23"
6716,TK-6716,"06 10 12 14 22 26"
6717,TK-6717,"06 10 12 15 16 17"
6718,TK-6718,"06 10 12 15 16 21"
6719,TK-6719,"06 10 12 15 18 23"
6720,TK-6720,"06 10 12 16 23 27"
6721,TK-6721,"06 10 12 17 18 27"
6722,TK-6722,"06 10 12 17 21 22"
6723,TK-6723,"06 10 12 18 19 20"
6724,TK-6724,"06 10 13 14 21 27"
6725,TK-6725,"06 10 13 15 16 22"
6726,TK-6726,"06 10 13 15 18 24"
6727,TK-6727,"06 10 13 15 20 27"
6728,TK-6728,"06 10 13 15 23 26"
6729,TK-6729,"06 10 13 16 17 19"
6730,TK-6730,"06 10 13 16 21 25"
6731,TK-6731,"06 10 13 16 24 27"
6732,TK-6732,"06 10 13 17 21 24"
6733,TK-6733,"06 10 13 17 25 27"
6734,TK-6734,"06 10 13 18 20 21"
6735,TK-6735,"06 10 13 18 25 26"
6736,TK-6736,"06 10 13 19 22 25"
6737,TK-6737,"06 10 13 19 24 26"
6738,TK-6738,"06 10 13 20 22 26"
6739,TK-6739,"06 10 13 20 24 25"
6740,TK-6740,"06 10 14 15 19 21"
6741,TK-6741,"06 10 14 15 20 26"
6742,TK-6742,"06 10 14 15 24 25"
6743,TK-6743,"06 10 14 16 17 20"
6744,TK-6744,"06 10 14 16 21 22"
6745,TK-6745,"06 10 14 16 23 25"
6746,TK-6746,"06 10 14 17 19 24"
6747,TK-6747,"06 10 14 17 22 25"
6748,TK-6748,"06 10 14 17 26 27"
6749,TK-6749,"06 10 14 18 19 23"
6750,TK-6750,"06 10 14 18 22 27"
6751,TK-6751,"06 10 14 19 20 27"
6752,TK-6752,"06 10 14 21 22 24"
6753,TK-6753,"06 10 14 21 25 27"
6754,TK-6754,"06 10 15 16 18 19"
6755,TK-6755,"06 10 15 16 20 27"
6756,TK-6756,"06 10 15 16 23 24"
6757,TK-6757,"06 10 15 17 19 26"
6758,TK-6758,"06 10 15 17 20 24"
6759,TK-6759,"06 10 15 17 21 25"
6760,TK-6760,"06 10 15 17 23 25"
6761,TK-6761,"06 10 15 17 25 26"
6762,TK-6762,"06 10 15 18 19 22"
6763,TK-6763,"06 10 15 18 20 21"
6764,TK-6764,"06 10 15 18 26 27"
6765,TK-6765,"06 10 15 19 24 27"
6766,TK-6766,"06 10 15 20 22 23"
6767,TK-6767,"06 10 15 21 23 26"
6768,TK-6768,"06 10 16 17 19 25"
6769,TK-6769,"06 10 16 17 22 26"
6770,TK-6770,"06 10 16 18 21 23"
6771,TK-6771,"06 10 16 18 24 27"
6772,TK-6772,"06 10 16 18 25 26"
6773,TK-6773,"06 10 16 19 20 22"
6774,TK-6774,"06 10 16 20 21 25"
6775,TK-6775,"06 10 17 18 19 22"
6776,TK-6776,"06 10 17 18 20 21"
6777,TK-6777,"06 10 17 18 23 26"
6778,TK-6778,"06 10 17 18 25 27"
6779,TK-6779,"06 10 17 19 20 23"
6780,TK-6780,"06 10 17 21 23 26"
6781,TK-6781,"06 10 17 21 24 27"
6782,TK-6782,"06 10 17 22 24 26"
6783,TK-6783,"06 10 18 20 22 23"
6784,TK-6784,"06 10 18 20 24 25"
6785,TK-6785,"06 10 18 21 22 27"
6786,TK-6786,"06 10 18 21 24 26"
6787,TK-6787,"06 10 19 20 25 26"
6788,TK-6788,"06 10 19 21 24 25"
6789,TK-6789,"06 10 19 21 26 27"
6790,TK-6790,"06 10 19 22 23 26"
6791,TK-6791,"06 10 19 23 24 27"
6792,TK-6792,"06 10 20 21 22 24"
6793,TK-6793,"06 10 20 22 25 27"
6794,TK-6794,"06 10 20 24 26 27"
6795,TK-6795,"06 10 21 23 24 27"
6796,TK-6796,"06 10 22 23 24 25"
6797,TK-6797,"06 10 23 25 26 27"
6798,TK-6798,"06 11 12 13 14 16"
6799,TK-6799,"06 11 12 13 15 22"
6800,TK-6800,"06 11 12 13 17 20"
6801,TK-6801,"06 11 12 13 18 19"
6802,TK-6802,"06 11 12 13 21 23"
6803,TK-6803,"06 11 12 14 15 21"
6804,TK-6804,"06 11 12 14 17 19"
6805,TK-6805,"06 11 12 15 16 19"
6806,TK-6806,"06 11 12 17 23 24"
6807,TK-6807,"06 11 12 18 24 26"
6808,TK-6808,"06 11 12 19 20 24"
6809,TK-6809,"06 11 12 20 22 23"
6810,TK-6810,"06 11 13 14 15 16"
6811,TK-6811,"06 11 13 14 17 18"
6812,TK-6812,"06 11 13 14 19 26"
6813,TK-6813,"06 11 13 14 22 25"
6814,TK-6814,"06 11 13 14 24 27"
6815,TK-6815,"06 11 13 15 19 21"
6816,TK-6816,"06 11 13 16 17 26"
6817,TK-6817,"06 11 13 16 22 23"
6818,TK-6818,"06 11 13 16 25 27"
6819,TK-6819,"06 11 13 19 20 25"
6820,TK-6820,"06 11 13 20 22 27"
6821,TK-6821,"06 11 14 15 17 22"
6822,TK-6822,"06 11 14 15 18 19"
6823,TK-6823,"06 11 14 15 20 21"
6824,TK-6824,"06 11 14 15 23 27"
6825,TK-6825,"06 11 14 16 18 25"
6826,TK-6826,"06 11 14 16 19 20"
6827,TK-6827,"06 11 14 16 22 27"
6828,TK-6828,"06 11 14 16 24 26"
6829,TK-6829,"06 11 14 17 18 20"
6830,TK-6830,"06 11 14 17 23 25"
6831,TK-6831,"06 11 14 19 22 24"
6832,TK-6832,"06 11 14 21 22 26"
6833,TK-6833,"06 11 14 24 25 26"
6834,TK-6834,"06 11 15 16 17 18"
6835,TK-6835,"06 11 15 16 19 25"
6836,TK-6836,"06 11 15 16 21 27"
6837,TK-6837,"06 11 15 17 19 27"
6838,TK-6838,"06 11 15 17 20 26"
6839,TK-6839,"06 11 15 18 19 20"
6840,TK-6840,"06 11 15 18 21 26"
6841,TK-6841,"06 11 15 18 23 25"
6842,TK-6842,"06 11 15 19 21 22"
6843,TK-6843,"06 11 15 22 25 26"
6844,TK-6844,"06 11 15 24 25 27"
6845,TK-6845,"06 11 16 17 20 24"
6846,TK-6846,"06 11 16 17 21 24"
6847,TK-6847,"06 11 16 17 26 27"
6848,TK-6848,"06 11 16 18 20 22"
6849,TK-6849,"06 11 16 18 24 25"
6850,TK-6850,"06 11 16 19 21 23"
6851,TK-6851,"06 11 16 19 22 25"
6852,TK-6852,"06 11 16 20 23 25"
6853,TK-6853,"06 11 16 22 23 24"
6854,TK-6854,"06 11 17 18 19 23"
6855,TK-6855,"06 11 17 18 21 25"
6856,TK-6856,"06 11 17 19 22 26"
6857,TK-6857,"06 11 17 20 22 27"
6858,TK-6858,"06 11 17 20 23 26"
6859,TK-6859,"06 11 17 23 24 27"
6860,TK-6860,"06 11 18 19 21 27"
6861,TK-6861,"06 11 18 19 22 24"
6862,TK-6862,"06 11 18 20 21 25"
6863,TK-6863,"06 11 18 20 22 23"
6864,TK-6864,"06 11 18 20 26 27"
6865,TK-6865,"06 11 18 22 25 27"
6866,TK-6866,"06 11 18 23 24 27"
6867,TK-6867,"06 11 19 20 21 26"
6868,TK-6868,"06 11 19 20 22 23"
6869,TK-6869,"06 11 19 20 25 27"
6870,TK-6870,"06 11 19 21 23 25"
6871,TK-6871,"06 11 19 24 25 26"
6872,TK-6872,"06 11 20 22 24 25"
6873,TK-6873,"06 11 21 22 23 26"
6874,TK-6874,"06 11 21 23 24 27"
6875,TK-6875,"06 11 21 24 25 26"
6876,TK-6876,"06 11 22 24 26 27"
6877,TK-6877,"06 11 23 25 26 27"
6878,TK-6878,"06 12 13 14 15 17"
6879,TK-6879,"06 12 13 14 18 19"
6880,TK-6880,"06 12 13 14 23 26"
6881,TK-6881,"06 12 13 15 18 25"
6882,TK-6882,"06 12 13 16 18 20"
6883,TK-6883,"06 12 13 16 21 24"
6884,TK-6884,"06 12 13 17 18 23"
6885,TK-6885,"06 12 13 19 21 22"
6886,TK-6886,"06 12 13 20 21 26"
6887,TK-6887,"06 12 14 15 18 20"
6888,TK-6888,"06 12 14 15 19 26"
6889,TK-6889,"06 12 14 16 17 22"
6890,TK-6890,"06 12 14 16 18 23"
6891,TK-6891,"06 12 14 16 19 27"
6892,TK-6892,"06 12 14 17 20 21"
6893,TK-6893,"06 12 14 17 24 25"
6894,TK-6894,"06 12 14 18 21 27"
6895,TK-6895,"06 12 14 19 20 25"
6896,TK-6896,"06 12 14 19 21 24"
6897,TK-6897,"06 12 14 22 23 24"
6898,TK-6898,"06 12 15 16 20 23"
6899,TK-6899,"06 12 15 16 22 27"
6900,TK-6900,"06 12 15 16 24 26"
6901,TK-6901,"06 12 15 17 20 25"
6902,TK-6902,"06 12 15 17 21 22"
6903,TK-6903,"06 12 15 18 21 23"
6904,TK-6904,"06 12 15 19 22 25"
6905,TK-6905,"06 12 15 20 22 26"
6906,TK-6906,"06 12 16 17 19 24"
6907,TK-6907,"06 12 16 17 20 27"
6908,TK-6908,"06 12 16 18 19 21"
6909,TK-6909,"06 12 16 18 22 25"
6910,TK-6910,"06 12 16 18 26 27"
6911,TK-6911,"06 12 16 19 22 26"
6912,TK-6912,"06 12 16 19 23 27"
6913,TK-6913,"06 12 16 19 25 27"
6914,TK-6914,"06 12 16 20 21 26"
6915,TK-6915,"06 12 16 20 24 27"
6916,TK-6916,"06 12 16 21 22 24"
6917,TK-6917,"06 12 16 21 23 25"
6918,TK-6918,"06 12 17 18 22 23"
6919,TK-6919,"06 12 17 18 24 26"
6920,TK-6920,"06 12 17 19 25 26"
6921,TK-6921,"06 12 17 20 23 24"
6922,TK-6922,"06 12 17 21 25 27"
6923,TK-6923,"06 12 17 22 26 27"
6924,TK-6924,"06 12 18 19 20 21"
6925,TK-6925,"06 12 18 19 22 27"
6926,TK-6926,"06 12 18 19 23 24"
6927,TK-6927,"06 12 18 20 21 25"
6928,TK-6928,"06 12 18 20 22 24"
6929,TK-6929,"06 12 18 24 25 27"
6930,TK-6930,"06 12 19 20 23 25"
6931,TK-6931,"06 12 19 21 26 27"
6932,TK-6932,"06 12 20 21 22 27"
6933,TK-6933,"06 12 20 21 23 26"
6934,TK-6934,"06 12 20 24 25 26"
6935,TK-6935,"06 12 21 24 25 26"
6936,TK-6936,"06 12 22 23 24 25"
6937,TK-6937,"06 12 23 25 26 27"
6938,TK-6938,"06 13 14 15 25 26"
6939,TK-6939,"06 13 14 16 18 24"
6940,TK-6940,"06 13 14 16 19 25"
6941,TK-6941,"06 13 14 16 20 21"
6942,TK-6942,"06 13 14 17 20 27"
6943,TK-6943,"06 13 14 17 23 24"
6944,TK-6944,"06 13 14 18 26 27"
6945,TK-6945,"06 13 14 20 22 23"
6946,TK-6946,"06 13 14 20 24 26"
6947,TK-6947,"06 13 14 21 22 27"
6948,TK-6948,"06 13 15 16 17 27"
6949,TK-6949,"06 13 15 16 18 22"
6950,TK-6950,"06 13 15 16 23 26"
6951,TK-6951,"06 13 15 16 24 25"
6952,TK-6952,"06 13 15 17 20 24"
6953,TK-6953,"06 13 15 17 22 25"
6954,TK-6954,"06 13 15 17 24 26"
6955,TK-6955,"06 13 15 19 20 23"
6956,TK-6956,"06 13 15 19 22 24"
6957,TK-6957,"06 13 15 19 26 27"
6958,TK-6958,"06 13 15 22 23 27"
6959,TK-6959,"06 13 16 17 20 21"
6960,TK-6960,"06 13 16 17 22 24"
6961,TK-6961,"06 13 16 18 19 20"
6962,TK-6962,"06 13 16 18 19 26"
6963,TK-6963,"06 13 16 18 23 25"
6964,TK-6964,"06 13 16 19 23 24"
6965,TK-6965,"06 13 16 20 23 27"
6966,TK-6966,"06 13 17 18 19 24"
6967,TK-6967,"06 13 17 20 25 26"
6968,TK-6968,"06 13 17 21 22 27"
6969,TK-6969,"06 13 17 21 23 26"
6970,TK-6970,"06 13 18 19 21 25"
6971,TK-6971,"06 13 18 20 22 26"
6972,TK-6972,"06 13 18 21 24 27"
6973,TK-6973,"06 13 18 22 25 27"
6974,TK-6974,"06 13 18 23 24 26"
6975,TK-6975,"06 13 19 20 21 22"
6976,TK-6976,"06 13 19 20 24 27"
6977,TK-6977,"06 13 19 22 25 26"
6978,TK-6978,"06 13 19 23 25 27"
6979,TK-6979,"06 13 20 21 24 25"
6980,TK-6980,"06 13 21 22 23 25"
6981,TK-6981,"06 13 21 22 24 26"
6982,TK-6982,"06 13 21 25 26 27"
6983,TK-6983,"06 13 22 23 24 27"
6984,TK-6984,"06 14 15 16 17 23"
6985,TK-6985,"06 14 15 16 18 26"
6986,TK-6986,"06 14 15 16 20 24"
6987,TK-6987,"06 14 15 16 21 25"
6988,TK-6988,"06 14 15 17 25 27"
6989,TK-6989,"06 14 15 18 24 27"
6990,TK-6990,"06 14 15 19 23 24"
6991,TK-6991,"06 14 15 20 26 27"
6992,TK-6992,"06 14 15 21 22 24"
6993,TK-6993,"06 14 16 17 21 27"
6994,TK-6994,"06 14 16 18 20 27"
6995,TK-6995,"06 14 16 19 21 26"
6996,TK-6996,"06 14 16 20 23 26"
6997,TK-6997,"06 14 16 22 23 27"
6998,TK-6998,"06 14 16 25 26 27"
6999,TK-6999,"06 14 17 18 19 20"
7000,TK-7000,"06 14 17 18 22 24"
7001,TK-7001,"06 14 17 18 25 26"
7002,TK-7002,"06 14 17 19 21 22"
7003,TK-7003,"06 14 17 19 23 26"
7004,TK-7004,"06 14 17 19 24 27"
7005,TK-7005,"06 14 17 21 23 25"
7006,TK-7006,"06 14 18 19 21 23"
7007,TK-7007,"06 14 18 19 22 26"
7008,TK-7008,"06 14 18 20 23 25"
7009,TK-7009,"06 14 18 20 24 26"
7010,TK-7010,"06 14 18 21 24 25"
7011,TK-7011,"06 14 18 22 23 25"
7012,TK-7012,"06 14 19 20 23 24"
7013,TK-7013,"06 14 19 21 22 25"
7014,TK-7014,"06 14 20 21 23 27"
7015,TK-7015,"06 14 20 22 24 27"
7016,TK-7016,"06 14 20 22 25 26"
7017,TK-7017,"06 14 21 22 23 26"
7018,TK-7018,"06 14 21 25 26 27"
7019,TK-7019,"06 14 23 24 25 27"
7020,TK-7020,"06 15 16 17 18 21"
7021,TK-7021,"06 15 16 17 19 27"
7022,TK-7022,"06 15 16 19 20 26"
7023,TK-7023,"06 15 16 20 22 25"
7024,TK-7024,"06 15 17 18 20 27"
7025,TK-7025,"06 15 17 18 23 24"
7026,TK-7026,"06 15 17 19 21 26"
7027,TK-7027,"06 15 17 21 23 27"
7028,TK-7028,"06 15 17 22 23 24"
7029,TK-7029,"06 15 18 19 23 27"
7030,TK-7030,"06 15 18 19 25 26"
7031,TK-7031,"06 15 18 20 21 22"
7032,TK-7032,"06 15 18 20 24 25"
7033,TK-7033,"06 15 19 20 21 24"
7034,TK-7034,"06 15 19 20 22 27"
7035,TK-7035,"06 15 19 21 22 23"
7036,TK-7036,"06 15 20 21 23 25"
7037,TK-7037,"06 15 20 23 24 27"
7038,TK-7038,"06 15 21 22 26 27"
7039,TK-7039,"06 15 21 24 25 27"
7040,TK-7040,"06 15 22 24 25 26"
7041,TK-7041,"06 15 23 25 26 27"
7042,TK-7042,"06 16 17 18 19 25"
7043,TK-7043,"06 16 17 19 20 22"
7044,TK-7044,"06 16 17 22 25 26"
7045,TK-7045,"06 16 17 23 24 26"
7046,TK-7046,"06 16 17 24 25 27"
7047,TK-7047,"06 16 18 19 24 27"
7048,TK-7048,"06 16 18 20 23 24"
7049,TK-7049,"06 16 18 20 24 26"
7050,TK-7050,"06 16 18 21 22 27"
7051,TK-7051,"06 16 18 21 23 26"
7052,TK-7052,"06 16 19 20 23 25"
7053,TK-7053,"06 16 19 21 22 25"
7054,TK-7054,"06 16 19 22 23 24"
7055,TK-7055,"06 16 20 21 22 24"
7056,TK-7056,"06 16 20 21 25 27"
7057,TK-7057,"06 16 20 22 26 27"
7058,TK-7058,"06 16 21 23 24 25"
7059,TK-7059,"06 16 21 24 26 27"
7060,TK-7060,"06 16 22 23 25 26"
7061,TK-7061,"06 17 18 19 22 23"
7062,TK-7062,"06 17 18 19 26 27"
7063,TK-7063,"06 17 18 20 21 23"
7064,TK-7064,"06 17 18 23 25 27"
7065,TK-7065,"06 17 19 20 23 27"
7066,TK-7066,"06 17 19 20 24 25"
7067,TK-7067,"06 17 19 21 23 24"
7068,TK-7068,"06 17 19 22 25 27"
7069,TK-7069,"06 17 20 21 25 26"
7070,TK-7070,"06 17 20 22 23 26"
7071,TK-7071,"06 17 20 24 26 27"
7072,TK-7072,"06 17 21 22 23 27"
7073,TK-7073,"06 17 21 22 24 25"
7074,TK-7074,"06 17 23 24 25 26"
7075,TK-7075,"06 18 19 20 22 24"
7076,TK-7076,"06 18 19 20 23 26"
7077,TK-7077,"06 18 19 20 25 27"
7078,TK-7078,"06 18 19 21 24 26"
7079,TK-7079,"06 18 20 21 24 27"
7080,TK-7080,"06 18 21 22 25 26"
7081,TK-7081,"06 18 22 23 26 27"
7082,TK-7082,"06 18 22 24 25 27"
7083,TK-7083,"06 19 20 21 22 26"
7084,TK-7084,"06 19 21 22 24 27"
7085,TK-7085,"06 19 21 23 25 27"
7086,TK-7086,"06 19 22 23 24 26"
7087,TK-7087,"06 19 24 25 26 27"
7088,TK-7088,"06 20 21 23 24 26"
7089,TK-7089,"06 20 22 23 25 27"
7090,TK-7090,"07 08 09 10 17 27"
7091,TK-7091,"07 08 09 10 21 23"
7092,TK-7092,"07 08 10 11 18 22"
7093,TK-7093,"07 08 10 11 20 22"
7094,TK-7094,"07 08 10 11 21 27"
7095,TK-7095,"07 08 10 11 23 24"
7096,TK-7096,"07 08 10 11 25 26"
7097,TK-7097,"07 08 10 12 20 26"
7098,TK-7098,"07 08 10 12 21 22"
7099,TK-7099,"07 08 10 12 24 27"
7100,TK-7100,"07 08 10 13 14 15"
7101,TK-7101,"07 08 10 13 16 26"
7102,TK-7102,"07 08 10 14 25 27"
7103,TK-7103,"07 08 10 15 16 23"
7104,TK-7104,"07 08 10 17 19 20"
7105,TK-7105,"07 08 11 12 19 24"
7106,TK-7106,"07 08 11 12 25 27"
7107,TK-7107,"07 08 11 14 20 21"
7108,TK-7108,"07 08 11 14 22 26"
7109,TK-7109,"07 08 11 15 19 25"
7110,TK-7110,"07 08 12 13 17 21"
7111,TK-7111,"07 08 12 13 18 27"
7112,TK-7112,"07 08 12 14 20 25"
7113,TK-7113,"07 08 12 22 23 25"
7114,TK-7114,"07 08 13 16 22 24"
7115,TK-7115,"07 09 10 11 16 25"
7116,TK-7116,"07 09 10 11 20 24"
7117,TK-7117,"07 09 10 11 22 23"
7118,TK-7118,"07 09 11 12 23 24"
7119,TK-7119,"07 09 11 13 14 25"
7120,TK-7120,"07 09 11 13 15 26"
7121,TK-7121,"07 09 11 13 20 22"
7122,TK-7122,"07 09 11 14 18 21"
7123,TK-7123,"07 09 11 14 22 26"
7124,TK-7124,"07 09 11 16 25 27"
7125,TK-7125,"07 09 11 21 24 26"
7126,TK-7126,"07 09 12 13 15 17"
7127,TK-7127,"07 09 12 13 18 23"
7128,TK-7128,"07 09 12 13 20 25"
7129,TK-7129,"07 09 12 13 21 26"
7130,TK-7130,"07 09 12 14 16 27"
7131,TK-7131,"07 09 12 14 17 23"
7132,TK-7132,"07 09 12 14 21 24"
7133,TK-7133,"07 09 12 15 16 18"
7134,TK-7134,"07 09 12 15 19 27"
7135,TK-7135,"07 09 12 16 19 21"
7136,TK-7136,"07 09 12 17 25 26"
7137,TK-7137,"07 09 12 18 20 23"
7138,TK-7138,"07 09 12 18 22 24"
7139,TK-7139,"07 09 13 14 15 18"
7140,TK-7140,"07 09 13 14 16 22"
7141,TK-7141,"07 09 13 14 19 27"
7142,TK-7142,"07 09 13 14 21 25"
7143,TK-7143,"07 09 13 15 17 24"
7144,TK-7144,"07 09 13 15 19 22"
7145,TK-7145,"07 09 13 16 18 26"
7146,TK-7146,"07 09 13 16 21 27"
7147,TK-7147,"07 09 13 16 23 24"
7148,TK-7148,"07 09 13 17 19 26"
7149,TK-7149,"07 09 13 17 20 23"
7150,TK-7150,"07 09 13 18 19 25"
7151,TK-7151,"07 09 13 18 20 21"
7152,TK-7152,"07 09 13 25 26 27"
7153,TK-7153,"07 09 14 15 16 25"
7154,TK-7154,"07 09 14 15 17 26"
7155,TK-7155,"07 09 14 15 19 23"
7156,TK-7156,"07 09 14 16 17 19"
7157,TK-7157,"07 09 14 16 18 26"
7158,TK-7158,"07 09 14 16 20 24"
7159,TK-7159,"07 09 14 16 21 27"
7160,TK-7160,"07 09 14 17 20 25"
7161,TK-7161,"07 09 14 17 21 27"
7162,TK-7162,"07 09 14 18 19 20"
7163,TK-7163,"07 09 14 18 22 27"
7164,TK-7164,"07 09 14 19 24 26"
7165,TK-7165,"07 09 14 20 23 26"
7166,TK-7166,"07 09 14 23 24 25"
7167,TK-7167,"07 09 15 16 17 19"
7168,TK-7168,"07 09 15 16 20 22"
7169,TK-7169,"07 09 15 16 23 24"
7170,TK-7170,"07 09 15 16 26 27"
7171,TK-7171,"07 09 15 17 23 25"
7172,TK-7172,"07 09 15 18 20 21"
7173,TK-7173,"07 09 15 18 21 26"
7174,TK-7174,"07 09 15 18 22 24"
7175,TK-7175,"07 09 15 19 20 27"
7176,TK-7176,"07 09 15 19 22 25"
7177,TK-7177,"07 09 15 20 23 26"
7178,TK-7178,"07 09 15 21 23 27"
7179,TK-7179,"07 09 15 21 24 25"
7180,TK-7180,"07 09 16 17 22 23"
7181,TK-7181,"07 09 16 17 24 26"
7182,TK-7182,"07 09 16 18 19 20"
7183,TK-7183,"07 09 16 18 24 25"
7184,TK-7184,"07 09 16 19 21 22"
7185,TK-7185,"07 09 16 19 23 25"
7186,TK-7186,"07 09 16 20 22 25"
7187,TK-7187,"07 09 16 20 25 27"
7188,TK-7188,"07 09 16 21 26 27"
7189,TK-7189,"07 09 17 18 19 20"
7190,TK-7190,"07 09 17 18 23 27"
7191,TK-7191,"07 09 17 18 24 25"
7192,TK-7192,"07 09 17 19 21 23"
7193,TK-7193,"07 09 17 19 22 27"
7194,TK-7194,"07 09 17 19 24 27"
7195,TK-7195,"07 09 17 20 26 27"
7196,TK-7196,"07 09 17 21 22 25"
7197,TK-7197,"07 09 17 23 24 26"
7198,TK-7198,"07 09 18 19 21 22"
7199,TK-7199,"07 09 18 19 24 27"
7200,TK-7200,"07 09 18 20 22 23"
7201,TK-7201,"07 09 18 20 24 26"
7202,TK-7202,"07 09 18 20 25 27"
7203,TK-7203,"07 09 18 21 23 25"
7204,TK-7204,"07 09 18 21 23 26"
7205,TK-7205,"07 09 18 22 25 26"
7206,TK-7206,"07 09 19 20 21 22"
7207,TK-7207,"07 09 19 20 23 27"
7208,TK-7208,"07 09 19 20 24 25"
7209,TK-7209,"07 09 19 21 25 27"
7210,TK-7210,"07 09 19 22 23 26"
7211,TK-7211,"07 09 20 21 25 26"
7212,TK-7212,"07 09 20 22 26 27"
7213,TK-7213,"07 09 21 22 24 26"
7214,TK-7214,"07 09 21 23 24 27"
7215,TK-7215,"07 09 22 23 25 27"
7216,TK-7216,"07 09 24 25 26 27"
7217,TK-7217,"07 10 11 12 16 21"
7218,TK-7218,"07 10 11 12 18 20"
7219,TK-7219,"07 10 11 12 25 26"
7220,TK-7220,"07 10 11 13 21 24"
7221,TK-7221,"07 10 11 14 17 18"
7222,TK-7222,"07 10 11 15 17 22"
7223,TK-7223,"07 10 11 18 23 27"
7224,TK-7224,"07 10 11 20 26 27"
7225,TK-7225,"07 10 12 13 15 26"
7226,TK-7226,"07 10 12 13 16 20"
7227,TK-7227,"07 10 12 13 21 24"
7228,TK-7228,"07 10 12 14 15 19"
7229,TK-7229,"07 10 12 14 16 22"
7230,TK-7230,"07 10 12 14 17 20"
7231,TK-7231,"07 10 12 15 18 22"
7232,TK-7232,"07 10 12 15 24 25"
7233,TK-7233,"07 10 12 16 17 23"
7234,TK-7234,"07 10 12 16 19 27"
7235,TK-7235,"07 10 12 16 21 25"
7236,TK-7236,"07 10 12 17 18 25"
7237,TK-7237,"07 10 12 17 22 24"
7238,TK-7238,"07 10 12 18 21 23"
7239,TK-7239,"07 10 12 19 23 24"
7240,TK-7240,"07 10 13 14 16 26"
7241,TK-7241,"07 10 13 14 18 24"
7242,TK-7242,"07 10 13 14 19 21"
7243,TK-7243,"07 10 13 14 20 25"
7244,TK-7244,"07 10 13 14 22 27"
7245,TK-7245,"07 10 13 15 16 21"
7246,TK-7246,"07 10 13 15 17 27"
7247,TK-7247,"07 10 13 15 18 25"
7248,TK-7248,"07 10 13 15 20 24"
7249,TK-7249,"07 10 13 16 22 23"
7250,TK-7250,"07 10 13 17 22 25"
7251,TK-7251,"07 10 13 18 19 20"
7252,TK-7252,"07 10 13 19 20 27"
7253,TK-7253,"07 10 13 23 24 27"
7254,TK-7254,"07 10 14 15 19 27"
7255,TK-7255,"07 10 14 15 21 22"
7256,TK-7256,"07 10 14 16 23 27"
7257,TK-7257,"07 10 14 16 24 26"
7258,TK-7258,"07 10 14 17 18 25"
7259,TK-7259,"07 10 14 17 20 21"
7260,TK-7260,"07 10 14 17 22 23"
7261,TK-7261,"07 10 14 18 19 26"
7262,TK-7262,"07 10 14 18 21 27"
7263,TK-7263,"07 10 14 19 20 22"
7264,TK-7264,"07 10 14 20 21 23"
7265,TK-7265,"07 10 14 20 25 26"
7266,TK-7266,"07 10 14 23 24 25"
7267,TK-7267,"07 10 15 16 17 19"
7268,TK-7268,"07 10 15 16 18 25"
7269,TK-7269,"07 10 15 16 20 23"
7270,TK-7270,"07 10 15 16 21 26"
7271,TK-7271,"07 10 15 16 24 27"
7272,TK-7272,"07 10 15 17 18 19"
7273,TK-7273,"07 10 15 17 23 26"
7274,TK-7274,"07 10 15 18 21 26"
7275,TK-7275,"07 10 15 18 22 27"
7276,TK-7276,"07 10 15 18 24 25"
7277,TK-7277,"07 10 15 19 22 25"
7278,TK-7278,"07 10 15 20 21 26"
7279,TK-7279,"07 10 15 20 24 26"
7280,TK-7280,"07 10 16 17 18 22"
7281,TK-7281,"07 10 16 17 20 21"
7282,TK-7282,"07 10 16 17 20 24"
7283,TK-7283,"07 10 16 17 25 27"
7284,TK-7284,"07 10 16 18 19 20"
7285,TK-7285,"07 10 16 18 21 24"
7286,TK-7286,"07 10 16 18 26 27"
7287,TK-7287,"07 10 16 19 22 24"
7288,TK-7288,"07 10 16 19 25 26"
7289,TK-7289,"07 10 16 20 23 25"
7290,TK-7290,"07 10 16 22 26 27"
7291,TK-7291,"07 10 17 18 21 22"
7292,TK-7292,"07 10 17 18 26 27"
7293,TK-7293,"07 10 17 19 22 26"
7294,TK-7294,"07 10 17 19 23 24"
7295,TK-7295,"07 10 17 19 23 25"
7296,TK-7296,"07 10 17 20 22 27"
7297,TK-7297,"07 10 17 20 25 26"
7298,TK-7298,"07 10 18 19 21 25"
7299,TK-7299,"07 10 18 19 24 27"
7300,TK-7300,"07 10 18 20 24 26"
7301,TK-7301,"07 10 18 22 23 24"
7302,TK-7302,"07 10 18 22 25 27"
7303,TK-7303,"07 10 18 23 25 26"
7304,TK-7304,"07 10 19 20 21 23"
7305,TK-7305,"07 10 19 20 22 25"
7306,TK-7306,"07 10 19 20 26 27"
7307,TK-7307,"07 10 19 21 22 27"
7308,TK-7308,"07 10 20 21 25 27"
7309,TK-7309,"07 10 21 22 24 26"
7310,TK-7310,"07 10 21 23 24 25"
7311,TK-7311,"07 10 22 23 24 27"
7312,TK-7312,"07 10 22 23 25 26"
7313,TK-7313,"07 10 24 25 26 27"
7314,TK-7314,"07 11 12 13 14 15"
7315,TK-7315,"07 11 12 13 19 22"
7316,TK-7316,"07 11 12 13 23 26"
7317,TK-7317,"07 11 12 14 15 16"
7318,TK-7318,"07 11 12 14 16 23"
7319,TK-7319,"07 11 12 14 19 27"
7320,TK-7320,"07 11 12 14 20 22"
7321,TK-7321,"07 11 12 14 24 26"
7322,TK-7322,"07 11 12 15 16 20"
7323,TK-7323,"07 11 12 15 17 18"
7324,TK-7324,"07 11 12 15 21 22"
7325,TK-7325,"07 11 12 17 19 20"
7326,TK-7326,"07 11 13 14 17 27"
7327,TK-7327,"07 11 13 14 18 24"
7328,TK-7328,"07 11 13 14 21 26"
7329,TK-7329,"07 11 13 15 17 19"
7330,TK-7330,"07 11 13 15 18 23"
7331,TK-7331,"07 11 13 15 20 25"
7332,TK-7332,"07 11 13 16 17 18"
7333,TK-7333,"07 11 13 16 19 25"
7334,TK-7334,"07 11 13 16 20 27"
7335,TK-7335,"07 11 13 19 21 23"
7336,TK-7336,"07 11 13 20 22 23"
7337,TK-7337,"07 11 13 20 24 26"
7338,TK-7338,"07 11 13 23 25 27"
7339,TK-7339,"07 11 14 15 18 25"
7340,TK-7340,"07 11 14 15 19 22"
7341,TK-7341,"07 11 14 15 21 23"
7342,TK-7342,"07 11 14 15 24 27"
7343,TK-7343,"07 11 14 16 20 21"
7344,TK-7344,"07 11 14 16 22 25"
7345,TK-7345,"07 11 14 17 21 25"
7346,TK-7346,"07 11 14 17 23 26"
7347,TK-7347,"07 11 14 18 22 27"
7348,TK-7348,"07 11 15 16 17 22"
7349,TK-7349,"07 11 15 16 20 25"
7350,TK-7350,"07 11 15 16 23 26"
7351,TK-7351,"07 11 15 17 18 20"
7352,TK-7352,"07 11 15 17 19 26"
7353,TK-7353,"07 11 15 17 20 21"
7354,TK-7354,"07 11 15 17 23 24"
7355,TK-7355,"07 11 15 18 19 27"
7356,TK-7356,"07 11 15 18 24 25"
7357,TK-7357,"07 11 15 19 21 24"
7358,TK-7358,"07 11 15 21 25 26"
7359,TK-7359,"07 11 15 22 23 27"
7360,TK-7360,"07 11 16 17 18 19"
7361,TK-7361,"07 11 16 17 20 25"
7362,TK-7362,"07 11 16 17 23 27"
7363,TK-7363,"07 11 16 17 24 26"
7364,TK-7364,"07 11 16 18 20 24"
7365,TK-7365,"07 11 16 18 21 23"
7366,TK-7366,"07 11 16 18 22 25"
7367,TK-7367,"07 11 16 18 26 27"
7368,TK-7368,"07 11 16 19 21 27"
7369,TK-7369,"07 11 16 19 23 24"
7370,TK-7370,"07 11 17 18 20 23"
7371,TK-7371,"07 11 17 18 24 27"
7372,TK-7372,"07 11 17 18 25 26"
7373,TK-7373,"07 11 17 19 21 22"
7374,TK-7374,"07 11 17 19 25 27"
7375,TK-7375,"07 11 17 20 22 24"
7376,TK-7376,"07 11 17 21 22 27"
7377,TK-7377,"07 11 17 21 23 26"
7378,TK-7378,"07 11 18 19 20 21"
7379,TK-7379,"07 11 18 19 22 26"
7380,TK-7380,"07 11 18 19 23 25"
7381,TK-7381,"07 11 18 20 22 24"
7382,TK-7382,"07 11 18 20 25 27"
7383,TK-7383,"07 11 18 21 24 27"
7384,TK-7384,"07 11 19 20 23 24"
7385,TK-7385,"07 11 19 21 26 27"
7386,TK-7386,"07 11 19 22 24 25"
7387,TK-7387,"07 11 20 21 22 26"
7388,TK-7388,"07 11 20 21 23 25"
7389,TK-7389,"07 11 20 23 26 27"
7390,TK-7390,"07 11 22 23 24 27"
7391,TK-7391,"07 11 22 23 25 26"
7392,TK-7392,"07 11 24 25 26 27"
7393,TK-7393,"07 12 13 14 19 25"
7394,TK-7394,"07 12 13 14 20 26"
7395,TK-7395,"07 12 13 14 23 27"
7396,TK-7396,"07 12 13 15 21 22"
7397,TK-7397,"07 12 13 16 17 21"
7398,TK-7398,"07 12 13 16 19 24"
7399,TK-7399,"07 12 13 17 18 19"
7400,TK-7400,"07 12 13 17 22 24"
7401,TK-7401,"07 12 13 18 21 27"
7402,TK-7402,"07 12 14 15 18 23"
7403,TK-7403,"07 12 14 15 21 26"
7404,TK-7404,"07 12 14 15 22 26"
7405,TK-7405,"07 12 14 16 18 20"
7406,TK-7406,"07 12 14 16 19 22"
7407,TK-7407,"07 12 14 16 26 27"
7408,TK-7408,"07 12 14 17 19 26"
7409,TK-7409,"07 12 14 17 24 27"
7410,TK-7410,"07 12 14 19 20 21"
7411,TK-7411,"07 12 14 21 22 24"
7412,TK-7412,"07 12 15 16 18 19"
7413,TK-7413,"07 12 15 16 21 24"
7414,TK-7414,"07 12 15 16 23 25"
7415,TK-7415,"07 12 15 17 26 27"
7416,TK-7416,"07 12 15 18 20 27"
7417,TK-7417,"07 12 15 18 25 26"
7418,TK-7418,"07 12 15 19 24 27"
7419,TK-7419,"07 12 15 20 23 24"
7420,TK-7420,"07 12 16 17 19 21"
7421,TK-7421,"07 12 16 17 22 25"
7422,TK-7422,"07 12 16 18 20 21"
7423,TK-7423,"07 12 16 18 22 23"
7424,TK-7424,"07 12 16 18 24 26"
7425,TK-7425,"07 12 16 19 20 27"
7426,TK-7426,"07 12 16 19 21 26"
7427,TK-7427,"07 12 16 20 24 25"
7428,TK-7428,"07 12 16 23 26 27"
7429,TK-7429,"07 12 17 18 21 23"
7430,TK-7430,"07 12 17 18 25 27"
7431,TK-7431,"07 12 17 19 20 25"
7432,TK-7432,"07 12 17 20 21 26"
7433,TK-7433,"07 12 17 20 22 27"
7434,TK-7434,"07 12 17 21 23 24"
7435,TK-7435,"07 12 17 22 24 26"
7436,TK-7436,"07 12 18 19 20 24"
7437,TK-7437,"07 12 18 19 21 22"
7438,TK-7438,"07 12 18 19 25 26"
7439,TK-7439,"07 12 18 21 24 25"
7440,TK-7440,"07 12 18 21 26 27"
7441,TK-7441,"07 12 18 22 23 27"
7442,TK-7442,"07 12 19 20 21 23"
7443,TK-7443,"07 12 19 20 22 26"
7444,TK-7444,"07 12 19 21 22 25"
7445,TK-7445,"07 12 19 22 23 24"
7446,TK-7446,"07 12 19 23 25 27"
7447,TK-7447,"07 12 20 21 24 27"
7448,TK-7448,"07 12 20 22 23 25"
7449,TK-7449,"07 12 20 23 26 27"
7450,TK-7450,"07 12 21 22 23 26"
7451,TK-7451,"07 12 21 22 25 27"
7452,TK-7452,"07 12 24 25 26 27"
7453,TK-7453,"07 13 14 15 17 25"
7454,TK-7454,"07 13 14 15 20 23"
7455,TK-7455,"07 13 14 15 26 27"
7456,TK-7456,"07 13 14 16 21 24"
7457,TK-7457,"07 13 14 17 18 19"
7458,TK-7458,"07 13 14 18 22 23"
7459,TK-7459,"07 13 15 16 18 27"
7460,TK-7460,"07 13 15 16 19 23"
7461,TK-7461,"07 13 15 16 24 26"
7462,TK-7462,"07 13 15 17 20 27"
7463,TK-7463,"07 13 15 17 21 26"
7464,TK-7464,"07 13 15 17 22 23"
7465,TK-7465,"07 13 15 19 21 27"
7466,TK-7466,"07 13 15 19 22 26"
7467,TK-7467,"07 13 15 21 24 25"
7468,TK-7468,"07 13 16 17 20 23"
7469,TK-7469,"07 13 16 17 22 26"
7470,TK-7470,"07 13 16 18 19 25"
7471,TK-7471,"07 13 16 20 21 22"
7472,TK-7472,"07 13 16 21 23 25"
7473,TK-7473,"07 13 16 22 23 27"
7474,TK-7474,"07 13 16 25 26 27"
7475,TK-7475,"07 13 17 18 20 22"
7476,TK-7476,"07 13 17 18 21 25"
7477,TK-7477,"07 13 17 18 24 26"
7478,TK-7478,"07 13 17 19 26 27"
7479,TK-7479,"07 13 17 20 24 25"
7480,TK-7480,"07 13 17 21 24 27"
7481,TK-7481,"07 13 17 23 25 26"
7482,TK-7482,"07 13 18 19 20 23"
7483,TK-7483,"07 13 18 19 21 26"
7484,TK-7484,"07 13 18 19 24 27"
7485,TK-7485,"07 13 18 20 21 24"
7486,TK-7486,"07 13 18 20 22 27"
7487,TK-7487,"07 13 18 21 22 23"
7488,TK-7488,"07 13 18 23 24 25"
7489,TK-7489,"07 13 19 20 25 26"
7490,TK-7490,"07 13 19 21 22 24"
7491,TK-7491,"07 13 19 23 24 26"
7492,TK-7492,"07 13 20 21 23 26"
7493,TK-7493,"07 13 20 24 26 27"
7494,TK-7494,"07 13 22 23 25 27"
7495,TK-7495,"07 13 24 25 26 27"
7496,TK-7496,"07 14 15 16 17 18"
7497,TK-7497,"07 14 15 16 19 26"
7498,TK-7498,"07 14 15 16 22 24"
7499,TK-7499,"07 14 15 17 19 27"
7500,TK-7500,"07 14 15 17 20 26"
7501,TK-7501,"07 14 15 17 21 24"
7502,TK-7502,"07 14 15 18 20 22"
7503,TK-7503,"07 14 15 20 23 25"
7504,TK-7504,"07 14 16 17 25 27"
7505,TK-7505,"07 14 16 18 20 23"
7506,TK-7506,"07 14 16 18 21 26"
7507,TK-7507,"07 14 16 19 20 27"
7508,TK-7508,"07 14 16 19 23 24"
7509,TK-7509,"07 14 16 20 24 26"
7510,TK-7510,"07 14 16 21 22 27"
7511,TK-7511,"07 14 17 18 21 22"
7512,TK-7512,"07 14 17 19 20 26"
7513,TK-7513,"07 14 17 19 22 24"
7514,TK-7514,"07 14 17 20 22 25"
7515,TK-7515,"07 14 17 20 23 24"
7516,TK-7516,"07 14 18 19 23 25"
7517,TK-7517,"07 14 18 19 24 26"
7518,TK-7518,"07 14 18 20 21 27"
7519,TK-7519,"07 14 18 22 25 26"
7520,TK-7520,"07 14 18 23 26 27"
7521,TK-7521,"07 14 18 24 25 27"
7522,TK-7522,"07 14 19 20 24 25"
7523,TK-7523,"07 14 19 21 22 26"
7524,TK-7524,"07 14 19 21 23 27"
7525,TK-7525,"07 14 19 21 24 25"
7526,TK-7526,"07 14 19 25 26 27"
7527,TK-7527,"07 14 20 22 23 27"
7528,TK-7528,"07 14 20 25 26 27"
7529,TK-7529,"07 14 21 22 23 25"
7530,TK-7530,"07 14 21 24 26 27"
7531,TK-7531,"07 14 22 23 24 26"
7532,TK-7532,"07 15 16 17 19 20"
7533,TK-7533,"07 15 16 17 21 27"
7534,TK-7534,"07 15 16 17 23 26"
7535,TK-7535,"07 15 16 18 21 22"
7536,TK-7536,"07 15 16 19 21 25"
7537,TK-7537,"07 15 16 20 22 27"
7538,TK-7538,"07 15 16 22 25 26"
7539,TK-7539,"07 15 17 18 23 27"
7540,TK-7540,"07 15 17 19 21 25"
7541,TK-7541,"07 15 17 19 22 23"
7542,TK-7542,"07 15 17 20 24 27"
7543,TK-7543,"07 15 18 19 20 26"
7544,TK-7544,"07 15 18 19 23 24"
7545,TK-7545,"07 15 18 20 21 25"
7546,TK-7546,"07 15 18 20 22 24"
7547,TK-7547,"07 15 18 21 23 26"
7548,TK-7548,"07 15 19 20 21 22"
7549,TK-7549,"07 15 19 20 24 25"
7550,TK-7550,"07 15 19 21 23 25"
7551,TK-7551,"07 15 19 21 26 27"
7552,TK-7552,"07 15 19 22 24 26"
7553,TK-7553,"07 15 20 22 25 26"
7554,TK-7554,"07 15 20 23 26 27"
7555,TK-7555,"07 15 21 22 23 24"
7556,TK-7556,"07 15 21 22 25 27"
7557,TK-7557,"07 15 23 24 25 27"
7558,TK-7558,"07 16 17 18 20 26"
7559,TK-7559,"07 16 17 18 23 24"
7560,TK-7560,"07 16 17 19 24 25"
7561,TK-7561,"07 16 17 21 22 23"
7562,TK-7562,"07 16 18 19 22 24"
7563,TK-7563,"07 16 18 21 24 25"
7564,TK-7564,"07 16 18 22 26 27"
7565,TK-7565,"07 16 19 20 21 24"
7566,TK-7566,"07 16 19 20 22 25"
7567,TK-7567,"07 16 19 21 23 26"
7568,TK-7568,"07 16 19 23 25 27"
7569,TK-7569,"07 16 20 21 25 26"
7570,TK-7570,"07 16 20 22 23 24"
7571,TK-7571,"07 16 20 23 25 26"
7572,TK-7572,"07 16 21 22 24 26"
7573,TK-7573,"07 16 21 23 24 27"
7574,TK-7574,"07 16 22 24 25 27"
7575,TK-7575,"07 17 18 19 21 27"
7576,TK-7576,"07 17 18 19 23 26"
7577,TK-7577,"07 17 18 20 21 24"
7578,TK-7578,"07 17 18 21 25 26"
7579,TK-7579,"07 17 18 22 24 25"
7580,TK-7580,"07 17 19 20 21 23"
7581,TK-7581,"07 17 19 20 22 27"
7582,TK-7582,"07 17 19 22 25 26"
7583,TK-7583,"07 17 20 23 25 27"
7584,TK-7584,"07 17 20 24 25 26"
7585,TK-7585,"07 17 21 23 24 25"
7586,TK-7586,"07 17 21 23 26 27"
7587,TK-7587,"07 17 22 24 26 27"
7588,TK-7588,"07 18 19 20 24 27"
7589,TK-7589,"07 18 19 22 25 27"
7590,TK-7590,"07 18 20 21 22 23"
7591,TK-7591,"07 18 20 23 24 26"
7592,TK-7592,"07 18 21 22 24 27"
7593,TK-7593,"07 18 21 23 25 27"
7594,TK-7594,"07 18 24 25 26 27"
7595,TK-7595,"07 19 20 21 24 26"
7596,TK-7596,"07 19 20 21 25 27"
7597,TK-7597,"07 19 20 22 23 26"
7598,TK-7598,"07 19 22 23 24 27"
7599,TK-7599,"07 20 21 22 24 25"
7600,TK-7600,"07 20 21 22 26 27"
7601,TK-7601,"07 21 22 23 25 26"
7602,TK-7602,"08 09 11 12 17 24"
7603,TK-7603,"08 09 11 12 18 26"
7604,TK-7604,"08 09 11 12 22 27"
7605,TK-7605,"08 09 11 13 14 22"
7606,TK-7606,"08 09 11 13 21 23"
7607,TK-7607,"08 09 11 15 17 20"
7608,TK-7608,"08 09 11 18 25 27"
7609,TK-7609,"08 09 12 13 14 19"
7610,TK-7610,"08 09 12 13 17 19"
7611,TK-7611,"08 09 12 13 22 24"
7612,TK-7612,"08 09 12 14 15 17"
7613,TK-7613,"08 09 12 14 20 24"
7614,TK-7614,"08 09 12 15 16 19"
7615,TK-7615,"08 09 12 15 20 25"
7616,TK-7616,"08 09 12 15 23 26"
7617,TK-7617,"08 09 12 16 18 21"
7618,TK-7618,"08 09 12 18 19 20"
7619,TK-7619,"08 09 13 14 18 23"
7620,TK-7620,"08 09 13 14 20 22"
7621,TK-7621,"08 09 13 14 21 27"
7622,TK-7622,"08 09 13 15 16 22"
7623,TK-7623,"08 09 13 15 18 19"
7624,TK-7624,"08 09 13 15 23 27"
7625,TK-7625,"08 09 13 15 24 25"
7626,TK-7626,"08 09 13 16 19 21"
7627,TK-7627,"08 09 13 16 20 24"
7628,TK-7628,"08 09 13 17 18 24"
7629,TK-7629,"08 09 13 17 20 25"
7630,TK-7630,"08 09 13 19 22 26"
7631,TK-7631,"08 09 13 19 23 25"
7632,TK-7632,"08 09 13 19 24 27"
7633,TK-7633,"08 09 13 20 21 26"
7634,TK-7634,"08 09 13 21 23 25"
7635,TK-7635,"08 09 13 22 25 27"
7636,TK-7636,"08 09 14 15 16 19"
7637,TK-7637,"08 09 14 15 17 20"
7638,TK-7638,"08 09 14 15 18 22"
7639,TK-7639,"08 09 14 15 21 23"
7640,TK-7640,"08 09 14 16 17 18"
7641,TK-7641,"08 09 14 16 21 24"
7642,TK-7642,"08 09 14 16 21 25"
7643,TK-7643,"08 09 14 16 23 26"
7644,TK-7644,"08 09 14 17 24 25"
7645,TK-7645,"08 09 14 17 26 27"
7646,TK-7646,"08 09 14 18 21 27"
7647,TK-7647,"08 09 14 19 20 27"
7648,TK-7648,"08 09 14 19 22 24"
7649,TK-7649,"08 09 14 20 25 26"
7650,TK-7650,"08 09 15 16 18 20"
7651,TK-7651,"08 09 15 16 21 27"
7652,TK-7652,"08 09 15 16 22 24"
7653,TK-7653,"08 09 15 17 19 26"
7654,TK-7654,"08 09 15 17 21 27"
7655,TK-7655,"08 09 15 17 22 25"
7656,TK-7656,"08 09 15 18 22 27"
7657,TK-7657,"08 09 15 18 25 26"
7658,TK-7658,"08 09 15 19 21 22"
7659,TK-7659,"08 09 15 19 24 26"
7660,TK-7660,"08 09 15 20 23 24"
7661,TK-7661,"08 09 15 24 25 27"
7662,TK-7662,"08 09 16 17 20 27"
7663,TK-7663,"08 09 16 17 23 24"
7664,TK-7664,"08 09 16 18 19 27"
7665,TK-7665,"08 09 16 18 22 25"
7666,TK-7666,"08 09 16 18 23 27"
7667,TK-7667,"08 09 16 18 24 26"
7668,TK-7668,"08 09 16 19 22 24"
7669,TK-7669,"08 09 16 19 25 26"
7670,TK-7670,"08 09 16 20 22 23"
7671,TK-7671,"08 09 16 20 24 25"
7672,TK-7672,"08 09 16 21 22 26"
7673,TK-7673,"08 09 17 18 20 23"
7674,TK-7674,"08 09 17 18 21 26"
7675,TK-7675,"08 09 17 18 22 25"
7676,TK-7676,"08 09 17 19 22 23"
7677,TK-7677,"08 09 17 20 21 22"
7678,TK-7678,"08 09 17 20 24 26"
7679,TK-7679,"08 09 17 23 24 27"
7680,TK-7680,"08 09 18 19 20 25"
7681,TK-7681,"08 09 18 19 21 23"
7682,TK-7682,"08 09 18 19 22 26"
7683,TK-7683,"08 09 18 22 23 25"
7684,TK-7684,"08 09 18 22 24 27"
7685,TK-7685,"08 09 18 25 26 27"
7686,TK-7686,"08 09 19 20 21 24"
7687,TK-7687,"08 09 19 20 23 26"
7688,TK-7688,"08 09 19 20 26 27"
7689,TK-7689,"08 09 19 23 25 27"
7690,TK-7690,"08 09 20 21 22 25"
7691,TK-7691,"08 09 20 21 23 27"
7692,TK-7692,"08 09 20 22 24 26"
7693,TK-7693,"08 09 21 22 23 26"
7694,TK-7694,"08 09 21 24 26 27"
7695,TK-7695,"08 09 22 25 26 27"
7696,TK-7696,"08 10 11 12 15 26"
7697,TK-7697,"08 10 11 12 16 20"
7698,TK-7698,"08 10 11 13 14 16"
7699,TK-7699,"08 10 11 13 15 17"
7700,TK-7700,"08 10 11 13 19 26"
7701,TK-7701,"08 10 11 13 20 27"
7702,TK-7702,"08 10 11 14 15 19"
7703,TK-7703,"08 10 11 15 16 17"
7704,TK-7704,"08 10 11 18 19 20"
7705,TK-7705,"08 10 12 13 15 18"
7706,TK-7706,"08 10 12 13 19 25"
7707,TK-7707,"08 10 12 13 23 27"
7708,TK-7708,"08 10 12 13 24 26"
7709,TK-7709,"08 10 12 14 15 27"
7710,TK-7710,"08 10 12 14 16 19"
7711,TK-7711,"08 10 12 14 17 18"
7712,TK-7712,"08 10 12 15 17 19"
7713,TK-7713,"08 10 12 15 17 24"
7714,TK-7714,"08 10 12 15 20 21"
7715,TK-7715,"08 10 12 16 17 22"
7716,TK-7716,"08 10 12 16 26 27"
7717,TK-7717,"08 10 12 17 21 26"
7718,TK-7718,"08 10 12 18 21 24"
7719,TK-7719,"08 10 12 18 25 26"
7720,TK-7720,"08 10 12 19 21 27"
7721,TK-7721,"08 10 13 14 17 19"
7722,TK-7722,"08 10 13 14 18 23"
7723,TK-7723,"08 10 13 14 21 22"
7724,TK-7724,"08 10 13 14 24 26"
7725,TK-7725,"08 10 13 15 22 27"
7726,TK-7726,"08 10 13 16 21 23"
7727,TK-7727,"08 10 13 16 25 27"
7728,TK-7728,"08 10 13 17 20 27"
7729,TK-7729,"08 10 13 17 23 24"
7730,TK-7730,"08 10 13 18 19 23"
7731,TK-7731,"08 10 13 18 21 26"
7732,TK-7732,"08 10 13 19 20 21"
7733,TK-7733,"08 10 13 19 25 26"
7734,TK-7734,"08 10 13 20 22 23"
7735,TK-7735,"08 10 13 21 24 27"
7736,TK-7736,"08 10 14 15 20 24"
7737,TK-7737,"08 10 14 15 23 26"
7738,TK-7738,"08 10 14 16 20 27"
7739,TK-7739,"08 10 14 16 22 25"
7740,TK-7740,"08 10 14 17 21 26"
7741,TK-7741,"08 10 14 17 22 24"
7742,TK-7742,"08 10 14 18 19 20"
7743,TK-7743,"08 10 14 18 24 26"
7744,TK-7744,"08 10 14 19 23 25"
7745,TK-7745,"08 10 14 21 22 27"
7746,TK-7746,"08 10 14 23 24 27"
7747,TK-7747,"08 10 15 16 18 21"
7748,TK-7748,"08 10 15 16 19 20"
7749,TK-7749,"08 10 15 16 22 26"
7750,TK-7750,"08 10 15 17 19 27"
7751,TK-7751,"08 10 15 17 20 25"
7752,TK-7752,"08 10 15 17 26 27"
7753,TK-7753,"08 10 15 18 20 26"
7754,TK-7754,"08 10 15 18 21 22"
7755,TK-7755,"08 10 15 18 23 25"
7756,TK-7756,"08 10 15 19 20 21"
7757,TK-7757,"08 10 15 21 24 25"
7758,TK-7758,"08 10 16 17 18 19"
7759,TK-7759,"08 10 16 17 23 27"
7760,TK-7760,"08 10 16 18 23 26"
7761,TK-7761,"08 10 16 18 24 25"
7762,TK-7762,"08 10 16 19 21 25"
7763,TK-7763,"08 10 16 19 22 27"
7764,TK-7764,"08 10 16 19 23 24"
7765,TK-7765,"08 10 16 20 22 23"
7766,TK-7766,"08 10 16 20 26 27"
7767,TK-7767,"08 10 16 21 24 26"
7768,TK-7768,"08 10 17 18 21 24"
7769,TK-7769,"08 10 17 18 22 23"
7770,TK-7770,"08 10 17 18 25 26"
7771,TK-7771,"08 10 17 19 22 25"
7772,TK-7772,"08 10 17 20 21 26"
7773,TK-7773,"08 10 17 20 24 26"
7774,TK-7774,"08 10 17 21 25 27"
7775,TK-7775,"08 10 18 19 20 23"
7776,TK-7776,"08 10 18 19 22 27"
7777,TK-7777,"08 10 18 20 21 25"
7778,TK-7778,"08 10 18 20 26 27"
7779,TK-7779,"08 10 19 20 22 26"
7780,TK-7780,"08 10 19 20 24 25"
7781,TK-7781,"08 10 19 21 22 24"
7782,TK-7782,"08 10 19 21 23 26"
7783,TK-7783,"08 10 19 23 25 27"
7784,TK-7784,"08 10 20 21 22 27"
7785,TK-7785,"08 10 20 22 24 25"
7786,TK-7786,"08 10 20 23 24 27"
7787,TK-7787,"08 10 20 23 25 26"
7788,TK-7788,"08 10 21 24 26 27"
7789,TK-7789,"08 10 22 23 24 26"
7790,TK-7790,"08 10 22 25 26 27"
7791,TK-7791,"08 11 12 13 16 19"
7792,TK-7792,"08 11 12 13 18 24"
7793,TK-7793,"08 11 12 13 20 22"
7794,TK-7794,"08 11 12 14 16 27"
7795,TK-7795,"08 11 12 14 20 23"
7796,TK-7796,"08 11 12 14 21 22"
7797,TK-7797,"08 11 12 14 24 25"
7798,TK-7798,"08 11 12 16 21 24"
7799,TK-7799,"08 11 12 17 18 23"
7800,TK-7800,"08 11 12 17 22 25"
7801,TK-7801,"08 11 12 18 19 27"
7802,TK-7802,"08 11 12 19 23 25"
7803,TK-7803,"08 11 13 14 16 23"
7804,TK-7804,"08 11 13 14 17 19"
7805,TK-7805,"08 11 13 14 17 20"
7806,TK-7806,"08 11 13 14 18 25"
7807,TK-7807,"08 11 13 14 26 27"
7808,TK-7808,"08 11 13 15 17 26"
7809,TK-7809,"08 11 13 15 18 20"
7810,TK-7810,"08 11 13 15 19 27"
7811,TK-7811,"08 11 13 16 19 22"
7812,TK-7812,"08 11 13 16 20 21"
7813,TK-7813,"08 11 13 16 23 25"
7814,TK-7814,"08 11 13 16 24 26"
7815,TK-7815,"08 11 13 18 22 26"
7816,TK-7816,"08 11 13 22 24 25"
7817,TK-7817,"08 11 14 15 16 18"
7818,TK-7818,"08 11 14 15 17 27"
7819,TK-7819,"08 11 14 15 19 26"
7820,TK-7820,"08 11 14 15 21 25"
7821,TK-7821,"08 11 14 16 20 24"
7822,TK-7822,"08 11 14 16 21 26"
7823,TK-7823,"08 11 14 17 22 23"
7824,TK-7824,"08 11 14 17 24 26"
7825,TK-7825,"08 11 14 18 20 22"
7826,TK-7826,"08 11 14 18 24 27"
7827,TK-7827,"08 11 14 19 21 27"
7828,TK-7828,"08 11 14 20 25 26"
7829,TK-7829,"08 11 15 16 17 25"
7830,TK-7830,"08 11 15 16 19 24"
7831,TK-7831,"08 11 15 16 23 27"
7832,TK-7832,"08 11 15 17 21 24"
7833,TK-7833,"08 11 15 17 22 27"
7834,TK-7834,"08 11 15 18 19 23"
7835,TK-7835,"08 11 15 18 21 23"
7836,TK-7836,"08 11 15 18 26 27"
7837,TK-7837,"08 11 15 20 23 26"
7838,TK-7838,"08 11 15 20 24 25"
7839,TK-7839,"08 11 15 21 22 26"
7840,TK-7840,"08 11 15 22 23 24"
7841,TK-7841,"08 11 16 17 18 20"
7842,TK-7842,"08 11 16 17 19 26"
7843,TK-7843,"08 11 16 17 21 22"
7844,TK-7844,"08 11 16 18 21 25"
7845,TK-7845,"08 11 16 18 22 24"
7846,TK-7846,"08 11 16 18 23 27"
7847,TK-7847,"08 11 16 20 22 23"
7848,TK-7848,"08 11 16 22 25 27"
7849,TK-7849,"08 11 16 23 26 27"
7850,TK-7850,"08 11 17 18 19 27"
7851,TK-7851,"08 11 17 18 24 25"
7852,TK-7852,"08 11 17 19 20 25"
7853,TK-7853,"08 11 17 19 21 23"
7854,TK-7854,"08 11 17 20 23 24"
7855,TK-7855,"08 11 17 21 25 26"
7856,TK-7856,"08 11 17 22 24 26"
7857,TK-7857,"08 11 17 23 26 27"
7858,TK-7858,"08 11 18 19 21 26"
7859,TK-7859,"08 11 18 19 22 25"
7860,TK-7860,"08 11 18 20 21 27"
7861,TK-7861,"08 11 18 20 23 26"
7862,TK-7862,"08 11 18 21 23 25"
7863,TK-7863,"08 11 19 20 22 26"
7864,TK-7864,"08 11 19 21 24 25"
7865,TK-7865,"08 11 19 22 23 24"
7866,TK-7866,"08 11 19 23 24 27"
7867,TK-7867,"08 11 20 21 23 26"
7868,TK-7868,"08 11 20 24 25 27"
7869,TK-7869,"08 11 21 22 23 27"
7870,TK-7870,"08 11 22 25 26 27"
7871,TK-7871,"08 11 23 24 25 26"
7872,TK-7872,"08 12 13 14 15 21"
7873,TK-7873,"08 12 13 14 17 25"
7874,TK-7874,"08 12 13 14 18 20"
7875,TK-7875,"08 12 13 15 22 23"
7876,TK-7876,"08 12 13 16 18 25"
7877,TK-7877,"08 12 13 16 20 23"
7878,TK-7878,"08 12 13 17 22 26"
7879,TK-7879,"08 12 13 17 24 27"
7880,TK-7880,"08 12 14 15 16 23"
7881,TK-7881,"08 12 14 15 17 18"
7882,TK-7882,"08 12 14 15 24 26"
7883,TK-7883,"08 12 14 16 17 19"
7884,TK-7884,"08 12 14 16 21 27"
7885,TK-7885,"08 12 14 16 22 26"
7886,TK-7886,"08 12 14 17 18 20"
7887,TK-7887,"08 12 14 17 23 24"
7888,TK-7888,"08 12 14 18 24 25"
7889,TK-7889,"08 12 14 19 25 26"
7890,TK-7890,"08 12 14 20 22 23"
7891,TK-7891,"08 12 15 16 17 22"
7892,TK-7892,"08 12 15 16 18 24"
7893,TK-7893,"08 12 15 16 20 27"
7894,TK-7894,"08 12 15 16 25 26"
7895,TK-7895,"08 12 15 17 20 23"
7896,TK-7896,"08 12 15 18 19 21"
7897,TK-7897,"08 12 15 18 21 22"
7898,TK-7898,"08 12 15 19 23 24"
7899,TK-7899,"08 12 15 20 24 26"
7900,TK-7900,"08 12 15 22 26 27"
7901,TK-7901,"08 12 16 17 20 25"
7902,TK-7902,"08 12 16 17 23 26"
7903,TK-7903,"08 12 16 18 20 26"
7904,TK-7904,"08 12 16 18 21 23"
7905,TK-7905,"08 12 16 18 22 27"
7906,TK-7906,"08 12 16 19 22 24"
7907,TK-7907,"08 12 16 19 23 25"
7908,TK-7908,"08 12 16 21 24 27"
7909,TK-7909,"08 12 17 18 19 24"
7910,TK-7910,"08 12 17 18 21 27"
7911,TK-7911,"08 12 17 19 21 22"
7912,TK-7912,"08 12 17 19 26 27"
7913,TK-7913,"08 12 17 21 23 25"
7914,TK-7914,"08 12 17 22 23 24"
7915,TK-7915,"08 12 18 19 22 26"
7916,TK-7916,"08 12 18 19 23 25"
7917,TK-7917,"08 12 18 20 21 23"
7918,TK-7918,"08 12 18 20 22 25"
7919,TK-7919,"08 12 18 20 24 27"
7920,TK-7920,"08 12 18 21 24 26"
7921,TK-7921,"08 12 18 23 26 27"
7922,TK-7922,"08 12 19 20 21 24"
7923,TK-7923,"08 12 19 20 22 27"
7924,TK-7924,"08 12 19 21 23 26"
7925,TK-7925,"08 12 19 21 25 27"
7926,TK-7926,"08 12 19 24 25 26"
7927,TK-7927,"08 12 20 21 25 27"
7928,TK-7928,"08 12 20 23 24 26"
7929,TK-7929,"08 12 21 22 23 27"
7930,TK-7930,"08 12 21 22 24 25"
7931,TK-7931,"08 12 22 25 26 27"
7932,TK-7932,"08 12 23 24 25 27"
7933,TK-7933,"08 13 14 15 16 17"
7934,TK-7934,"08 13 14 15 18 26"
7935,TK-7935,"08 13 14 15 19 20"
7936,TK-7936,"08 13 14 17 22 24"
7937,TK-7937,"08 13 14 18 19 21"
7938,TK-7938,"08 13 14 20 23 25"
7939,TK-7939,"08 13 15 16 19 21"
7940,TK-7940,"08 13 15 16 23 25"
7941,TK-7941,"08 13 15 17 20 21"
7942,TK-7942,"08 13 15 17 23 26"
7943,TK-7943,"08 13 15 18 20 25"
7944,TK-7944,"08 13 15 19 25 27"
7945,TK-7945,"08 13 15 23 24 27"
7946,TK-7946,"08 13 16 17 18 19"
7947,TK-7947,"08 13 16 17 21 25"
7948,TK-7948,"08 13 16 17 22 23"
7949,TK-7949,"08 13 16 17 24 26"
7950,TK-7950,"08 13 16 18 20 27"
7951,TK-7951,"08 13 16 20 21 24"
7952,TK-7952,"08 13 16 21 26 27"
7953,TK-7953,"08 13 16 24 25 27"
7954,TK-7954,"08 13 17 18 22 27"
7955,TK-7955,"08 13 17 18 23 24"
7956,TK-7956,"08 13 17 19 20 25"
7957,TK-7957,"08 13 17 19 21 23"
7958,TK-7958,"08 13 17 24 25 26"
7959,TK-7959,"08 13 18 19 20 24"
7960,TK-7960,"08 13 18 19 25 26"
7961,TK-7961,"08 13 18 20 21 23"
7962,TK-7962,"08 13 18 21 24 25"
7963,TK-7963,"08 13 18 22 23 25"
7964,TK-7964,"08 13 18 22 24 26"
7965,TK-7965,"08 13 19 20 22 27"
7966,TK-7966,"08 13 19 21 23 27"
7967,TK-7967,"08 13 19 22 23 24"
7968,TK-7968,"08 13 19 24 26 27"
7969,TK-7969,"08 13 20 21 22 26"
7970,TK-7970,"08 13 20 22 24 26"
7971,TK-7971,"08 13 20 23 24 25"
7972,TK-7972,"08 13 21 22 25 27"
7973,TK-7973,"08 13 21 23 24 26"
7974,TK-7974,"08 13 23 25 26 27"
7975,TK-7975,"08 14 15 16 26 27"
7976,TK-7976,"08 14 15 17 19 24"
7977,TK-7977,"08 14 15 17 21 23"
7978,TK-7978,"08 14 15 18 21 27"
7979,TK-7979,"08 14 15 19 22 26"
7980,TK-7980,"08 14 15 22 23 25"
7981,TK-7981,"08 14 16 17 20 22"
7982,TK-7982,"08 14 16 18 19 25"
7983,TK-7983,"08 14 16 18 21 22"
7984,TK-7984,"08 14 16 18 24 26"
7985,TK-7985,"08 14 16 19 20 23"
7986,TK-7986,"08 14 16 20 21 26"
7987,TK-7987,"08 14 16 21 23 25"
7988,TK-7988,"08 14 16 22 23 24"
7989,TK-7989,"08 14 17 18 21 26"
7990,TK-7990,"08 14 17 18 24 27"
7991,TK-7991,"08 14 17 19 20 21"
7992,TK-7992,"08 14 17 19 22 25"
7993,TK-7993,"08 14 17 20 26 27"
7994,TK-7994,"08 14 17 21 24 25"
7995,TK-7995,"08 14 17 23 25 27"
7996,TK-7996,"08 14 18 19 20 26"
7997,TK-7997,"08 14 18 19 23 24"
7998,TK-7998,"08 14 18 20 22 24"
7999,TK-7999,"08 14 18 20 25 27"
8000,TK-8000,"08 14 18 22 23 27"
8001,TK-8001,"08 14 19 20 22 25"
8002,TK-8002,"08 14 19 20 24 26"
8003,TK-8003,"08 14 19 21 26 27"
8004,TK-8004,"08 14 19 22 24 27"
8005,TK-8005,"08 14 20 21 23 24"
8006,TK-8006,"08 14 20 22 23 26"
8007,TK-8007,"08 14 20 24 25 27"
8008,TK-8008,"08 14 21 22 24 26"
8009,TK-8009,"08 14 21 23 25 26"
8010,TK-8010,"08 14 24 25 26 27"
8011,TK-8011,"08 15 16 17 19 22"
8012,TK-8012,"08 15 16 17 20 26"
8013,TK-8013,"08 15 16 17 24 27"
8014,TK-8014,"08 15 16 18 19 26"
8015,TK-8015,"08 15 16 18 20 22"
8016,TK-8016,"08 15 16 20 23 24"
8017,TK-8017,"08 15 16 21 24 25"
8018,TK-8018,"08 15 17 18 20 24"
8019,TK-8019,"08 15 17 18 25 27"
8020,TK-8020,"08 15 17 19 20 23"
8021,TK-8021,"08 15 17 19 21 27"
8022,TK-8022,"08 15 17 20 22 27"
8023,TK-8023,"08 15 17 21 23 24"
8024,TK-8024,"08 15 17 22 25 26"
8025,TK-8025,"08 15 18 19 24 27"
8026,TK-8026,"08 15 18 20 23 27"
8027,TK-8027,"08 15 18 21 22 24"
8028,TK-8028,"08 15 18 21 23 25"
8029,TK-8029,"08 15 18 21 25 26"
8030,TK-8030,"08 15 19 20 23 25"
8031,TK-8031,"08 15 19 20 26 27"
8032,TK-8032,"08 15 19 21 22 25"
8033,TK-8033,"08 15 19 22 23 27"
8034,TK-8034,"08 15 19 24 25 26"
8035,TK-8035,"08 15 20 21 22 23"
8036,TK-8036,"08 15 20 21 25 27"
8037,TK-8037,"08 15 21 23 26 27"
8038,TK-8038,"08 15 22 24 25 27"
8039,TK-8039,"08 15 23 24 25 26"
8040,TK-8040,"08 16 17 18 21 22"
8041,TK-8041,"08 16 17 18 23 26"
8042,TK-8042,"08 16 17 19 21 27"
8043,TK-8043,"08 16 17 20 23 27"
8044,TK-8044,"08 16 17 25 26 27"
8045,TK-8045,"08 16 18 19 22 25"
8046,TK-8046,"08 16 18 20 24 25"
8047,TK-8047,"08 16 18 21 24 27"
8048,TK-8048,"08 16 19 20 24 27"
8049,TK-8049,"08 16 19 20 25 26"
8050,TK-8050,"08 16 19 21 22 26"
8051,TK-8051,"08 16 19 21 23 24"
8052,TK-8052,"08 16 20 21 22 25"
8053,TK-8053,"08 16 20 21 23 26"
8054,TK-8054,"08 16 20 23 25 27"
8055,TK-8055,"08 16 21 22 23 27"
8056,TK-8056,"08 16 22 24 25 26"
8057,TK-8057,"08 17 18 19 20 21"
8058,TK-8058,"08 17 18 19 22 26"
8059,TK-8059,"08 17 18 20 25 26"
8060,TK-8060,"08 17 18 22 23 24"
8061,TK-8061,"08 17 19 21 25 26"
8062,TK-8062,"08 17 19 22 24 27"
8063,TK-8063,"08 17 19 23 25 27"
8064,TK-8064,"08 17 20 21 24 25"
8065,TK-8065,"08 17 20 22 23 25"
8066,TK-8066,"08 17 20 22 24 26"
8067,TK-8067,"08 17 21 24 26 27"
8068,TK-8068,"08 17 22 23 26 27"
8069,TK-8069,"08 18 19 21 22 23"
8070,TK-8070,"08 18 19 21 24 25"
8071,TK-8071,"08 18 19 23 26 27"
8072,TK-8072,"08 18 20 21 24 26"
8073,TK-8073,"08 18 20 22 26 27"
8074,TK-8074,"08 18 21 22 25 27"
8075,TK-8075,"08 18 22 23 25 26"
8076,TK-8076,"08 18 23 24 25 27"
8077,TK-8077,"08 19 20 21 23 27"
8078,TK-8078,"08 19 20 22 23 24"
8079,TK-8079,"08 19 22 25 26 27"
8080,TK-8080,"08 20 21 22 24 27"
8081,TK-8081,"08 20 21 23 25 26"
8082,TK-8082,"08 20 23 24 26 27"
8083,TK-8083,"08 21 22 23 24 25"
8084,TK-8084,"09 10 11 12 14 25"
8085,TK-8085,"09 10 11 12 19 27"
8086,TK-8086,"09 10 11 15 18 23"
8087,TK-8087,"09 10 11 15 24 25"
8088,TK-8088,"09 10 11 16 18 24"
8089,TK-8089,"09 10 11 16 23 27"
8090,TK-8090,"09 10 11 17 21 26"
8091,TK-8091,"09 10 11 17 23 25"
8092,TK-8092,"09 10 12 19 20 24"
8093,TK-8093,"09 10 12 19 22 26"
8094,TK-8094,"09 10 12 20 22 23"
8095,TK-8095,"09 10 12 21 25 27"
8096,TK-8096,"09 10 13 16 17 20"
8097,TK-8097,"09 10 13 17 19 25"
8098,TK-8098,"09 10 13 17 21 27"
8099,TK-8099,"09 10 13 17 22 24"
8100,TK-8100,"09 10 13 18 22 27"
8101,TK-8101,"09 10 14 16 20 23"
8102,TK-8102,"09 10 14 17 23 24"
8103,TK-8103,"09 10 14 18 24 25"
8104,TK-8104,"09 10 14 19 21 26"
8105,TK-8105,"09 10 14 19 24 27"
8106,TK-8106,"09 10 14 20 24 26"
8107,TK-8107,"09 10 14 23 25 26"
8108,TK-8108,"09 10 15 18 19 27"
8109,TK-8109,"09 10 15 19 23 25"
8110,TK-8110,"09 10 15 20 22 27"
8111,TK-8111,"09 10 15 22 23 24"
8112,TK-8112,"09 11 12 13 26 27"
8113,TK-8113,"09 11 12 16 24 26"
8114,TK-8114,"09 11 12 17 21 22"
8115,TK-8115,"09 11 12 21 23 25"
8116,TK-8116,"09 11 13 14 17 21"
8117,TK-8117,"09 11 13 17 24 27"
8118,TK-8118,"09 11 13 18 22 25"
8119,TK-8119,"09 11 13 19 20 23"
8120,TK-8120,"09 11 13 19 21 22"
8121,TK-8121,"09 11 13 23 24 26"
8122,TK-8122,"09 11 14 18 20 27"
8123,TK-8123,"09 11 14 18 24 26"
8124,TK-8124,"09 11 14 19 20 21"
8125,TK-8125,"09 11 14 19 23 24"
8126,TK-8126,"09 11 14 19 25 26"
8127,TK-8127,"09 11 14 21 22 27"
8128,TK-8128,"09 11 14 21 23 26"
8129,TK-8129,"09 11 15 18 19 21"
8130,TK-8130,"09 11 15 18 24 27"
8131,TK-8131,"09 11 15 20 21 22"
8132,TK-8132,"09 11 15 25 26 27"
8133,TK-8133,"09 11 16 17 19 23"
8134,TK-8134,"09 11 16 19 20 26"
8135,TK-8135,"09 11 16 20 22 27"
8136,TK-8136,"09 12 13 14 18 26"
8137,TK-8137,"09 12 13 15 16 23"
8138,TK-8138,"09 12 13 16 17 26"
8139,TK-8139,"09 12 13 17 22 25"
8140,TK-8140,"09 12 13 20 22 27"
8141,TK-8141,"09 12 14 17 19 22"
8142,TK-8142,"09 12 14 17 24 26"
8143,TK-8143,"09 12 14 18 22 25"
8144,TK-8144,"09 12 14 20 26 27"
8145,TK-8145,"09 12 14 21 22 26"
8146,TK-8146,"09 12 15 17 20 27"
8147,TK-8147,"09 12 15 18 24 26"
8148,TK-8148,"09 12 15 19 25 26"
8149,TK-8149,"09 12 15 21 22 27"
8150,TK-8150,"09 12 16 18 25 27"
8151,TK-8151,"09 12 16 19 20 25"
8152,TK-8152,"09 12 16 20 21 23"
8153,TK-8153,"09 12 16 22 25 26"
8154,TK-8154,"09 12 17 20 21 24"
8155,TK-8155,"09 12 17 23 25 27"
8156,TK-8156,"09 12 19 21 24 27"
8157,TK-8157,"09 13 14 15 24 27"
8158,TK-8158,"09 13 14 17 23 25"
8159,TK-8159,"09 13 15 19 20 24"
8160,TK-8160,"09 13 15 20 26 27"
8161,TK-8161,"09 13 15 21 22 24"
8162,TK-8162,"09 13 15 21 25 27"
8163,TK-8163,"09 13 16 18 20 25"
8164,TK-8164,"09 13 16 18 21 24"
8165,TK-8165,"09 13 16 19 23 27"
8166,TK-8166,"09 13 16 22 26 27"
8167,TK-8167,"09 14 15 20 22 23"
8168,TK-8168,"09 14 15 20 24 25"
8169,TK-8169,"09 14 16 19 22 27"
8170,TK-8170,"09 14 18 20 21 24"
8171,TK-8171,"09 15 16 21 23 25"
8172,TK-8172,"09 15 17 19 20 21"
8173,TK-8173,"09 16 17 18 22 24"
8174,TK-8174,"09 16 17 21 25 27"
8175,TK-8175,"09 16 18 19 23 26"
8176,TK-8176,"09 17 18 20 22 27"
8177,TK-8177,"10 11 12 13 17 23"
8178,TK-8178,"10 11 12 13 24 27"
8179,TK-8179,"10 11 12 16 18 25"
8180,TK-8180,"10 11 12 17 26 27"
8181,TK-8181,"10 11 12 20 21 26"
8182,TK-8182,"10 11 12 20 24 25"
8183,TK-8183,"10 11 13 14 23 27"
8184,TK-8184,"10 11 13 16 18 26"
8185,TK-8185,"10 11 13 17 22 26"
8186,TK-8186,"10 11 13 18 19 21"
8187,TK-8187,"10 11 13 21 25 26"
8188,TK-8188,"10 11 14 15 17 21"
8189,TK-8189,"10 11 14 17 25 27"
8190,TK-8190,"10 11 14 18 20 23"
8191,TK-8191,"10 11 14 19 21 24"
8192,TK-8192,"10 11 14 22 23 24"
8193,TK-8193,"10 11 15 18 22 26"
8194,TK-8194,"10 11 15 19 22 23"
8195,TK-8195,"10 11 15 21 24 27"
8196,TK-8196,"10 11 15 22 25 27"
8197,TK-8197,"10 11 15 23 25 26"
8198,TK-8198,"10 11 16 19 24 27"
8199,TK-8199,"10 11 16 22 25 26"
8200,TK-8200,"10 11 17 18 19 24"
8201,TK-8201,"10 11 17 20 24 27"
8202,TK-8202,"10 11 17 21 24 25"
8203,TK-8203,"10 11 19 22 24 26"
8204,TK-8204,"10 12 13 15 20 23"
8205,TK-8205,"10 12 13 17 20 25"
8206,TK-8206,"10 12 13 19 26 27"
8207,TK-8207,"10 12 13 23 24 25"
8208,TK-8208,"10 12 14 16 23 24"
8209,TK-8209,"10 12 14 18 21 25"
8210,TK-8210,"10 12 14 18 26 27"
8211,TK-8211,"10 12 14 19 22 25"
8212,TK-8212,"10 12 15 17 21 23"
8213,TK-8213,"10 12 15 19 22 24"
8214,TK-8214,"10 12 15 19 25 27"
8215,TK-8215,"10 12 15 20 25 26"
8216,TK-8216,"10 12 15 23 26 27"
8217,TK-8217,"10 12 16 18 21 22"
8218,TK-8218,"10 12 16 20 22 27"
8219,TK-8219,"10 12 16 20 24 26"
8220,TK-8220,"10 12 16 23 25 26"
8221,TK-8221,"10 12 19 21 22 23"
8222,TK-8222,"10 13 14 16 20 22"
8223,TK-8223,"10 13 14 21 24 25"
8224,TK-8224,"10 13 15 16 17 18"
8225,TK-8225,"10 13 15 19 23 24"
8226,TK-8226,"10 13 15 21 22 23"
8227,TK-8227,"10 13 15 22 24 26"
8228,TK-8228,"10 13 15 25 26 27"
8229,TK-8229,"10 13 16 18 23 27"
8230,TK-8230,"10 13 16 19 21 27"
8231,TK-8231,"10 13 16 20 21 26"
8232,TK-8232,"10 13 17 18 20 23"
8233,TK-8233,"10 13 18 20 24 27"
8234,TK-8234,"10 14 15 16 25 27"
8235,TK-8235,"10 14 15 17 22 27"
8236,TK-8236,"10 14 15 20 21 25"
8237,TK-8237,"10 14 16 17 25 26"
8238,TK-8238,"10 14 16 18 22 24"
8239,TK-8239,"10 14 16 19 23 26"
8240,TK-8240,"10 14 17 19 21 27"
8241,TK-8241,"10 14 17 20 22 26"
8242,TK-8242,"10 14 17 20 24 25"
8243,TK-8243,"10 15 17 18 24 26"
8244,TK-8244,"10 15 17 21 22 24"
8245,TK-8245,"10 15 18 23 24 27"
8246,TK-8246,"10 15 19 21 24 26"
8247,TK-8247,"10 16 17 21 23 25"
8248,TK-8248,"10 16 17 22 23 24"
8249,TK-8249,"10 16 19 20 25 27"
8250,TK-8250,"11 12 13 14 22 23"
8251,TK-8251,"11 12 13 15 16 25"
8252,TK-8252,"11 12 13 21 24 25"
8253,TK-8253,"11 12 13 22 25 27"
8254,TK-8254,"11 12 14 15 23 25"
8255,TK-8255,"11 12 14 18 25 26"
8256,TK-8256,"11 12 14 19 21 23"
8257,TK-8257,"11 12 14 20 21 27"
8258,TK-8258,"11 12 15 18 20 24"
8259,TK-8259,"11 12 15 19 20 23"
8260,TK-8260,"11 12 15 19 22 26"
8261,TK-8261,"11 12 15 20 22 27"
8262,TK-8262,"11 12 15 23 24 27"
8263,TK-8263,"11 12 15 24 25 26"
8264,TK-8264,"11 12 16 20 23 24"
8265,TK-8265,"11 12 16 21 22 27"
8266,TK-8266,"11 12 16 25 26 27"
8267,TK-8267,"11 12 17 18 20 26"
8268,TK-8268,"11 12 17 20 23 27"
8269,TK-8269,"11 12 18 21 22 26"
8270,TK-8270,"11 12 18 23 25 27"
8271,TK-8271,"11 13 14 15 24 26"
8272,TK-8272,"11 13 14 20 24 25"
8273,TK-8273,"11 13 15 18 19 26"
8274,TK-8274,"11 13 15 19 23 25"
8275,TK-8275,"11 13 16 20 22 26"
8276,TK-8276,"11 13 16 21 23 26"
8277,TK-8277,"11 13 17 20 21 23"
8278,TK-8278,"11 13 17 25 26 27"
8279,TK-8279,"11 13 18 19 22 23"
8280,TK-8280,"11 13 18 21 22 24"
8281,TK-8281,"11 13 18 24 25 26"
8282,TK-8282,"11 13 20 21 24 27"
8283,TK-8283,"11 14 15 16 20 27"
8284,TK-8284,"11 14 15 17 20 24"
8285,TK-8285,"11 14 15 19 25 27"
8286,TK-8286,"11 14 16 17 19 25"
8287,TK-8287,"11 14 16 17 24 27"
8288,TK-8288,"11 14 16 19 22 23"
8289,TK-8289,"11 14 16 21 24 25"
8290,TK-8290,"11 14 16 23 25 27"
8291,TK-8291,"11 14 17 19 20 22"
8292,TK-8292,"11 14 18 22 23 26"
8293,TK-8293,"11 14 19 24 26 27"
8294,TK-8294,"11 14 20 21 24 26"
8295,TK-8295,"11 15 16 20 21 26"
8296,TK-8296,"11 15 17 18 22 25"
8297,TK-8297,"11 15 17 21 23 25"
8298,TK-8298,"11 15 18 21 22 27"
8299,TK-8299,"11 15 19 20 24 26"
8300,TK-8300,"11 16 17 18 22 26"
8301,TK-8301,"11 16 19 20 22 24"
8302,TK-8302,"11 17 18 22 23 27"
8303,TK-8303,"11 18 19 25 26 27"
8304,TK-8304,"12 13 14 15 22 24"
8305,TK-8305,"12 13 14 16 18 27"
8306,TK-8306,"12 13 14 19 23 24"
8307,TK-8307,"12 13 15 17 18 27"
8308,TK-8308,"12 13 15 20 21 25"
8309,TK-8309,"12 13 15 21 23 26"
8310,TK-8310,"12 13 15 21 24 27"
8311,TK-8311,"12 13 16 21 22 25"
8312,TK-8312,"12 13 16 22 24 26"
8313,TK-8313,"12 13 17 19 20 24"
8314,TK-8314,"12 13 17 19 23 27"
8315,TK-8315,"12 13 17 21 25 26"
8316,TK-8316,"12 13 18 19 24 26"
8317,TK-8317,"12 13 18 20 25 26"
8318,TK-8318,"12 13 18 22 26 27"
8319,TK-8319,"12 13 19 20 21 27"
8320,TK-8320,"12 14 15 16 19 21"
8321,TK-8321,"12 14 15 16 20 22"
8322,TK-8322,"12 14 15 19 23 27"
8323,TK-8323,"12 14 15 21 25 27"
8324,TK-8324,"12 14 16 19 20 26"
8325,TK-8325,"12 14 16 21 23 26"
8326,TK-8326,"12 14 16 24 25 27"
8327,TK-8327,"12 14 17 18 23 25"
8328,TK-8328,"12 14 17 22 23 27"
8329,TK-8329,"12 14 17 22 25 26"
8330,TK-8330,"12 14 20 22 24 25"
8331,TK-8331,"12 15 16 19 24 25"
8332,TK-8332,"12 15 17 18 19 20"
8333,TK-8333,"12 15 17 18 21 26"
8334,TK-8334,"12 15 17 19 23 25"
8335,TK-8335,"12 15 17 22 23 26"
8336,TK-8336,"12 15 17 24 25 27"
8337,TK-8337,"12 15 18 22 24 25"
8338,TK-8338,"12 16 17 21 24 25"
8339,TK-8339,"12 16 18 23 24 27"
8340,TK-8340,"12 18 20 22 23 26"
8341,TK-8341,"13 14 15 18 19 25"
8342,TK-8342,"13 14 15 20 22 27"
8343,TK-8343,"13 14 16 19 24 27"
8344,TK-8344,"13 14 16 20 23 24"
8345,TK-8345,"13 14 16 22 25 26"
8346,TK-8346,"13 14 17 18 21 24"
8347,TK-8347,"13 14 17 21 22 26"
8348,TK-8348,"13 14 17 21 23 27"
8349,TK-8349,"13 14 18 20 21 25"
8350,TK-8350,"13 14 18 21 23 26"
8351,TK-8351,"13 14 18 23 25 27"
8352,TK-8352,"13 14 19 21 25 26"
8353,TK-8353,"13 14 19 22 23 26"
8354,TK-8354,"13 14 19 22 25 27"
8355,TK-8355,"13 15 16 20 25 26"
8356,TK-8356,"13 15 16 21 22 27"
8357,TK-8357,"13 15 17 19 20 22"
8358,TK-8358,"13 15 17 23 24 25"
8359,TK-8359,"13 15 18 19 21 22"
8360,TK-8360,"13 15 18 22 23 24"
8361,TK-8361,"13 15 18 22 25 26"
8362,TK-8362,"13 15 18 23 26 27"
8363,TK-8363,"13 16 17 20 24 27"
8364,TK-8364,"13 16 17 23 25 27"
8365,TK-8365,"13 16 18 22 24 25"
8366,TK-8366,"13 16 19 23 25 26"
8367,TK-8367,"13 17 19 22 24 26"
8368,TK-8368,"13 17 20 21 22 25"
8369,TK-8369,"14 15 16 17 24 25"
8370,TK-8370,"14 15 16 21 22 23"
8371,TK-8371,"14 15 17 20 23 27"
8372,TK-8372,"14 15 17 22 24 26"
8373,TK-8373,"14 15 18 19 21 24"
8374,TK-8374,"14 15 19 23 25 26"
8375,TK-8375,"14 16 17 18 26 27"
8376,TK-8376,"14 16 17 20 21 23"
8377,TK-8377,"14 16 18 19 23 27"
8378,TK-8378,"14 16 18 20 25 26"
8379,TK-8379,"14 16 23 24 26 27"
8380,TK-8380,"14 17 18 20 22 23"
8381,TK-8381,"14 17 21 22 24 27"
8382,TK-8382,"15 16 17 21 25 26"
8383,TK-8383,"15 16 18 19 22 23"
8384,TK-8384,"15 16 18 20 21 24"
8385,TK-8385,"15 16 18 21 25 27"
8386,TK-8386,"15 16 18 22 24 26"
8387,TK-8387,"15 16 19 21 24 27"
8388,TK-8388,"15 16 19 22 26 27"
8389,TK-8389,"15 17 18 22 26 27"
8390,TK-8390,"15 17 19 23 26 27"
8391,TK-8391,"15 17 20 21 26 27"
8392,TK-8392,"15 18 20 22 23 25"
8393,TK-8393,"16 17 18 20 23 25"
8394,TK-8394,"16 17 19 21 24 26"
8395,TK-8395,"16 17 19 22 23 27"
8396,TK-8396,"16 18 20 21 26 27"
8397,TK-8397,"22 23 24 25 26 27"
